alert_id,week,run_step,account_id,risk_level,risk_score,evidence_strength,families_fired,alert_weeks_to_date,risk_category,primary_signal,supporting_signals,fired_signals,evidence,transaction_value,transaction_count,status,period
ALT-W05-09987,5,35,9987,CRITICAL,99.99,Limited,4,1,Velocity anomaly,VEL-01 High absolute velocity,"BEH-01 Velocity spike vs own baseline, BEH-02 New-counterparty burst, AML-03 Circular flow, NET-01 Fan-in collector, NET-02 Fan-out distributor, NET-03 Flow centrality (PageRank)","VEL-01, BEH-01, BEH-02, AML-03, NET-01, NET-02, NET-03",weekly transaction count = 25 (contribution +5.26) [VEL-01 fired] | velocity vs own history = 4 (contribution +0.38) [BEH-01 fired] | circular-flow participation = 1 (contribution +0.35) [AML-03 fired] | distinct receivers (28d) = 11 (contribution +0.05) [NET-02 fired],6693.700000000001,25.0,New,dev
ALT-W05-09989,5,35,9989,CRITICAL,99.952,Limited,3,1,Velocity anomaly,VEL-01 High absolute velocity,"BEH-01 Velocity spike vs own baseline, BEH-02 New-counterparty burst, NET-01 Fan-in collector, NET-02 Fan-out distributor, NET-03 Flow centrality (PageRank)","VEL-01, BEH-01, BEH-02, NET-01, NET-02, NET-03",weekly transaction count = 22 (contribution +4.98) [VEL-01 fired] | velocity vs own history = 3.632 (contribution +0.34) [BEH-01 fired] | distinct receivers (28d) = 11 (contribution +0.05) [NET-02 fired],5962.55,22.0,New,dev
ALT-W05-09986,5,35,9986,CRITICAL,99.95,Limited,4,1,Velocity anomaly,VEL-01 High absolute velocity,"BEH-02 New-counterparty burst, AML-03 Circular flow, NET-01 Fan-in collector, NET-02 Fan-out distributor, NET-03 Flow centrality (PageRank)","VEL-01, BEH-02, AML-03, NET-01, NET-02, NET-03",weekly transaction count = 21 (contribution +4.88) [VEL-01 fired] | circular-flow participation = 1 (contribution +0.35) [AML-03 fired] | velocity vs own history = 1.737 (contribution +0.07) | distinct receivers (28d) = 11 (contribution +0.05) [NET-02 fired],5202.66,21.0,New,dev
ALT-W05-09985,5,35,9985,CRITICAL,99.92,Limited,4,1,Velocity anomaly,VEL-01 High absolute velocity,"BEH-02 New-counterparty burst, AML-03 Circular flow, NET-01 Fan-in collector, NET-02 Fan-out distributor, NET-03 Flow centrality (PageRank)","VEL-01, BEH-02, AML-03, NET-01, NET-02, NET-03",weekly transaction count = 18 (contribution +4.56) [VEL-01 fired] | circular-flow participation = 1 (contribution +0.35) [AML-03 fired] | velocity vs own history = 2.375 (contribution +0.18) | distinct receivers (28d) = 11 (contribution +0.05) [NET-02 fired],5596.950000000001,18.0,New,dev
ALT-W05-09990,5,35,9990,CRITICAL,99.912,Limited,3,1,Velocity anomaly,VEL-01 High absolute velocity,"BEH-02 New-counterparty burst, NET-01 Fan-in collector, NET-02 Fan-out distributor, NET-03 Flow centrality (PageRank)","VEL-01, BEH-02, NET-01, NET-02, NET-03",weekly transaction count = 20 (contribution +4.78) [VEL-01 fired] | velocity vs own history = 3 (contribution +0.26) | distinct receivers (28d) = 11 (contribution +0.05) [NET-02 fired],4667.55,20.0,New,dev
ALT-W05-09988,5,35,9988,HIGH,99.857,Limited,3,1,Velocity anomaly,VEL-01 High absolute velocity,"BEH-01 Velocity spike vs own baseline, BEH-02 New-counterparty burst, NET-01 Fan-in collector, NET-02 Fan-out distributor, NET-03 Flow centrality (PageRank)","VEL-01, BEH-01, BEH-02, NET-01, NET-02, NET-03",weekly transaction count = 17 (contribution +4.44) [VEL-01 fired] | velocity vs own history = 3.375 (contribution +0.31) [BEH-01 fired] | distinct receivers (28d) = 10 (contribution +0.04) [NET-02 fired],4455.75,17.0,New,dev
ALT-W05-09994,5,35,9994,HIGH,99.835,Limited,4,1,Velocity anomaly,VEL-01 High absolute velocity,"BEH-01 Velocity spike vs own baseline, BEH-02 New-counterparty burst, AML-01 Rapid pass-through, NET-02 Fan-out distributor","VEL-01, BEH-01, BEH-02, AML-01, NET-02",weekly transaction count = 15 (contribution +4.18) [VEL-01 fired] | velocity vs own history = 4.8 (contribution +0.46) [BEH-01 fired] | distinct receivers (28d) = 11 (contribution +0.05) [NET-02 fired],4886.63,15.0,New,dev
ALT-W05-09999,5,35,9999,HIGH,99.826,Limited,3,1,Velocity anomaly,VEL-01 High absolute velocity,"BEH-02 New-counterparty burst, NET-02 Fan-out distributor","VEL-01, BEH-02, NET-02",weekly transaction count = 17 (contribution +4.44) [VEL-01 fired] | velocity vs own history = 2 (contribution +0.11) | distinct receivers (28d) = 22 (contribution +0.06) [NET-02 fired],5382.97,17.0,New,dev
ALT-W05-09998,5,35,9998,HIGH,99.823,Limited,3,1,Velocity anomaly,VEL-01 High absolute velocity,"BEH-02 New-counterparty burst, NET-02 Fan-out distributor","VEL-01, BEH-02, NET-02",weekly transaction count = 17 (contribution +4.44) [VEL-01 fired] | velocity vs own history = 1.8 (contribution +0.08) | distinct receivers (28d) = 22 (contribution +0.06) [NET-02 fired],5659.9800000000005,17.0,New,dev
ALT-W05-09984,5,35,9984,HIGH,99.811,Limited,3,1,Velocity anomaly,VEL-01 High absolute velocity,"BEH-02 New-counterparty burst, NET-01 Fan-in collector, NET-02 Fan-out distributor, NET-03 Flow centrality (PageRank)","VEL-01, BEH-02, NET-01, NET-02, NET-03",weekly transaction count = 17 (contribution +4.44) [VEL-01 fired] | distinct receivers (28d) = 11 (contribution +0.05) [NET-02 fired] | velocity vs own history = 1.588 (contribution +0.04),3998.9700000000003,17.0,New,dev
ALT-W05-19971,5,35,19971,HIGH,99.777,Limited,4,1,Velocity anomaly,VEL-01 High absolute velocity,"TXN-01 Large transaction, BEH-02 New-counterparty burst, NET-01 Fan-in collector, NET-03 Flow centrality (PageRank)","TXN-01, VEL-01, BEH-02, NET-01, NET-03",weekly transaction count = 14 (contribution +4.03) [VEL-01 fired] | velocity vs own history = 3.158 (contribution +0.29),3743.05,14.0,New,dev
ALT-W05-09922,5,35,9922,HIGH,99.737,Limited,2,1,Velocity anomaly,VEL-01 High absolute velocity,"BEH-01 Velocity spike vs own baseline, BEH-02 New-counterparty burst","VEL-01, BEH-01, BEH-02",weekly transaction count = 11 (contribution +3.53) [VEL-01 fired] | velocity vs own history = 5.333 (contribution +0.51) [BEH-01 fired] | distinct receivers (28d) = 6 (contribution +0.03),2618.67,11.0,New,dev
ALT-W05-09992,5,35,9992,HIGH,99.729,Limited,4,1,Velocity anomaly,VEL-01 High absolute velocity,"BEH-01 Velocity spike vs own baseline, BEH-02 New-counterparty burst, AML-03 Circular flow, NET-02 Fan-out distributor","VEL-01, BEH-01, BEH-02, AML-03, NET-02",weekly transaction count = 10 (contribution +3.34) [VEL-01 fired] | circular-flow participation = 1 (contribution +0.35) [AML-03 fired] | velocity vs own history = 3.3 (contribution +0.30) [BEH-01 fired] | distinct receivers (28d) = 12 (contribution +0.05) [NET-02 fired],2315.7200000000003,10.0,New,dev
ALT-W05-09991,5,35,9991,HIGH,99.727,Limited,4,1,Velocity anomaly,VEL-01 High absolute velocity,"BEH-01 Velocity spike vs own baseline, BEH-02 New-counterparty burst, AML-03 Circular flow, NET-02 Fan-out distributor","VEL-01, BEH-01, BEH-02, AML-03, NET-02",weekly transaction count = 10 (contribution +3.34) [VEL-01 fired] | circular-flow participation = 1 (contribution +0.35) [AML-03 fired] | velocity vs own history = 3.3 (contribution +0.30) [BEH-01 fired] | distinct receivers (28d) = 11 (contribution +0.05) [NET-02 fired],3253.2299999999996,10.0,New,dev
ALT-W05-19972,5,35,19972,HIGH,99.724,Limited,3,1,Velocity anomaly,VEL-01 High absolute velocity,"BEH-01 Velocity spike vs own baseline, BEH-02 New-counterparty burst, NET-01 Fan-in collector, NET-03 Flow centrality (PageRank)","VEL-01, BEH-01, BEH-02, NET-01, NET-03",weekly transaction count = 12 (contribution +3.71) [VEL-01 fired] | velocity vs own history = 3.714 (contribution +0.35) [BEH-01 fired],4449.74,12.0,New,dev
ALT-W05-19970,5,35,19970,HIGH,99.719,Limited,3,1,Velocity anomaly,VEL-01 High absolute velocity,"BEH-02 New-counterparty burst, NET-01 Fan-in collector, NET-03 Flow centrality (PageRank)","VEL-01, BEH-02, NET-01, NET-03",weekly transaction count = 13 (contribution +3.88) [VEL-01 fired] | velocity vs own history = 2.333 (contribution +0.17),4063.93,13.0,New,dev
ALT-W05-09993,5,35,9993,HIGH,99.714,Limited,3,1,Velocity anomaly,VEL-01 High absolute velocity,"BEH-02 New-counterparty burst, NET-02 Fan-out distributor, NET-03 Flow centrality (PageRank)","VEL-01, BEH-02, NET-02, NET-03",weekly transaction count = 13 (contribution +3.88) [VEL-01 fired] | velocity vs own history = 1.75 (contribution +0.07) | distinct receivers (28d) = 11 (contribution +0.05) [NET-02 fired],3291.43,13.0,New,dev
ALT-W05-09995,5,35,9995,MEDIUM,99.667,Limited,3,1,Velocity anomaly,VEL-01 High absolute velocity,"BEH-01 Velocity spike vs own baseline, BEH-02 New-counterparty burst, NET-02 Fan-out distributor","VEL-01, BEH-01, BEH-02, NET-02",weekly transaction count = 10 (contribution +3.34) [VEL-01 fired] | velocity vs own history = 4.125 (contribution +0.40) [BEH-01 fired] | distinct receivers (28d) = 11 (contribution +0.05) [NET-02 fired],3831.7700000000004,10.0,New,dev
ALT-W05-09808,5,35,9808,MEDIUM,99.657,Limited,3,1,Velocity anomaly,VEL-01 High absolute velocity,"BEH-01 Velocity spike vs own baseline, BEH-02 New-counterparty burst, NET-03 Flow centrality (PageRank)","VEL-01, BEH-01, BEH-02, NET-03",weekly transaction count = 10 (contribution +3.34) [VEL-01 fired] | velocity vs own history = 3.667 (contribution +0.35) [BEH-01 fired] | distinct receivers (28d) = 5 (contribution +0.03),3526.34,10.0,New,dev
ALT-W05-09920,5,35,9920,MEDIUM,99.655,Limited,3,1,Velocity anomaly,VEL-01 High absolute velocity,"BEH-02 New-counterparty burst, NET-01 Fan-in collector, NET-03 Flow centrality (PageRank)","VEL-01, BEH-02, NET-01, NET-03",weekly transaction count = 11 (contribution +3.53) [VEL-01 fired] | velocity vs own history = 2.4 (contribution +0.18),2567.97,11.0,New,dev
ALT-W05-09473,5,35,9473,MEDIUM,99.652,Limited,2,1,Velocity anomaly,VEL-01 High absolute velocity,"BEH-01 Velocity spike vs own baseline, BEH-02 New-counterparty burst","VEL-01, BEH-01, BEH-02",weekly transaction count = 10 (contribution +3.34) [VEL-01 fired] | velocity vs own history = 3.667 (contribution +0.35) [BEH-01 fired] | distinct receivers (28d) = 3 (contribution +0.01),1259.3600000000001,10.0,New,dev
ALT-W05-19975,5,35,19975,MEDIUM,99.639,Limited,3,1,Velocity anomaly,VEL-01 High absolute velocity,"BEH-02 New-counterparty burst, NET-01 Fan-in collector, NET-03 Flow centrality (PageRank)","VEL-01, BEH-02, NET-01, NET-03",weekly transaction count = 11 (contribution +3.53) [VEL-01 fired] | velocity vs own history = 2.182 (contribution +0.14),3089.17,11.0,New,dev
ALT-W05-09996,5,35,9996,MEDIUM,99.625,Limited,3,1,Velocity anomaly,VEL-01 High absolute velocity,"BEH-02 New-counterparty burst, NET-02 Fan-out distributor","VEL-01, BEH-02, NET-02",weekly transaction count = 10 (contribution +3.34) [VEL-01 fired] | velocity vs own history = 2.75 (contribution +0.23) | distinct receivers (28d) = 11 (contribution +0.05) [NET-02 fired],3432.7000000000003,10.0,New,dev
ALT-W05-19987,5,35,19987,MEDIUM,99.598,Limited,3,1,Velocity anomaly,VEL-01 High absolute velocity,"BEH-02 New-counterparty burst, NET-01 Fan-in collector, NET-03 Flow centrality (PageRank)","VEL-01, BEH-02, NET-01, NET-03",weekly transaction count = 10 (contribution +3.34) [VEL-01 fired] | velocity vs own history = 2.444 (contribution +0.19),2723.66,10.0,New,dev
ALT-W05-09981,5,35,9981,MEDIUM,99.578,Limited,3,1,Velocity anomaly,VEL-01 High absolute velocity,"BEH-02 New-counterparty burst, NET-02 Fan-out distributor","VEL-01, BEH-02, NET-02",weekly transaction count = 9 (contribution +3.13) [VEL-01 fired] | velocity vs own history = 2.857 (contribution +0.25) | distinct receivers (28d) = 11 (contribution +0.05) [NET-02 fired],2253.3,9.0,New,dev
ALT-W05-09890,5,35,9890,MEDIUM,99.557,Limited,3,1,Velocity anomaly,VEL-01 High absolute velocity,"BEH-02 New-counterparty burst, NET-03 Flow centrality (PageRank)","VEL-01, BEH-02, NET-03",weekly transaction count = 9 (contribution +3.13) [VEL-01 fired] | velocity vs own history = 2.727 (contribution +0.23) | distinct receivers (28d) = 4 (contribution +0.02),2765.54,9.0,New,dev
ALT-W05-19954,5,35,19954,MEDIUM,99.546,Limited,3,1,Velocity anomaly,VEL-01 High absolute velocity,"BEH-02 New-counterparty burst, NET-01 Fan-in collector, NET-03 Flow centrality (PageRank)","VEL-01, BEH-02, NET-01, NET-03",weekly transaction count = 9 (contribution +3.13) [VEL-01 fired] | velocity vs own history = 2.857 (contribution +0.25),2276.7,9.0,New,dev
ALT-W05-09748,5,35,9748,MEDIUM,99.543,Limited,2,1,Velocity anomaly,VEL-01 High absolute velocity,"BEH-01 Velocity spike vs own baseline, BEH-02 New-counterparty burst","VEL-01, BEH-01, BEH-02",weekly transaction count = 8 (contribution +2.89) [VEL-01 fired] | velocity vs own history = 4.5 (contribution +0.43) [BEH-01 fired] | distinct receivers (28d) = 4 (contribution +0.02),2527.42,8.0,New,dev
ALT-W05-05058,5,35,5058,MEDIUM,99.53,Limited,2,1,Velocity anomaly,VEL-01 High absolute velocity,AML-01 Rapid pass-through,"VEL-01, AML-01",weekly transaction count = 7 (contribution +2.63) [VEL-01 fired] | velocity vs own history = 8 (contribution +0.69),1107.62,7.0,New,dev
ALT-W05-09924,5,35,9924,MEDIUM,99.523,Limited,3,1,Velocity anomaly,VEL-01 High absolute velocity,"BEH-02 New-counterparty burst, NET-03 Flow centrality (PageRank)","VEL-01, BEH-02, NET-03",weekly transaction count = 9 (contribution +3.13) [VEL-01 fired] | velocity vs own history = 2.222 (contribution +0.15) | distinct receivers (28d) = 5 (contribution +0.03),2174.11,9.0,New,dev
ALT-W05-09997,5,35,9997,MEDIUM,99.516,Limited,3,1,Velocity anomaly,VEL-01 High absolute velocity,"BEH-02 New-counterparty burst, NET-02 Fan-out distributor","VEL-01, BEH-02, NET-02",weekly transaction count = 9 (contribution +3.13) [VEL-01 fired] | velocity vs own history = 2 (contribution +0.11) | distinct receivers (28d) = 11 (contribution +0.05) [NET-02 fired],2421.88,9.0,New,dev
ALT-W05-09936,5,35,9936,MEDIUM,99.515,Limited,4,1,Velocity anomaly,VEL-01 High absolute velocity,"TXN-01 Large transaction, BEH-02 New-counterparty burst, NET-01 Fan-in collector, NET-03 Flow centrality (PageRank)","TXN-01, VEL-01, BEH-02, NET-01, NET-03",weekly transaction count = 9 (contribution +3.13) [VEL-01 fired] | velocity vs own history = 2.308 (contribution +0.16),3063.82,9.0,New,dev
ALT-W05-09760,5,35,9760,MEDIUM,99.505,Limited,3,1,Velocity anomaly,VEL-01 High absolute velocity,"BEH-01 Velocity spike vs own baseline, BEH-02 New-counterparty burst, NET-03 Flow centrality (PageRank)","VEL-01, BEH-01, BEH-02, NET-03",weekly transaction count = 8 (contribution +2.89) [VEL-01 fired] | velocity vs own history = 4 (contribution +0.38) [BEH-01 fired],1800.46,8.0,New,dev
ALT-W05-09888,5,35,9888,MEDIUM,99.497,Limited,3,1,Velocity anomaly,VEL-01 High absolute velocity,"BEH-02 New-counterparty burst, NET-01 Fan-in collector, NET-03 Flow centrality (PageRank)","VEL-01, BEH-02, NET-01, NET-03",weekly transaction count = 9 (contribution +3.13) [VEL-01 fired] | velocity vs own history = 2 (contribution +0.11) | distinct receivers (28d) = 3 (contribution +0.01),2667.91,9.0,New,dev
ALT-W05-19985,5,35,19985,MEDIUM,99.472,Limited,3,1,Velocity anomaly,VEL-01 High absolute velocity,"BEH-02 New-counterparty burst, NET-01 Fan-in collector, NET-03 Flow centrality (PageRank)","VEL-01, BEH-02, NET-01, NET-03",weekly transaction count = 9 (contribution +3.13) [VEL-01 fired] | velocity vs own history = 2 (contribution +0.11),1807.55,9.0,New,dev
ALT-W05-09926,5,35,9926,MEDIUM,99.442,Limited,2,1,Velocity anomaly,VEL-01 High absolute velocity,"BEH-01 Velocity spike vs own baseline, BEH-02 New-counterparty burst","VEL-01, BEH-01, BEH-02",weekly transaction count = 7 (contribution +2.63) [VEL-01 fired] | velocity vs own history = 5.333 (contribution +0.51) [BEH-01 fired] | distinct receivers (28d) = 4 (contribution +0.02),2196.42,7.0,New,dev
ALT-W05-09956,5,35,9956,MEDIUM,99.424,Limited,3,1,Velocity anomaly,VEL-01 High absolute velocity,"BEH-02 New-counterparty burst, NET-03 Flow centrality (PageRank)","VEL-01, BEH-02, NET-03",weekly transaction count = 8 (contribution +2.89) [VEL-01 fired] | velocity vs own history = 2.7 (contribution +0.22) | distinct receivers (28d) = 2 (contribution +0.01),2424.21,8.0,New,dev
ALT-W05-19973,5,35,19973,LOW,99.393,Limited,3,1,Velocity anomaly,VEL-01 High absolute velocity,"BEH-02 New-counterparty burst, NET-01 Fan-in collector, NET-03 Flow centrality (PageRank)","VEL-01, BEH-02, NET-01, NET-03",weekly transaction count = 8 (contribution +2.89) [VEL-01 fired] | velocity vs own history = 2.571 (contribution +0.21),2521.89,8.0,New,dev
ALT-W05-08969,5,35,8969,LOW,99.367,Limited,2,1,Velocity anomaly,VEL-01 High absolute velocity,BEH-01 Velocity spike vs own baseline,"VEL-01, BEH-01",weekly transaction count = 7 (contribution +2.63) [VEL-01 fired] | velocity vs own history = 4 (contribution +0.38) [BEH-01 fired] | distinct receivers (28d) = 3 (contribution +0.01),1851.27,7.0,New,dev
ALT-W05-09980,5,35,9980,LOW,99.354,Limited,3,1,Velocity anomaly,VEL-01 High absolute velocity,"BEH-02 New-counterparty burst, NET-02 Fan-out distributor","VEL-01, BEH-02, NET-02",weekly transaction count = 8 (contribution +2.89) [VEL-01 fired] | velocity vs own history = 1.8 (contribution +0.08) | distinct receivers (28d) = 11 (contribution +0.05) [NET-02 fired],2346.7000000000003,8.0,New,dev
ALT-W05-09978,5,35,9978,LOW,99.28,Limited,3,1,Velocity anomaly,VEL-01 High absolute velocity,"BEH-02 New-counterparty burst, NET-02 Fan-out distributor","VEL-01, BEH-02, NET-02",weekly transaction count = 8 (contribution +2.89) [VEL-01 fired] | distinct receivers (28d) = 11 (contribution +0.05) [NET-02 fired] | velocity vs own history = 1.5 (contribution +0.02),2737.54,8.0,New,dev
ALT-W05-09863,5,35,9863,LOW,99.268,Limited,3,1,Velocity anomaly,VEL-01 High absolute velocity,"BEH-02 New-counterparty burst, AML-01 Rapid pass-through","VEL-01, BEH-02, AML-01",weekly transaction count = 7 (contribution +2.63) [VEL-01 fired] | velocity vs own history = 3.2 (contribution +0.29) | distinct receivers (28d) = 5 (contribution +0.03),1898.09,7.0,New,dev
ALT-W05-19843,5,35,19843,LOW,99.236,Limited,3,1,Velocity anomaly,VEL-01 High absolute velocity,"BEH-01 Velocity spike vs own baseline, BEH-02 New-counterparty burst, NET-03 Flow centrality (PageRank)","VEL-01, BEH-01, BEH-02, NET-03",weekly transaction count = 7 (contribution +2.63) [VEL-01 fired] | velocity vs own history = 3.429 (contribution +0.32) [BEH-01 fired],2057.31,7.0,New,dev
ALT-W05-09861,5,35,9861,LOW,99.187,Limited,2,1,Velocity anomaly,VEL-01 High absolute velocity,BEH-02 New-counterparty burst,"VEL-01, BEH-02",weekly transaction count = 7 (contribution +2.63) [VEL-01 fired] | velocity vs own history = 2.667 (contribution +0.22) | distinct receivers (28d) = 4 (contribution +0.02),2128.2200000000003,7.0,New,dev
ALT-W05-09927,5,35,9927,LOW,99.178,Limited,3,1,Velocity anomaly,VEL-01 High absolute velocity,"TXN-01 Large transaction, BEH-02 New-counterparty burst","TXN-01, VEL-01, BEH-02",weekly transaction count = 7 (contribution +2.63) [VEL-01 fired] | velocity vs own history = 2.667 (contribution +0.22) | distinct receivers (28d) = 2 (contribution +0.01),2236.3500000000004,7.0,New,dev
ALT-W05-09982,5,35,9982,LOW,99.163,Limited,3,1,Velocity anomaly,VEL-01 High absolute velocity,"BEH-02 New-counterparty burst, NET-02 Fan-out distributor","VEL-01, BEH-02, NET-02",weekly transaction count = 7 (contribution +2.63) [VEL-01 fired] | velocity vs own history = 2.286 (contribution +0.16) | distinct receivers (28d) = 11 (contribution +0.05) [NET-02 fired],2682.54,7.0,New,dev
ALT-W05-09952,5,35,9952,LOW,99.126,Limited,3,1,Velocity anomaly,VEL-01 High absolute velocity,"BEH-02 New-counterparty burst, NET-01 Fan-in collector, NET-03 Flow centrality (PageRank)","VEL-01, BEH-02, NET-01, NET-03",weekly transaction count = 8 (contribution +2.89) [VEL-01 fired] | distinct receivers (28d) = 3 (contribution +0.01),2224.6400000000003,8.0,New,dev
ALT-W05-09875,5,35,9875,LOW,99.105,Limited,2,1,Velocity anomaly,VEL-01 High absolute velocity,"BEH-01 Velocity spike vs own baseline, BEH-02 New-counterparty burst","VEL-01, BEH-01, BEH-02",weekly transaction count = 6 (contribution +2.33) [VEL-01 fired] | velocity vs own history = 4.667 (contribution +0.45) [BEH-01 fired],1626.1,6.0,New,dev
ALT-W05-09602,5,35,9602,LOW,99.091,Limited,3,1,Velocity anomaly,VEL-01 High absolute velocity,"BEH-02 New-counterparty burst, NET-03 Flow centrality (PageRank)","VEL-01, BEH-02, NET-03",weekly transaction count = 7 (contribution +2.63) [VEL-01 fired] | velocity vs own history = 2 (contribution +0.11) | distinct receivers (28d) = 4 (contribution +0.02),2113.48,7.0,New,dev
ALT-W05-09873,5,35,9873,LOW,99.084,Limited,3,1,Velocity anomaly,VEL-01 High absolute velocity,"BEH-02 New-counterparty burst, NET-03 Flow centrality (PageRank)","VEL-01, BEH-02, NET-03",weekly transaction count = 7 (contribution +2.63) [VEL-01 fired] | velocity vs own history = 2 (contribution +0.11) | distinct receivers (28d) = 3 (contribution +0.01),1883.49,7.0,New,dev
ALT-W05-09983,5,35,9983,LOW,99.02,Limited,3,1,Velocity anomaly,VEL-01 High absolute velocity,"BEH-02 New-counterparty burst, NET-02 Fan-out distributor","VEL-01, BEH-02, NET-02",weekly transaction count = 7 (contribution +2.63) [VEL-01 fired] | distinct receivers (28d) = 11 (contribution +0.05) [NET-02 fired] | velocity vs own history = 1.6 (contribution +0.04),2768.78,7.0,New,dev
ALT-W05-09793,5,35,9793,LOW,99.017,Limited,3,1,Velocity anomaly,VEL-01 High absolute velocity,"BEH-02 New-counterparty burst, NET-01 Fan-in collector, NET-03 Flow centrality (PageRank)","VEL-01, BEH-02, NET-01, NET-03",weekly transaction count = 7 (contribution +2.63) [VEL-01 fired] | velocity vs own history = 1.714 (contribution +0.06) | distinct receivers (28d) = 4 (contribution +0.02),2188.67,7.0,New,dev
ALT-W05-09943,5,35,9943,LOW,99.01,Limited,3,1,Velocity anomaly,VEL-01 High absolute velocity,"BEH-02 New-counterparty burst, NET-02 Fan-out distributor","VEL-01, BEH-02, NET-02",weekly transaction count = 7 (contribution +2.63) [VEL-01 fired] | velocity vs own history = 1.6 (contribution +0.04) | distinct receivers (28d) = 8 (contribution +0.04) [NET-02 fired],1791.9199999999998,7.0,New,dev
ALT-W06-09985,6,42,9985,CRITICAL,99.954,Moderate,4,2,Velocity anomaly,VEL-01 High absolute velocity,"BEH-02 New-counterparty burst, AML-03 Circular flow, NET-01 Fan-in collector, NET-02 Fan-out distributor, NET-03 Flow centrality (PageRank)","VEL-01, BEH-02, AML-03, NET-01, NET-02, NET-03",weekly transaction count = 19 (contribution +4.67) [VEL-01 fired] | circular-flow participation = 2 (contribution +0.55) [AML-03 fired] | velocity vs own history = 1.961 (contribution +0.11) | distinct receivers (28d) = 18 (contribution +0.06) [NET-02 fired],5675.82,19.0,New,dev
ALT-W06-09991,6,42,9991,CRITICAL,99.944,Moderate,4,2,Velocity anomaly,VEL-01 High absolute velocity,"BEH-01 Velocity spike vs own baseline, BEH-02 New-counterparty burst, AML-03 Circular flow, NET-01 Fan-in collector, NET-02 Fan-out distributor","VEL-01, BEH-01, BEH-02, AML-03, NET-01, NET-02",weekly transaction count = 18 (contribution +4.56) [VEL-01 fired] | circular-flow participation = 1 (contribution +0.35) [AML-03 fired] | velocity vs own history = 3.619 (contribution +0.34) [BEH-01 fired] | distinct receivers (28d) = 18 (contribution +0.06) [NET-02 fired],5740.6,18.0,New,dev
ALT-W06-09989,6,42,9989,CRITICAL,99.908,Moderate,3,2,Velocity anomaly,VEL-01 High absolute velocity,"BEH-02 New-counterparty burst, NET-01 Fan-in collector, NET-02 Fan-out distributor, NET-03 Flow centrality (PageRank)","VEL-01, BEH-02, NET-01, NET-02, NET-03",weekly transaction count = 21 (contribution +4.88) [VEL-01 fired] | velocity vs own history = 2.095 (contribution +0.13) | distinct receivers (28d) = 19 (contribution +0.06) [NET-02 fired],5565.66,21.0,New,dev
ALT-W06-09986,6,42,9986,HIGH,99.883,Moderate,4,2,Velocity anomaly,VEL-01 High absolute velocity,"BEH-02 New-counterparty burst, AML-03 Circular flow, NET-01 Fan-in collector, NET-02 Fan-out distributor, NET-03 Flow centrality (PageRank)","VEL-01, BEH-02, AML-03, NET-01, NET-02, NET-03",weekly transaction count = 18 (contribution +4.56) [VEL-01 fired] | circular-flow participation = 1 (contribution +0.35) [AML-03 fired] | distinct receivers (28d) = 18 (contribution +0.06) [NET-02 fired],4464.76,18.0,New,dev
ALT-W06-09992,6,42,9992,HIGH,99.872,Moderate,4,2,Velocity anomaly,VEL-01 High absolute velocity,"BEH-02 New-counterparty burst, AML-03 Circular flow, NET-02 Fan-out distributor","VEL-01, BEH-02, AML-03, NET-02",weekly transaction count = 14 (contribution +4.03) [VEL-01 fired] | circular-flow participation = 2 (contribution +0.55) [AML-03 fired] | velocity vs own history = 2.857 (contribution +0.25) | distinct receivers (28d) = 19 (contribution +0.06) [NET-02 fired],3657.73,14.0,New,dev
ALT-W06-09984,6,42,9984,HIGH,99.862,Moderate,4,2,Velocity anomaly,VEL-01 High absolute velocity,"BEH-02 New-counterparty burst, AML-03 Circular flow, NET-01 Fan-in collector, NET-02 Fan-out distributor, NET-03 Flow centrality (PageRank)","VEL-01, BEH-02, AML-03, NET-01, NET-02, NET-03",weekly transaction count = 17 (contribution +4.44) [VEL-01 fired] | circular-flow participation = 1 (contribution +0.35) [AML-03 fired] | distinct receivers (28d) = 18 (contribution +0.06) [NET-02 fired],4464.51,17.0,New,dev
ALT-W06-19987,6,42,19987,HIGH,99.855,Moderate,3,2,Velocity anomaly,VEL-01 High absolute velocity,"BEH-02 New-counterparty burst, NET-01 Fan-in collector, NET-03 Flow centrality (PageRank)","VEL-01, BEH-02, NET-01, NET-03",weekly transaction count = 18 (contribution +4.56) [VEL-01 fired] | velocity vs own history = 2.85 (contribution +0.24),6717.24,18.0,New,dev
ALT-W06-09999,6,42,9999,HIGH,99.851,Moderate,3,2,Velocity anomaly,VEL-01 High absolute velocity,"BEH-02 New-counterparty burst, NET-02 Fan-out distributor","VEL-01, BEH-02, NET-02",weekly transaction count = 19 (contribution +4.67) [VEL-01 fired] | distinct receivers (28d) = 36 (contribution +0.08) [NET-02 fired] | velocity vs own history = 1.481 (contribution +0.01),5842.58,19.0,New,dev
ALT-W06-09987,6,42,9987,HIGH,99.849,Moderate,4,2,Velocity anomaly,VEL-01 High absolute velocity,"BEH-02 New-counterparty burst, AML-03 Circular flow, NET-01 Fan-in collector, NET-02 Fan-out distributor, NET-03 Flow centrality (PageRank)","VEL-01, BEH-02, AML-03, NET-01, NET-02, NET-03",weekly transaction count = 16 (contribution +4.31) [VEL-01 fired] | circular-flow participation = 1 (contribution +0.35) [AML-03 fired] | distinct receivers (28d) = 18 (contribution +0.06) [NET-02 fired] | velocity vs own history = 1.635 (contribution +0.05),3743.21,16.0,New,dev
ALT-W06-09998,6,42,9998,HIGH,99.815,Moderate,4,2,Velocity anomaly,VEL-01 High absolute velocity,"BEH-02 New-counterparty burst, AML-03 Circular flow, NET-02 Fan-out distributor","VEL-01, BEH-02, AML-03, NET-02",weekly transaction count = 15 (contribution +4.18) [VEL-01 fired] | circular-flow participation = 1 (contribution +0.35) [AML-03 fired] | distinct receivers (28d) = 36 (contribution +0.08) [NET-02 fired],5038.38,15.0,New,dev
ALT-W06-09988,6,42,9988,HIGH,99.789,Moderate,4,2,Velocity anomaly,VEL-01 High absolute velocity,"BEH-02 New-counterparty burst, AML-01 Rapid pass-through, NET-01 Fan-in collector, NET-02 Fan-out distributor, NET-03 Flow centrality (PageRank)","VEL-01, BEH-02, AML-01, NET-01, NET-02, NET-03",weekly transaction count = 15 (contribution +4.18) [VEL-01 fired] | velocity vs own history = 1.882 (contribution +0.09) | distinct receivers (28d) = 17 (contribution +0.06) [NET-02 fired],5052.02,15.0,New,dev
ALT-W06-09993,6,42,9993,HIGH,99.774,Moderate,4,2,Velocity anomaly,VEL-01 High absolute velocity,"TXN-01 Large transaction, BEH-02 New-counterparty burst, NET-01 Fan-in collector, NET-02 Fan-out distributor, NET-03 Flow centrality (PageRank)","TXN-01, VEL-01, BEH-02, NET-01, NET-02, NET-03",weekly transaction count = 15 (contribution +4.18) [VEL-01 fired] | distinct receivers (28d) = 18 (contribution +0.06) [NET-02 fired] | velocity vs own history = 1.455 (contribution +0.01),3485.0599999999995,15.0,New,dev
ALT-W06-09995,6,42,9995,HIGH,99.763,Moderate,3,2,Velocity anomaly,VEL-01 High absolute velocity,"BEH-02 New-counterparty burst, NET-02 Fan-out distributor","VEL-01, BEH-02, NET-02",weekly transaction count = 13 (contribution +3.88) [VEL-01 fired] | velocity vs own history = 2.947 (contribution +0.26) | distinct receivers (28d) = 18 (contribution +0.06) [NET-02 fired],4495.21,13.0,New,dev
ALT-W06-09990,6,42,9990,MEDIUM,99.661,Moderate,3,2,Velocity anomaly,VEL-01 High absolute velocity,"BEH-02 New-counterparty burst, NET-01 Fan-in collector, NET-02 Fan-out distributor, NET-03 Flow centrality (PageRank)","VEL-01, BEH-02, NET-01, NET-02, NET-03",weekly transaction count = 12 (contribution +3.71) [VEL-01 fired] | distinct receivers (28d) = 18 (contribution +0.06) [NET-02 fired],3205.7,12.0,New,dev
ALT-W06-19969,6,42,19969,MEDIUM,99.658,Limited,3,1,Velocity anomaly,VEL-01 High absolute velocity,"BEH-02 New-counterparty burst, NET-01 Fan-in collector, NET-03 Flow centrality (PageRank)","VEL-01, BEH-02, NET-01, NET-03",weekly transaction count = 11 (contribution +3.53) [VEL-01 fired] | velocity vs own history = 2.609 (contribution +0.21),2838.62,11.0,New,dev
ALT-W06-19984,6,42,19984,MEDIUM,99.634,Limited,3,1,Velocity anomaly,VEL-01 High absolute velocity,"BEH-02 New-counterparty burst, NET-01 Fan-in collector, NET-03 Flow centrality (PageRank)","VEL-01, BEH-02, NET-01, NET-03",weekly transaction count = 11 (contribution +3.53) [VEL-01 fired] | velocity vs own history = 2.087 (contribution +0.13),2900.96,11.0,New,dev
ALT-W06-13423,6,42,13423,MEDIUM,99.632,Limited,2,1,Velocity anomaly,VEL-01 High absolute velocity,AML-01 Rapid pass-through,"VEL-01, AML-01",weekly transaction count = 8 (contribution +2.89) [VEL-01 fired] | velocity vs own history = 9 (contribution +0.75),122.16,8.0,New,dev
ALT-W06-09996,6,42,9996,MEDIUM,99.592,Moderate,3,2,Velocity anomaly,VEL-01 High absolute velocity,"BEH-02 New-counterparty burst, NET-02 Fan-out distributor","VEL-01, BEH-02, NET-02",weekly transaction count = 10 (contribution +3.34) [VEL-01 fired] | velocity vs own history = 1.737 (contribution +0.07) | distinct receivers (28d) = 18 (contribution +0.06) [NET-02 fired],3321.94,10.0,New,dev
ALT-W06-09994,6,42,9994,MEDIUM,99.589,Moderate,3,2,Velocity anomaly,VEL-01 High absolute velocity,"BEH-02 New-counterparty burst, NET-02 Fan-out distributor","VEL-01, BEH-02, NET-02",weekly transaction count = 10 (contribution +3.34) [VEL-01 fired] | distinct receivers (28d) = 18 (contribution +0.06) [NET-02 fired] | velocity vs own history = 1.692 (contribution +0.06),3321.6400000000003,10.0,New,dev
ALT-W06-09955,6,42,9955,MEDIUM,99.576,Limited,3,1,Velocity anomaly,VEL-01 High absolute velocity,"BEH-02 New-counterparty burst, NET-01 Fan-in collector, NET-03 Flow centrality (PageRank)","VEL-01, BEH-02, NET-01, NET-03",weekly transaction count = 9 (contribution +3.13) [VEL-01 fired] | velocity vs own history = 3.125 (contribution +0.28) | distinct receivers (28d) = 2 (contribution +0.01),2634.3,9.0,New,dev
ALT-W06-09937,6,42,9937,MEDIUM,99.556,Limited,3,1,Velocity anomaly,VEL-01 High absolute velocity,"BEH-02 New-counterparty burst, NET-01 Fan-in collector, NET-03 Flow centrality (PageRank)","VEL-01, BEH-02, NET-01, NET-03",weekly transaction count = 9 (contribution +3.13) [VEL-01 fired] | velocity vs own history = 2.667 (contribution +0.22) | distinct receivers (28d) = 5 (contribution +0.03),2323.02,9.0,New,dev
ALT-W06-19939,6,42,19939,MEDIUM,99.521,Limited,2,1,Velocity anomaly,VEL-01 High absolute velocity,"BEH-01 Velocity spike vs own baseline, BEH-02 New-counterparty burst","VEL-01, BEH-01, BEH-02",weekly transaction count = 8 (contribution +2.89) [VEL-01 fired] | velocity vs own history = 4.5 (contribution +0.43) [BEH-01 fired],1992.51,8.0,New,dev
ALT-W06-09731,6,42,9731,MEDIUM,99.509,Limited,2,1,Velocity anomaly,VEL-01 High absolute velocity,"BEH-01 Velocity spike vs own baseline, BEH-02 New-counterparty burst","VEL-01, BEH-01, BEH-02",weekly transaction count = 8 (contribution +2.89) [VEL-01 fired] | velocity vs own history = 3.857 (contribution +0.37) [BEH-01 fired] | distinct receivers (28d) = 3 (contribution +0.01),2526.79,8.0,New,dev
ALT-W06-19827,6,42,19827,MEDIUM,99.493,Limited,2,1,Velocity anomaly,VEL-01 High absolute velocity,BEH-01 Velocity spike vs own baseline,"VEL-01, BEH-01",weekly transaction count = 8 (contribution +2.89) [VEL-01 fired] | velocity vs own history = 3.857 (contribution +0.37) [BEH-01 fired],1004.2800000000001,8.0,New,dev
ALT-W06-09997,6,42,9997,MEDIUM,99.454,Moderate,3,2,Velocity anomaly,VEL-01 High absolute velocity,"BEH-02 New-counterparty burst, NET-02 Fan-out distributor","VEL-01, BEH-02, NET-02",weekly transaction count = 9 (contribution +3.13) [VEL-01 fired] | distinct receivers (28d) = 18 (contribution +0.06) [NET-02 fired],2274.4900000000002,9.0,New,dev
ALT-W06-19985,6,42,19985,MEDIUM,99.441,Moderate,3,2,Velocity anomaly,VEL-01 High absolute velocity,"BEH-02 New-counterparty burst, NET-01 Fan-in collector, NET-03 Flow centrality (PageRank)","VEL-01, BEH-02, NET-01, NET-03",weekly transaction count = 9 (contribution +3.13) [VEL-01 fired] | velocity vs own history = 1.667 (contribution +0.05),3015.2400000000002,9.0,New,dev
ALT-W06-09905,6,42,9905,LOW,99.398,Limited,3,1,Velocity anomaly,VEL-01 High absolute velocity,"BEH-02 New-counterparty burst, NET-01 Fan-in collector, NET-03 Flow centrality (PageRank)","VEL-01, BEH-02, NET-01, NET-03",weekly transaction count = 8 (contribution +2.89) [VEL-01 fired] | velocity vs own history = 2.4 (contribution +0.18) | distinct receivers (28d) = 2 (contribution +0.01),2997.93,8.0,New,dev
ALT-W06-19968,6,42,19968,LOW,99.37,Limited,3,1,Velocity anomaly,VEL-01 High absolute velocity,"BEH-02 New-counterparty burst, NET-01 Fan-in collector, NET-03 Flow centrality (PageRank)","VEL-01, BEH-02, NET-01, NET-03",weekly transaction count = 9 (contribution +3.13) [VEL-01 fired],2499.03,9.0,New,dev
ALT-W06-09969,6,42,9969,LOW,99.35,Limited,3,1,Velocity anomaly,VEL-01 High absolute velocity,"BEH-02 New-counterparty burst, NET-01 Fan-in collector, NET-03 Flow centrality (PageRank)","VEL-01, BEH-02, NET-01, NET-03",weekly transaction count = 8 (contribution +2.89) [VEL-01 fired] | velocity vs own history = 1.957 (contribution +0.11) | distinct receivers (28d) = 3 (contribution +0.01),1997.8899999999999,8.0,New,dev
ALT-W06-19923,6,42,19923,LOW,99.319,Limited,2,1,Velocity anomaly,VEL-01 High absolute velocity,"BEH-01 Velocity spike vs own baseline, BEH-02 New-counterparty burst","VEL-01, BEH-01, BEH-02",weekly transaction count = 7 (contribution +2.63) [VEL-01 fired] | velocity vs own history = 4 (contribution +0.38) [BEH-01 fired],2396.73,7.0,New,dev
ALT-W06-19988,6,42,19988,LOW,99.298,Limited,3,1,Velocity anomaly,VEL-01 High absolute velocity,"BEH-02 New-counterparty burst, NET-01 Fan-in collector, NET-03 Flow centrality (PageRank)","VEL-01, BEH-02, NET-01, NET-03",weekly transaction count = 8 (contribution +2.89) [VEL-01 fired] | velocity vs own history = 1.957 (contribution +0.11),2180.16,8.0,New,dev
ALT-W06-06264,6,42,6264,LOW,99.293,Limited,1,1,Velocity anomaly,VEL-01 High absolute velocity,,VEL-01,weekly transaction count = 6 (contribution +2.33) [VEL-01 fired] | velocity vs own history = 7 (contribution +0.63) | distinct receivers (28d) = 2 (contribution +0.01),324.68,6.0,New,dev
ALT-W06-09688,6,42,9688,LOW,99.275,Limited,2,1,Velocity anomaly,VEL-01 High absolute velocity,NET-02 Fan-out distributor,"VEL-01, NET-02",weekly transaction count = 7 (contribution +2.63) [VEL-01 fired] | velocity vs own history = 3.2 (contribution +0.29) | distinct receivers (28d) = 7 (contribution +0.03) [NET-02 fired],1313.4,7.0,New,dev
ALT-W06-09540,6,42,9540,LOW,99.271,Limited,2,1,Velocity anomaly,VEL-01 High absolute velocity,BEH-02 New-counterparty burst,"VEL-01, BEH-02",weekly transaction count = 7 (contribution +2.63) [VEL-01 fired] | velocity vs own history = 3.2 (contribution +0.29) | distinct receivers (28d) = 6 (contribution +0.03),1072.52,7.0,New,dev
ALT-W06-09702,6,42,9702,LOW,99.268,Limited,2,1,Velocity anomaly,VEL-01 High absolute velocity,BEH-02 New-counterparty burst,"VEL-01, BEH-02",weekly transaction count = 7 (contribution +2.63) [VEL-01 fired] | velocity vs own history = 3.2 (contribution +0.29) | distinct receivers (28d) = 5 (contribution +0.03),1844.62,7.0,New,dev
ALT-W06-19992,6,42,19992,LOW,99.25,Limited,2,1,Velocity anomaly,VEL-01 High absolute velocity,"BEH-01 Velocity spike vs own baseline, BEH-02 New-counterparty burst","VEL-01, BEH-01, BEH-02",weekly transaction count = 7 (contribution +2.63) [VEL-01 fired] | velocity vs own history = 3.556 (contribution +0.33) [BEH-01 fired],2234.51,7.0,New,dev
ALT-W06-09980,6,42,9980,LOW,99.237,Moderate,3,2,Velocity anomaly,VEL-01 High absolute velocity,"BEH-02 New-counterparty burst, NET-02 Fan-out distributor","VEL-01, BEH-02, NET-02",weekly transaction count = 8 (contribution +2.89) [VEL-01 fired] | distinct receivers (28d) = 18 (contribution +0.06) [NET-02 fired],2410.03,8.0,New,dev
ALT-W06-19972,6,42,19972,LOW,99.234,Moderate,3,2,Velocity anomaly,VEL-01 High absolute velocity,"BEH-02 New-counterparty burst, NET-01 Fan-in collector, NET-03 Flow centrality (PageRank)","VEL-01, BEH-02, NET-01, NET-03",weekly transaction count = 8 (contribution +2.89) [VEL-01 fired] | velocity vs own history = 1.667 (contribution +0.05),2071.5,8.0,New,dev
ALT-W06-19990,6,42,19990,LOW,99.214,Limited,2,1,Velocity anomaly,VEL-01 High absolute velocity,BEH-02 New-counterparty burst,"VEL-01, BEH-02",weekly transaction count = 7 (contribution +2.63) [VEL-01 fired] | velocity vs own history = 3.2 (contribution +0.29),1690.15,7.0,New,dev
ALT-W06-19986,6,42,19986,LOW,99.181,Limited,4,1,Velocity anomaly,VEL-01 High absolute velocity,"TXN-01 Large transaction, BEH-02 New-counterparty burst, NET-01 Fan-in collector, NET-03 Flow centrality (PageRank)","TXN-01, VEL-01, BEH-02, NET-01, NET-03",weekly transaction count = 8 (contribution +2.89) [VEL-01 fired],2687.58,8.0,New,dev
ALT-W06-19975,6,42,19975,LOW,99.145,Moderate,3,2,Velocity anomaly,VEL-01 High absolute velocity,"BEH-02 New-counterparty burst, NET-01 Fan-in collector, NET-03 Flow centrality (PageRank)","VEL-01, BEH-02, NET-01, NET-03",weekly transaction count = 8 (contribution +2.89) [VEL-01 fired],2262.9700000000003,8.0,New,dev
ALT-W06-19956,6,42,19956,LOW,99.123,Limited,3,1,Velocity anomaly,VEL-01 High absolute velocity,"BEH-02 New-counterparty burst, NET-01 Fan-in collector, NET-03 Flow centrality (PageRank)","VEL-01, BEH-02, NET-01, NET-03",weekly transaction count = 7 (contribution +2.63) [VEL-01 fired] | velocity vs own history = 2.462 (contribution +0.19),1808.3500000000001,7.0,New,dev
ALT-W06-05700,6,42,5700,LOW,99.081,Limited,2,1,Velocity anomaly,VEL-01 High absolute velocity,BEH-01 Velocity spike vs own baseline,"VEL-01, BEH-01",weekly transaction count = 6 (contribution +2.33) [VEL-01 fired] | velocity vs own history = 4.2 (contribution +0.40) [BEH-01 fired] | distinct receivers (28d) = 4 (contribution +0.02),660.0799999999999,6.0,New,dev
ALT-W06-19980,6,42,19980,LOW,99.077,Limited,2,1,Velocity anomaly,VEL-01 High absolute velocity,"BEH-01 Velocity spike vs own baseline, BEH-02 New-counterparty burst","VEL-01, BEH-01, BEH-02",weekly transaction count = 6 (contribution +2.33) [VEL-01 fired] | velocity vs own history = 4.667 (contribution +0.45) [BEH-01 fired],1906.59,6.0,New,dev
ALT-W06-19979,6,42,19979,LOW,99.063,Limited,2,1,Velocity anomaly,VEL-01 High absolute velocity,BEH-02 New-counterparty burst,"VEL-01, BEH-02",weekly transaction count = 7 (contribution +2.63) [VEL-01 fired] | velocity vs own history = 2.182 (contribution +0.14),2020.92,7.0,New,dev
ALT-W06-09968,6,42,9968,LOW,99.037,Limited,3,1,Velocity anomaly,VEL-01 High absolute velocity,"BEH-02 New-counterparty burst, NET-01 Fan-in collector, NET-03 Flow centrality (PageRank)","VEL-01, BEH-02, NET-01, NET-03",weekly transaction count = 7 (contribution +2.63) [VEL-01 fired] | velocity vs own history = 1.882 (contribution +0.09) | distinct receivers (28d) = 2 (contribution +0.01),1407.86,7.0,New,dev
ALT-W06-09982,6,42,9982,LOW,99.035,Moderate,3,2,Velocity anomaly,VEL-01 High absolute velocity,"BEH-02 New-counterparty burst, NET-02 Fan-out distributor","VEL-01, BEH-02, NET-02",weekly transaction count = 7 (contribution +2.63) [VEL-01 fired] | distinct receivers (28d) = 18 (contribution +0.06) [NET-02 fired] | velocity vs own history = 1.6 (contribution +0.04),2682.54,7.0,New,dev
ALT-W06-04418,6,42,4418,LOW,99.005,Limited,2,1,Velocity anomaly,VEL-01 High absolute velocity,BEH-01 Velocity spike vs own baseline,"VEL-01, BEH-01",weekly transaction count = 6 (contribution +2.33) [VEL-01 fired] | velocity vs own history = 3.889 (contribution +0.37) [BEH-01 fired],788.59,6.0,New,dev
ALT-W07-09992,7,49,9992,CRITICAL,99.995,Strong,4,3,Velocity anomaly,VEL-01 High absolute velocity,"BEH-01 Velocity spike vs own baseline, BEH-02 New-counterparty burst, AML-01 Rapid pass-through, AML-03 Circular flow, NET-01 Fan-in collector, NET-02 Fan-out distributor, NET-03 Flow centrality (PageRank)","VEL-01, BEH-01, BEH-02, AML-01, AML-03, NET-01, NET-02, NET-03",weekly transaction count = 23 (contribution +5.08) [VEL-01 fired] | circular-flow participation = 4 (contribution +0.81) [AML-03 fired] | velocity vs own history = 3.333 (contribution +0.31) [BEH-01 fired] | distinct receivers (28d) = 25 (contribution +0.07) [NET-02 fired],4949.34,23.0,New,dev
ALT-W07-09986,7,49,9986,CRITICAL,99.987,Strong,4,3,Velocity anomaly,VEL-01 High absolute velocity,"BEH-02 New-counterparty burst, AML-03 Circular flow, NET-01 Fan-in collector, NET-02 Fan-out distributor, NET-03 Flow centrality (PageRank)","VEL-01, BEH-02, AML-03, NET-01, NET-02, NET-03",weekly transaction count = 23 (contribution +5.08) [VEL-01 fired] | circular-flow participation = 4 (contribution +0.81) [AML-03 fired] | distinct receivers (28d) = 25 (contribution +0.07) [NET-02 fired] | velocity vs own history = 1.519 (contribution +0.02),5786.740000000001,23.0,New,dev
ALT-W07-09985,7,49,9985,CRITICAL,99.983,Strong,4,3,Velocity anomaly,VEL-01 High absolute velocity,"BEH-02 New-counterparty burst, AML-03 Circular flow, NET-01 Fan-in collector, NET-02 Fan-out distributor, NET-03 Flow centrality (PageRank)","VEL-01, BEH-02, AML-03, NET-01, NET-02, NET-03",weekly transaction count = 21 (contribution +4.88) [VEL-01 fired] | circular-flow participation = 5 (contribution +0.90) [AML-03 fired] | velocity vs own history = 1.859 (contribution +0.09) | distinct receivers (28d) = 25 (contribution +0.07) [NET-02 fired],6945.07,21.0,New,dev
ALT-W07-09987,7,49,9987,CRITICAL,99.982,Strong,5,3,Velocity anomaly,VEL-01 High absolute velocity,"TXN-01 Large transaction, BEH-02 New-counterparty burst, AML-03 Circular flow, NET-01 Fan-in collector, NET-02 Fan-out distributor, NET-03 Flow centrality (PageRank)","TXN-01, VEL-01, BEH-02, AML-03, NET-01, NET-02, NET-03",weekly transaction count = 19 (contribution +4.67) [VEL-01 fired] | circular-flow participation = 8 (contribution +1.10) [AML-03 fired] | distinct receivers (28d) = 25 (contribution +0.07) [NET-02 fired] | velocity vs own history = 1.739 (contribution +0.07),4581.58,19.0,New,dev
ALT-W07-09999,7,49,9999,CRITICAL,99.964,Strong,4,3,Velocity anomaly,VEL-01 High absolute velocity,"BEH-02 New-counterparty burst, AML-03 Circular flow, NET-02 Fan-out distributor","VEL-01, BEH-02, AML-03, NET-02",weekly transaction count = 17 (contribution +4.44) [VEL-01 fired] | circular-flow participation = 9 (contribution +1.16) [AML-03 fired] | distinct receivers (28d) = 50 (contribution +0.09) [NET-02 fired],5126.58,17.0,New,dev
ALT-W07-09984,7,49,9984,CRITICAL,99.935,Strong,4,3,Velocity anomaly,VEL-01 High absolute velocity,"BEH-02 New-counterparty burst, AML-03 Circular flow, NET-01 Fan-in collector, NET-02 Fan-out distributor, NET-03 Flow centrality (PageRank)","VEL-01, BEH-02, AML-03, NET-01, NET-02, NET-03",weekly transaction count = 20 (contribution +4.78) [VEL-01 fired] | circular-flow participation = 1 (contribution +0.35) [AML-03 fired] | distinct receivers (28d) = 25 (contribution +0.07) [NET-02 fired] | velocity vs own history = 1.5 (contribution +0.02),5452.55,20.0,New,dev
ALT-W07-09991,7,49,9991,CRITICAL,99.927,Strong,5,3,Velocity anomaly,VEL-01 High absolute velocity,"TXN-01 Large transaction, BEH-02 New-counterparty burst, AML-03 Circular flow, NET-01 Fan-in collector, NET-02 Fan-out distributor, NET-03 Flow centrality (PageRank)","TXN-01, VEL-01, BEH-02, AML-03, NET-01, NET-02, NET-03",weekly transaction count = 15 (contribution +4.18) [VEL-01 fired] | circular-flow participation = 4 (contribution +0.81) [AML-03 fired] | velocity vs own history = 2 (contribution +0.11) | distinct receivers (28d) = 25 (contribution +0.07) [NET-02 fired],5248.379999999999,15.0,New,dev
ALT-W07-09998,7,49,9998,CRITICAL,99.913,Strong,4,3,Velocity anomaly,VEL-01 High absolute velocity,"BEH-02 New-counterparty burst, AML-03 Circular flow, NET-02 Fan-out distributor","VEL-01, BEH-02, AML-03, NET-02",weekly transaction count = 19 (contribution +4.67) [VEL-01 fired] | circular-flow participation = 1 (contribution +0.35) [AML-03 fired] | distinct receivers (28d) = 50 (contribution +0.09) [NET-02 fired],6264.2300000000005,19.0,New,dev
ALT-W07-09988,7,49,9988,HIGH,99.89,Strong,4,3,Velocity anomaly,VEL-01 High absolute velocity,"BEH-02 New-counterparty burst, AML-01 Rapid pass-through, NET-01 Fan-in collector, NET-02 Fan-out distributor, NET-03 Flow centrality (PageRank)","VEL-01, BEH-02, AML-01, NET-01, NET-02, NET-03",weekly transaction count = 20 (contribution +4.78) [VEL-01 fired] | velocity vs own history = 2.1 (contribution +0.13) | distinct receivers (28d) = 24 (contribution +0.07) [NET-02 fired],6367.1,20.0,New,dev
ALT-W07-09990,7,49,9990,HIGH,99.885,Strong,3,3,Velocity anomaly,VEL-01 High absolute velocity,"BEH-02 New-counterparty burst, NET-01 Fan-in collector, NET-02 Fan-out distributor, NET-03 Flow centrality (PageRank)","VEL-01, BEH-02, NET-01, NET-02, NET-03",weekly transaction count = 20 (contribution +4.78) [VEL-01 fired] | velocity vs own history = 1.909 (contribution +0.10) | distinct receivers (28d) = 25 (contribution +0.07) [NET-02 fired],5295.45,20.0,New,dev
ALT-W07-09989,7,49,9989,HIGH,99.806,Strong,3,3,Velocity anomaly,VEL-01 High absolute velocity,"BEH-02 New-counterparty burst, NET-01 Fan-in collector, NET-02 Fan-out distributor, NET-03 Flow centrality (PageRank)","VEL-01, BEH-02, NET-01, NET-02, NET-03",weekly transaction count = 17 (contribution +4.44) [VEL-01 fired] | distinct receivers (28d) = 26 (contribution +0.07) [NET-02 fired],4949.49,17.0,New,dev
ALT-W07-09981,7,49,9981,HIGH,99.747,Moderate,4,2,Velocity anomaly,VEL-01 High absolute velocity,"BEH-02 New-counterparty burst, AML-03 Circular flow, NET-02 Fan-out distributor","VEL-01, BEH-02, AML-03, NET-02",weekly transaction count = 8 (contribution +2.89) [VEL-01 fired] | circular-flow participation = 9 (contribution +1.16) [AML-03 fired] | distinct receivers (28d) = 25 (contribution +0.07) [NET-02 fired] | velocity vs own history = 1.44 (contribution +0.00),1895.85,8.0,New,dev
ALT-W07-09994,7,49,9994,HIGH,99.728,Strong,3,3,Velocity anomaly,VEL-01 High absolute velocity,"BEH-02 New-counterparty burst, NET-01 Fan-in collector, NET-02 Fan-out distributor","VEL-01, BEH-02, NET-01, NET-02",weekly transaction count = 13 (contribution +3.88) [VEL-01 fired] | velocity vs own history = 1.892 (contribution +0.09) | distinct receivers (28d) = 25 (contribution +0.07) [NET-02 fired],3819.45,13.0,New,dev
ALT-W07-09996,7,49,9996,HIGH,99.713,Strong,4,3,Velocity anomaly,VEL-01 High absolute velocity,"BEH-02 New-counterparty burst, AML-03 Circular flow, NET-02 Fan-out distributor","VEL-01, BEH-02, AML-03, NET-02",weekly transaction count = 11 (contribution +3.53) [VEL-01 fired] | circular-flow participation = 1 (contribution +0.35) [AML-03 fired] | distinct receivers (28d) = 25 (contribution +0.07) [NET-02 fired] | velocity vs own history = 1.6 (contribution +0.04),3485.4900000000002,11.0,New,dev
ALT-W07-09995,7,49,9995,MEDIUM,99.694,Strong,3,3,Velocity anomaly,VEL-01 High absolute velocity,"BEH-02 New-counterparty burst, NET-01 Fan-in collector, NET-02 Fan-out distributor","VEL-01, BEH-02, NET-01, NET-02",weekly transaction count = 12 (contribution +3.71) [VEL-01 fired] | velocity vs own history = 1.97 (contribution +0.11) | distinct receivers (28d) = 25 (contribution +0.07) [NET-02 fired],4661.99,12.0,New,dev
ALT-W07-19987,7,49,19987,MEDIUM,99.686,Strong,3,3,Velocity anomaly,VEL-01 High absolute velocity,"BEH-02 New-counterparty burst, NET-01 Fan-in collector, NET-03 Flow centrality (PageRank)","VEL-01, BEH-02, NET-01, NET-03",weekly transaction count = 13 (contribution +3.88) [VEL-01 fired] | velocity vs own history = 1.436 (contribution +0.00),3744.69,13.0,New,dev
ALT-W07-09993,7,49,9993,MEDIUM,99.682,Strong,4,3,Velocity anomaly,VEL-01 High absolute velocity,"BEH-02 New-counterparty burst, AML-01 Rapid pass-through, AML-03 Circular flow, NET-01 Fan-in collector, NET-02 Fan-out distributor, NET-03 Flow centrality (PageRank)","VEL-01, BEH-02, AML-01, AML-03, NET-01, NET-02, NET-03",weekly transaction count = 11 (contribution +3.53) [VEL-01 fired] | circular-flow participation = 1 (contribution +0.35) [AML-03 fired] | distinct receivers (28d) = 25 (contribution +0.07) [NET-02 fired],3071.73,11.0,New,dev
ALT-W07-06057,7,49,6057,MEDIUM,99.647,Limited,2,1,Velocity anomaly,VEL-01 High absolute velocity,BEH-01 Velocity spike vs own baseline,"VEL-01, BEH-01",weekly transaction count = 9 (contribution +3.13) [VEL-01 fired] | velocity vs own history = 5.714 (contribution +0.54) [BEH-01 fired] | distinct receivers (28d) = 3 (contribution +0.01),252.98,9.0,New,dev
ALT-W07-19721,7,49,19721,MEDIUM,99.632,Limited,2,1,Velocity anomaly,VEL-01 High absolute velocity,BEH-02 New-counterparty burst,"VEL-01, BEH-02",weekly transaction count = 8 (contribution +2.89) [VEL-01 fired] | velocity vs own history = 9 (contribution +0.75),1462.8000000000002,8.0,New,dev
ALT-W07-09668,7,49,9668,MEDIUM,99.629,Limited,2,1,Velocity anomaly,VEL-01 High absolute velocity,"BEH-01 Velocity spike vs own baseline, BEH-02 New-counterparty burst","VEL-01, BEH-01, BEH-02",weekly transaction count = 9 (contribution +3.13) [VEL-01 fired] | velocity vs own history = 5 (contribution +0.48) [BEH-01 fired] | distinct receivers (28d) = 5 (contribution +0.03),2255.41,9.0,New,dev
ALT-W07-09971,7,49,9971,MEDIUM,99.622,Limited,3,1,Velocity anomaly,VEL-01 High absolute velocity,"BEH-02 New-counterparty burst, NET-01 Fan-in collector, NET-03 Flow centrality (PageRank)","VEL-01, BEH-02, NET-01, NET-03",weekly transaction count = 10 (contribution +3.34) [VEL-01 fired] | velocity vs own history = 2.895 (contribution +0.25) | distinct receivers (28d) = 3 (contribution +0.01),3216.87,10.0,New,dev
ALT-W07-19809,7,49,19809,MEDIUM,99.616,Limited,2,1,Velocity anomaly,VEL-01 High absolute velocity,"BEH-01 Velocity spike vs own baseline, BEH-02 New-counterparty burst","VEL-01, BEH-01, BEH-02",weekly transaction count = 9 (contribution +3.13) [VEL-01 fired] | velocity vs own history = 5 (contribution +0.48) [BEH-01 fired],1923.8700000000001,9.0,New,dev
ALT-W07-19984,7,49,19984,MEDIUM,99.612,Moderate,3,2,Velocity anomaly,VEL-01 High absolute velocity,"BEH-02 New-counterparty burst, NET-01 Fan-in collector, NET-03 Flow centrality (PageRank)","VEL-01, BEH-02, NET-01, NET-03",weekly transaction count = 11 (contribution +3.53) [VEL-01 fired] | velocity vs own history = 1.714 (contribution +0.06),2496.6400000000003,11.0,New,dev
ALT-W07-19985,7,49,19985,MEDIUM,99.551,Strong,3,3,Velocity anomaly,VEL-01 High absolute velocity,"BEH-02 New-counterparty burst, NET-01 Fan-in collector, NET-03 Flow centrality (PageRank)","VEL-01, BEH-02, NET-01, NET-03",weekly transaction count = 10 (contribution +3.34) [VEL-01 fired] | velocity vs own history = 1.65 (contribution +0.05),2256.2,10.0,New,dev
ALT-W07-08225,7,49,8225,MEDIUM,99.55,Limited,2,1,Velocity anomaly,VEL-01 High absolute velocity,"BEH-01 Velocity spike vs own baseline, BEH-02 New-counterparty burst","VEL-01, BEH-01, BEH-02",weekly transaction count = 8 (contribution +2.89) [VEL-01 fired] | velocity vs own history = 4.5 (contribution +0.43) [BEH-01 fired] | distinct receivers (28d) = 5 (contribution +0.03),1538.17,8.0,New,dev
ALT-W07-09952,7,49,9952,MEDIUM,99.538,Moderate,3,2,Velocity anomaly,VEL-01 High absolute velocity,"BEH-02 New-counterparty burst, NET-01 Fan-in collector, NET-03 Flow centrality (PageRank)","VEL-01, BEH-02, NET-01, NET-03",weekly transaction count = 10 (contribution +3.34) [VEL-01 fired] | distinct receivers (28d) = 3 (contribution +0.01),2465.8700000000003,10.0,New,dev
ALT-W07-18678,7,49,18678,MEDIUM,99.53,Limited,2,1,Velocity anomaly,VEL-01 High absolute velocity,AML-01 Rapid pass-through,"VEL-01, AML-01",weekly transaction count = 7 (contribution +2.63) [VEL-01 fired] | velocity vs own history = 8 (contribution +0.69),599.46,7.0,New,dev
ALT-W07-19697,7,49,19697,MEDIUM,99.521,Limited,2,1,Velocity anomaly,VEL-01 High absolute velocity,"BEH-01 Velocity spike vs own baseline, BEH-02 New-counterparty burst","VEL-01, BEH-01, BEH-02",weekly transaction count = 8 (contribution +2.89) [VEL-01 fired] | velocity vs own history = 4.5 (contribution +0.43) [BEH-01 fired],3151.94,8.0,New,dev
ALT-W07-19968,7,49,19968,MEDIUM,99.5,Moderate,3,2,Velocity anomaly,VEL-01 High absolute velocity,"BEH-02 New-counterparty burst, NET-01 Fan-in collector, NET-03 Flow centrality (PageRank)","VEL-01, BEH-02, NET-01, NET-03",weekly transaction count = 10 (contribution +3.34) [VEL-01 fired],2311.8,10.0,New,dev
ALT-W07-09968,7,49,9968,MEDIUM,99.491,Moderate,3,2,Velocity anomaly,VEL-01 High absolute velocity,"BEH-02 New-counterparty burst, NET-01 Fan-in collector, NET-03 Flow centrality (PageRank)","VEL-01, BEH-02, NET-01, NET-03",weekly transaction count = 9 (contribution +3.13) [VEL-01 fired] | velocity vs own history = 2 (contribution +0.11) | distinct receivers (28d) = 2 (contribution +0.01),2275.41,9.0,New,dev
ALT-W07-18336,7,49,18336,MEDIUM,99.464,Limited,2,1,Velocity anomaly,VEL-01 High absolute velocity,BEH-01 Velocity spike vs own baseline,"VEL-01, BEH-01",weekly transaction count = 8 (contribution +2.89) [VEL-01 fired] | velocity vs own history = 3.375 (contribution +0.31) [BEH-01 fired],1118.03,8.0,New,dev
ALT-W07-09980,7,49,9980,MEDIUM,99.455,Strong,3,3,Velocity anomaly,VEL-01 High absolute velocity,"BEH-02 New-counterparty burst, NET-02 Fan-out distributor","VEL-01, BEH-02, NET-02",weekly transaction count = 9 (contribution +3.13) [VEL-01 fired] | distinct receivers (28d) = 25 (contribution +0.07) [NET-02 fired],2723.55,9.0,New,dev
ALT-W07-19969,7,49,19969,MEDIUM,99.446,Moderate,3,2,Velocity anomaly,VEL-01 High absolute velocity,"BEH-02 New-counterparty burst, NET-01 Fan-in collector, NET-03 Flow centrality (PageRank)","VEL-01, BEH-02, NET-01, NET-03",weekly transaction count = 9 (contribution +3.13) [VEL-01 fired] | velocity vs own history = 1.714 (contribution +0.06),2521.02,9.0,New,dev
ALT-W07-09616,7,49,9616,MEDIUM,99.439,Limited,3,1,Velocity anomaly,VEL-01 High absolute velocity,"BEH-02 New-counterparty burst, NET-02 Fan-out distributor","VEL-01, BEH-02, NET-02",weekly transaction count = 8 (contribution +2.89) [VEL-01 fired] | velocity vs own history = 2.647 (contribution +0.22) | distinct receivers (28d) = 8 (contribution +0.04) [NET-02 fired],2453.41,8.0,New,dev
ALT-W07-05209,7,49,5209,MEDIUM,99.435,Limited,3,1,Velocity anomaly,VEL-01 High absolute velocity,"TXN-01 Large transaction, BEH-01 Velocity spike vs own baseline","TXN-01, VEL-01, BEH-01",weekly transaction count = 7 (contribution +2.63) [VEL-01 fired] | velocity vs own history = 5.333 (contribution +0.51) [BEH-01 fired] | distinct receivers (28d) = 2 (contribution +0.01),770.87,7.0,New,dev
ALT-W07-19923,7,49,19923,LOW,99.393,Moderate,3,2,Velocity anomaly,VEL-01 High absolute velocity,"BEH-02 New-counterparty burst, NET-01 Fan-in collector, NET-03 Flow centrality (PageRank)","VEL-01, BEH-02, NET-01, NET-03",weekly transaction count = 8 (contribution +2.89) [VEL-01 fired] | velocity vs own history = 2.571 (contribution +0.21),2324.2,8.0,New,dev
ALT-W07-09872,7,49,9872,LOW,99.39,Limited,3,1,Velocity anomaly,VEL-01 High absolute velocity,"BEH-02 New-counterparty burst, NET-01 Fan-in collector, NET-03 Flow centrality (PageRank)","VEL-01, BEH-02, NET-01, NET-03",weekly transaction count = 8 (contribution +2.89) [VEL-01 fired] | velocity vs own history = 2.348 (contribution +0.17) | distinct receivers (28d) = 2 (contribution +0.01),2162.72,8.0,New,dev
ALT-W07-16271,7,49,16271,LOW,99.371,Limited,2,1,Velocity anomaly,VEL-01 High absolute velocity,BEH-01 Velocity spike vs own baseline,"VEL-01, BEH-01",weekly transaction count = 7 (contribution +2.63) [VEL-01 fired] | velocity vs own history = 4 (contribution +0.38) [BEH-01 fired] | distinct receivers (28d) = 4 (contribution +0.02),270.06,7.0,New,dev
ALT-W07-19906,7,49,19906,LOW,99.338,Limited,3,1,Velocity anomaly,VEL-01 High absolute velocity,"BEH-02 New-counterparty burst, NET-01 Fan-in collector, NET-03 Flow centrality (PageRank)","VEL-01, BEH-02, NET-01, NET-03",weekly transaction count = 8 (contribution +2.89) [VEL-01 fired] | velocity vs own history = 2.118 (contribution +0.13),2480.36,8.0,New,dev
ALT-W07-09937,7,49,9937,LOW,99.333,Moderate,3,2,Velocity anomaly,VEL-01 High absolute velocity,"BEH-02 New-counterparty burst, NET-01 Fan-in collector, NET-03 Flow centrality (PageRank)","VEL-01, BEH-02, NET-01, NET-03",weekly transaction count = 8 (contribution +2.89) [VEL-01 fired] | velocity vs own history = 1.8 (contribution +0.08) | distinct receivers (28d) = 5 (contribution +0.03),1794.79,8.0,New,dev
ALT-W07-09982,7,49,9982,LOW,99.33,Strong,3,3,Velocity anomaly,VEL-01 High absolute velocity,"BEH-02 New-counterparty burst, NET-02 Fan-out distributor","VEL-01, BEH-02, NET-02",weekly transaction count = 8 (contribution +2.89) [VEL-01 fired] | distinct receivers (28d) = 25 (contribution +0.07) [NET-02 fired] | velocity vs own history = 1.565 (contribution +0.03),3267.27,8.0,New,dev
ALT-W07-09921,7,49,9921,LOW,99.328,Limited,3,1,Velocity anomaly,VEL-01 High absolute velocity,"BEH-02 New-counterparty burst, NET-01 Fan-in collector, NET-03 Flow centrality (PageRank)","VEL-01, BEH-02, NET-01, NET-03",weekly transaction count = 8 (contribution +2.89) [VEL-01 fired] | velocity vs own history = 1.957 (contribution +0.11),1958.73,8.0,New,dev
ALT-W07-16112,7,49,16112,LOW,99.319,Limited,2,1,Velocity anomaly,VEL-01 High absolute velocity,BEH-01 Velocity spike vs own baseline,"VEL-01, BEH-01",weekly transaction count = 7 (contribution +2.63) [VEL-01 fired] | velocity vs own history = 4 (contribution +0.38) [BEH-01 fired],601.5200000000001,7.0,New,dev
ALT-W07-09088,7,49,9088,LOW,99.31,Limited,2,1,Velocity anomaly,VEL-01 High absolute velocity,"BEH-01 Velocity spike vs own baseline, BEH-02 New-counterparty burst","VEL-01, BEH-01, BEH-02",weekly transaction count = 7 (contribution +2.63) [VEL-01 fired] | velocity vs own history = 3.636 (contribution +0.34) [BEH-01 fired] | distinct receivers (28d) = 2 (contribution +0.01),2078.52,7.0,New,dev
ALT-W07-18767,7,49,18767,LOW,99.293,Limited,1,1,Velocity anomaly,VEL-01 High absolute velocity,,VEL-01,weekly transaction count = 6 (contribution +2.33) [VEL-01 fired] | velocity vs own history = 7 (contribution +0.63) | distinct receivers (28d) = 2 (contribution +0.01),304.36,6.0,New,dev
ALT-W07-19976,7,49,19976,LOW,99.288,Limited,3,1,Velocity anomaly,VEL-01 High absolute velocity,"BEH-02 New-counterparty burst, NET-01 Fan-in collector, NET-03 Flow centrality (PageRank)","VEL-01, BEH-02, NET-01, NET-03",weekly transaction count = 8 (contribution +2.89) [VEL-01 fired] | velocity vs own history = 1.929 (contribution +0.10),1574.09,8.0,New,dev
ALT-W07-01771,7,49,1771,LOW,99.279,Limited,1,1,Velocity anomaly,VEL-01 High absolute velocity,,VEL-01,weekly transaction count = 6 (contribution +2.33) [VEL-01 fired] | velocity vs own history = 7 (contribution +0.63),394.85,6.0,New,dev
ALT-W07-14186,7,49,14186,LOW,99.279,Limited,1,1,Velocity anomaly,VEL-01 High absolute velocity,,VEL-01,weekly transaction count = 6 (contribution +2.33) [VEL-01 fired] | velocity vs own history = 7 (contribution +0.63),190.01,6.0,New,dev
ALT-W07-09953,7,49,9953,LOW,99.273,Limited,3,1,Velocity anomaly,VEL-01 High absolute velocity,"BEH-02 New-counterparty burst, NET-01 Fan-in collector, NET-03 Flow centrality (PageRank)","VEL-01, BEH-02, NET-01, NET-03",weekly transaction count = 8 (contribution +2.89) [VEL-01 fired] | velocity vs own history = 1.607 (contribution +0.04) | distinct receivers (28d) = 4 (contribution +0.02),2555.04,8.0,New,dev
ALT-W07-09864,7,49,9864,LOW,99.265,Limited,3,1,Velocity anomaly,VEL-01 High absolute velocity,"BEH-02 New-counterparty burst, NET-02 Fan-out distributor","VEL-01, BEH-02, NET-02",weekly transaction count = 7 (contribution +2.63) [VEL-01 fired] | velocity vs own history = 3.077 (contribution +0.27) | distinct receivers (28d) = 9 (contribution +0.04) [NET-02 fired],2018.44,7.0,New,dev
ALT-W07-19952,7,49,19952,LOW,99.262,Limited,4,1,Velocity anomaly,VEL-01 High absolute velocity,"TXN-01 Large transaction, BEH-02 New-counterparty burst, NET-01 Fan-in collector, NET-03 Flow centrality (PageRank)","TXN-01, VEL-01, BEH-02, NET-01, NET-03",weekly transaction count = 8 (contribution +2.89) [VEL-01 fired] | velocity vs own history = 1.8 (contribution +0.08),2751.41,8.0,New,dev
ALT-W07-19954,7,49,19954,LOW,99.262,Moderate,3,2,Velocity anomaly,VEL-01 High absolute velocity,"BEH-02 New-counterparty burst, NET-01 Fan-in collector","VEL-01, BEH-02, NET-01",weekly transaction count = 8 (contribution +2.89) [VEL-01 fired] | velocity vs own history = 1.8 (contribution +0.08),1671.5400000000002,8.0,New,dev
ALT-W07-09800,7,49,9800,LOW,99.241,Limited,2,1,Velocity anomaly,VEL-01 High absolute velocity,BEH-02 New-counterparty burst,"VEL-01, BEH-02",weekly transaction count = 7 (contribution +2.63) [VEL-01 fired] | velocity vs own history = 3 (contribution +0.26) | distinct receivers (28d) = 6 (contribution +0.03),1939.34,7.0,New,dev
ALT-W07-09978,7,49,9978,LOW,99.225,Moderate,3,2,Velocity anomaly,VEL-01 High absolute velocity,"BEH-02 New-counterparty burst, NET-02 Fan-out distributor","VEL-01, BEH-02, NET-02",weekly transaction count = 8 (contribution +2.89) [VEL-01 fired] | distinct receivers (28d) = 25 (contribution +0.07) [NET-02 fired],2960.01,8.0,New,dev
ALT-W07-05698,7,49,5698,LOW,99.222,Limited,1,1,AML pattern,AML-03 Circular flow,,AML-03,weekly transaction count = 4 (contribution +1.58) | circular-flow participation = 9 (contribution +1.16) [AML-03 fired] | velocity vs own history = 2.143 (contribution +0.14) | distinct receivers (28d) = 4 (contribution +0.02),1167.63,4.0,New,dev
ALT-W07-19972,7,49,19972,LOW,99.2,Strong,3,3,Velocity anomaly,VEL-01 High absolute velocity,"BEH-02 New-counterparty burst, NET-01 Fan-in collector, NET-03 Flow centrality (PageRank)","VEL-01, BEH-02, NET-01, NET-03",weekly transaction count = 8 (contribution +2.89) [VEL-01 fired] | velocity vs own history = 1.5 (contribution +0.02),1633.45,8.0,New,dev
ALT-W07-09997,7,49,9997,LOW,99.197,Strong,3,3,Velocity anomaly,VEL-01 High absolute velocity,"BEH-02 New-counterparty burst, NET-02 Fan-out distributor","VEL-01, BEH-02, NET-02",weekly transaction count = 8 (contribution +2.89) [VEL-01 fired] | distinct receivers (28d) = 25 (contribution +0.07) [NET-02 fired],1958.8100000000004,8.0,New,dev
ALT-W07-16055,7,49,16055,LOW,99.176,Limited,2,1,Velocity anomaly,VEL-01 High absolute velocity,BEH-01 Velocity spike vs own baseline,"VEL-01, BEH-01",weekly transaction count = 6 (contribution +2.33) [VEL-01 fired] | velocity vs own history = 5.833 (contribution +0.55) [BEH-01 fired],693.2,6.0,New,dev
ALT-W07-19955,7,49,19955,LOW,99.173,Limited,3,1,Velocity anomaly,VEL-01 High absolute velocity,"BEH-02 New-counterparty burst, NET-01 Fan-in collector, NET-03 Flow centrality (PageRank)","VEL-01, BEH-02, NET-01, NET-03",weekly transaction count = 7 (contribution +2.63) [VEL-01 fired] | velocity vs own history = 2.824 (contribution +0.24),2096.29,7.0,New,dev
ALT-W07-09977,7,49,9977,LOW,99.168,Limited,3,1,Velocity anomaly,VEL-01 High absolute velocity,"BEH-02 New-counterparty burst, NET-01 Fan-in collector","VEL-01, BEH-02, NET-01",weekly transaction count = 7 (contribution +2.63) [VEL-01 fired] | velocity vs own history = 2.5 (contribution +0.19) | distinct receivers (28d) = 3 (contribution +0.01),1903.25,7.0,New,dev
ALT-W07-09959,7,49,9959,LOW,99.155,Limited,2,1,Velocity anomaly,VEL-01 High absolute velocity,BEH-02 New-counterparty burst,"VEL-01, BEH-02",weekly transaction count = 7 (contribution +2.63) [VEL-01 fired] | velocity vs own history = 2.462 (contribution +0.19) | distinct receivers (28d) = 2 (contribution +0.01),2436.35,7.0,New,dev
ALT-W07-19977,7,49,19977,LOW,99.137,Limited,1,1,Velocity anomaly,VEL-01 High absolute velocity,,VEL-01,weekly transaction count = 7 (contribution +2.63) [VEL-01 fired] | velocity vs own history = 2.4 (contribution +0.18),1429.4699999999998,7.0,New,dev
ALT-W07-09843,7,49,9843,LOW,99.134,Limited,2,1,Velocity anomaly,VEL-01 High absolute velocity,BEH-02 New-counterparty burst,"VEL-01, BEH-02",weekly transaction count = 7 (contribution +2.63) [VEL-01 fired] | velocity vs own history = 2.133 (contribution +0.14) | distinct receivers (28d) = 6 (contribution +0.03),1976.73,7.0,New,dev
ALT-W07-08757,7,49,8757,LOW,99.131,Limited,2,1,Velocity anomaly,VEL-01 High absolute velocity,BEH-01 Velocity spike vs own baseline,"VEL-01, BEH-01",weekly transaction count = 6 (contribution +2.33) [VEL-01 fired] | velocity vs own history = 4.667 (contribution +0.45) [BEH-01 fired] | distinct receivers (28d) = 3 (contribution +0.01),284.22,6.0,New,dev
ALT-W07-03307,7,49,3307,LOW,99.12,Limited,2,1,Velocity anomaly,VEL-01 High absolute velocity,BEH-01 Velocity spike vs own baseline,"VEL-01, BEH-01",weekly transaction count = 6 (contribution +2.33) [VEL-01 fired] | velocity vs own history = 4.667 (contribution +0.45) [BEH-01 fired] | distinct receivers (28d) = 2 (contribution +0.01),204.70999999999998,6.0,New,dev
ALT-W07-19992,7,49,19992,LOW,99.108,Moderate,3,2,Velocity anomaly,VEL-01 High absolute velocity,"BEH-02 New-counterparty burst, NET-01 Fan-in collector","VEL-01, BEH-02, NET-01",weekly transaction count = 7 (contribution +2.63) [VEL-01 fired] | velocity vs own history = 2.353 (contribution +0.17),2575.4,7.0,New,dev
ALT-W07-09714,7,49,9714,LOW,99.089,Limited,2,1,Velocity anomaly,VEL-01 High absolute velocity,"BEH-01 Velocity spike vs own baseline, BEH-02 New-counterparty burst","VEL-01, BEH-01, BEH-02",weekly transaction count = 6 (contribution +2.33) [VEL-01 fired] | velocity vs own history = 4.2 (contribution +0.40) [BEH-01 fired] | distinct receivers (28d) = 5 (contribution +0.03),1392.71,6.0,New,dev
ALT-W07-08546,7,49,8546,LOW,99.075,Limited,2,1,Velocity anomaly,VEL-01 High absolute velocity,"BEH-01 Velocity spike vs own baseline, BEH-02 New-counterparty burst","VEL-01, BEH-01, BEH-02",weekly transaction count = 6 (contribution +2.33) [VEL-01 fired] | velocity vs own history = 4.2 (contribution +0.40) [BEH-01 fired] | distinct receivers (28d) = 3 (contribution +0.01),1570.56,6.0,New,dev
ALT-W07-09824,7,49,9824,LOW,99.049,Limited,3,1,Velocity anomaly,VEL-01 High absolute velocity,"BEH-02 New-counterparty burst, NET-01 Fan-in collector, NET-03 Flow centrality (PageRank)","VEL-01, BEH-02, NET-01, NET-03",weekly transaction count = 7 (contribution +2.63) [VEL-01 fired] | velocity vs own history = 2 (contribution +0.11),2039.22,7.0,New,dev
ALT-W07-04099,7,49,4099,LOW,99.044,Limited,2,1,Velocity anomaly,VEL-01 High absolute velocity,BEH-01 Velocity spike vs own baseline,"VEL-01, BEH-01",weekly transaction count = 6 (contribution +2.33) [VEL-01 fired] | velocity vs own history = 4.2 (contribution +0.40) [BEH-01 fired],154.91,6.0,New,dev
ALT-W07-18736,7,49,18736,LOW,99.014,Limited,2,1,Velocity anomaly,VEL-01 High absolute velocity,"BEH-01 Velocity spike vs own baseline, BEH-02 New-counterparty burst","VEL-01, BEH-01, BEH-02",weekly transaction count = 6 (contribution +2.33) [VEL-01 fired] | velocity vs own history = 4 (contribution +0.38) [BEH-01 fired],1756.27,6.0,New,dev
ALT-W08-09984,8,56,9984,CRITICAL,100.0,Strong,4,4,Velocity anomaly,VEL-01 High absolute velocity,"BEH-02 New-counterparty burst, AML-03 Circular flow, NET-01 Fan-in collector, NET-02 Fan-out distributor, NET-03 Flow centrality (PageRank)","VEL-01, BEH-02, AML-03, NET-01, NET-02, NET-03",weekly transaction count = 32 (contribution +5.79) [VEL-01 fired] | circular-flow participation = 3 (contribution +0.70) [AML-03 fired] | velocity vs own history = 2.176 (contribution +0.14) | distinct receivers (28d) = 28 (contribution +0.07) [NET-02 fired],8224.05,32.0,New,dev
ALT-W08-09987,8,56,9987,CRITICAL,99.999,Strong,4,4,Velocity anomaly,VEL-01 High absolute velocity,"BEH-02 New-counterparty burst, AML-03 Circular flow, NET-01 Fan-in collector, NET-02 Fan-out distributor, NET-03 Flow centrality (PageRank)","VEL-01, BEH-02, AML-03, NET-01, NET-02, NET-03",weekly transaction count = 24 (contribution +5.17) [VEL-01 fired] | circular-flow participation = 8 (contribution +1.10) [AML-03 fired] | velocity vs own history = 1.966 (contribution +0.11) | distinct receivers (28d) = 28 (contribution +0.07) [NET-02 fired],6620.72,24.0,New,dev
ALT-W08-09988,8,56,9988,CRITICAL,99.994,Strong,4,4,Velocity anomaly,VEL-01 High absolute velocity,"BEH-02 New-counterparty burst, AML-03 Circular flow, NET-01 Fan-in collector, NET-02 Fan-out distributor, NET-03 Flow centrality (PageRank)","VEL-01, BEH-02, AML-03, NET-01, NET-02, NET-03",weekly transaction count = 27 (contribution +5.42) [VEL-01 fired] | circular-flow participation = 2 (contribution +0.55) [AML-03 fired] | velocity vs own history = 2.366 (contribution +0.17) | distinct receivers (28d) = 28 (contribution +0.07) [NET-02 fired],8493.17,27.0,New,dev
ALT-W08-09986,8,56,9986,CRITICAL,99.985,Strong,4,4,Velocity anomaly,VEL-01 High absolute velocity,"BEH-02 New-counterparty burst, AML-03 Circular flow, NET-01 Fan-in collector, NET-02 Fan-out distributor, NET-03 Flow centrality (PageRank)","VEL-01, BEH-02, AML-03, NET-01, NET-02, NET-03",weekly transaction count = 24 (contribution +5.17) [VEL-01 fired] | circular-flow participation = 3 (contribution +0.70) [AML-03 fired] | distinct receivers (28d) = 28 (contribution +0.07) [NET-02 fired] | velocity vs own history = 1.456 (contribution +0.01),5841.71,24.0,New,dev
ALT-W08-09990,8,56,9990,CRITICAL,99.978,Strong,5,4,Velocity anomaly,VEL-01 High absolute velocity,"TXN-01 Large transaction, BEH-02 New-counterparty burst, AML-03 Circular flow, NET-01 Fan-in collector, NET-02 Fan-out distributor, NET-03 Flow centrality (PageRank)","TXN-01, VEL-01, BEH-02, AML-03, NET-01, NET-02, NET-03",weekly transaction count = 25 (contribution +5.26) [VEL-01 fired] | circular-flow participation = 1 (contribution +0.35) [AML-03 fired] | velocity vs own history = 2.053 (contribution +0.12) | distinct receivers (28d) = 28 (contribution +0.07) [NET-02 fired],7575.84,25.0,New,dev
ALT-W08-09989,8,56,9989,CRITICAL,99.974,Strong,4,4,Velocity anomaly,VEL-01 High absolute velocity,"BEH-02 New-counterparty burst, AML-03 Circular flow, NET-01 Fan-in collector, NET-02 Fan-out distributor, NET-03 Flow centrality (PageRank)","VEL-01, BEH-02, AML-03, NET-01, NET-02, NET-03",weekly transaction count = 25 (contribution +5.26) [VEL-01 fired] | circular-flow participation = 1 (contribution +0.35) [AML-03 fired] | velocity vs own history = 1.902 (contribution +0.10) | distinct receivers (28d) = 29 (contribution +0.07) [NET-02 fired],6404.78,25.0,New,dev
ALT-W08-09991,8,56,9991,CRITICAL,99.967,Strong,4,4,Velocity anomaly,VEL-01 High absolute velocity,"BEH-02 New-counterparty burst, AML-01 Rapid pass-through, AML-03 Circular flow, NET-01 Fan-in collector, NET-02 Fan-out distributor, NET-03 Flow centrality (PageRank)","VEL-01, BEH-02, AML-01, AML-03, NET-01, NET-02, NET-03",weekly transaction count = 19 (contribution +4.67) [VEL-01 fired] | circular-flow participation = 4 (contribution +0.81) [AML-03 fired] | velocity vs own history = 2.143 (contribution +0.14) | distinct receivers (28d) = 28 (contribution +0.07) [NET-02 fired],5484.03,19.0,New,dev
ALT-W08-19993,8,56,19993,CRITICAL,99.962,Limited,4,1,Velocity anomaly,VEL-01 High absolute velocity,"BEH-01 Velocity spike vs own baseline, BEH-02 New-counterparty burst, AML-03 Circular flow, NET-01 Fan-in collector, NET-02 Fan-out distributor","VEL-01, BEH-01, BEH-02, AML-03, NET-01, NET-02",weekly transaction count = 18 (contribution +4.56) [VEL-01 fired] | velocity vs own history = 6.65 (contribution +0.61) [BEH-01 fired] | circular-flow participation = 1 (contribution +0.35) [AML-03 fired] | distinct receivers (28d) = 8 (contribution +0.04) [NET-02 fired],4420.48,18.0,New,dev
ALT-W08-19969,8,56,19969,CRITICAL,99.945,Strong,3,3,Velocity anomaly,VEL-01 High absolute velocity,"BEH-01 Velocity spike vs own baseline, BEH-02 New-counterparty burst, NET-01 Fan-in collector, NET-03 Flow centrality (PageRank)","VEL-01, BEH-01, BEH-02, NET-01, NET-03",weekly transaction count = 22 (contribution +4.98) [VEL-01 fired] | velocity vs own history = 3.578 (contribution +0.34) [BEH-01 fired],6966.450000000001,22.0,New,dev
ALT-W08-19988,8,56,19988,CRITICAL,99.939,Moderate,5,2,Velocity anomaly,VEL-01 High absolute velocity,"TXN-01 Large transaction, BEH-01 Velocity spike vs own baseline, BEH-02 New-counterparty burst, AML-03 Circular flow, NET-01 Fan-in collector, NET-02 Fan-out distributor, NET-03 Flow centrality (PageRank)","TXN-01, VEL-01, BEH-01, BEH-02, AML-03, NET-01, NET-02, NET-03",weekly transaction count = 18 (contribution +4.56) [VEL-01 fired] | circular-flow participation = 1 (contribution +0.35) [AML-03 fired] | velocity vs own history = 3.41 (contribution +0.32) [BEH-01 fired] | distinct receivers (28d) = 7 (contribution +0.03) [NET-02 fired],6253.25,18.0,New,dev
ALT-W08-19999,8,56,19999,CRITICAL,99.929,Limited,3,1,Velocity anomaly,VEL-01 High absolute velocity,"BEH-01 Velocity spike vs own baseline, BEH-02 New-counterparty burst, NET-02 Fan-out distributor","VEL-01, BEH-01, BEH-02, NET-02",weekly transaction count = 16 (contribution +4.31) [VEL-01 fired] | velocity vs own history = 10.2 (contribution +0.81) [BEH-01 fired] | distinct receivers (28d) = 14 (contribution +0.05) [NET-02 fired],5547.070000000001,16.0,New,dev
ALT-W08-09985,8,56,9985,CRITICAL,99.916,Strong,3,4,Velocity anomaly,VEL-01 High absolute velocity,"BEH-02 New-counterparty burst, NET-01 Fan-in collector, NET-02 Fan-out distributor, NET-03 Flow centrality (PageRank)","VEL-01, BEH-02, NET-01, NET-02, NET-03",weekly transaction count = 22 (contribution +4.98) [VEL-01 fired] | distinct receivers (28d) = 28 (contribution +0.07) [NET-02 fired] | velocity vs own history = 1.731 (contribution +0.06),6553.1900000000005,22.0,New,dev
ALT-W08-19986,8,56,19986,CRITICAL,99.909,Moderate,3,2,Velocity anomaly,VEL-01 High absolute velocity,"BEH-02 New-counterparty burst, NET-01 Fan-in collector, NET-02 Fan-out distributor, NET-03 Flow centrality (PageRank)","VEL-01, BEH-02, NET-01, NET-02, NET-03",weekly transaction count = 20 (contribution +4.78) [VEL-01 fired] | velocity vs own history = 3.062 (contribution +0.27) | distinct receivers (28d) = 7 (contribution +0.03) [NET-02 fired],6193.09,20.0,New,dev
ALT-W08-09998,8,56,9998,HIGH,99.889,Strong,3,4,Velocity anomaly,VEL-01 High absolute velocity,"BEH-02 New-counterparty burst, NET-01 Fan-in collector, NET-02 Fan-out distributor","VEL-01, BEH-02, NET-01, NET-02",weekly transaction count = 21 (contribution +4.88) [VEL-01 fired] | distinct receivers (28d) = 56 (contribution +0.09) [NET-02 fired],7055.3,21.0,New,dev
ALT-W08-19990,8,56,19990,HIGH,99.879,Moderate,3,2,Velocity anomaly,VEL-01 High absolute velocity,"BEH-01 Velocity spike vs own baseline, BEH-02 New-counterparty burst, NET-01 Fan-in collector, NET-02 Fan-out distributor, NET-03 Flow centrality (PageRank)","VEL-01, BEH-01, BEH-02, NET-01, NET-02, NET-03",weekly transaction count = 17 (contribution +4.44) [VEL-01 fired] | velocity vs own history = 4.696 (contribution +0.45) [BEH-01 fired] | distinct receivers (28d) = 7 (contribution +0.03) [NET-02 fired],4350.86,17.0,New,dev
ALT-W08-09993,8,56,9993,HIGH,99.877,Strong,4,4,Velocity anomaly,VEL-01 High absolute velocity,"BEH-02 New-counterparty burst, AML-01 Rapid pass-through, AML-03 Circular flow, NET-01 Fan-in collector, NET-02 Fan-out distributor, NET-03 Flow centrality (PageRank)","VEL-01, BEH-02, AML-01, AML-03, NET-01, NET-02, NET-03",weekly transaction count = 15 (contribution +4.18) [VEL-01 fired] | circular-flow participation = 3 (contribution +0.70) [AML-03 fired] | distinct receivers (28d) = 28 (contribution +0.07) [NET-02 fired],3402.37,15.0,New,dev
ALT-W08-09996,8,56,9996,HIGH,99.876,Strong,4,4,Velocity anomaly,VEL-01 High absolute velocity,"BEH-02 New-counterparty burst, AML-03 Circular flow, NET-01 Fan-in collector, NET-02 Fan-out distributor","VEL-01, BEH-02, AML-03, NET-01, NET-02",weekly transaction count = 13 (contribution +3.88) [VEL-01 fired] | circular-flow participation = 5 (contribution +0.90) [AML-03 fired] | distinct receivers (28d) = 28 (contribution +0.07) [NET-02 fired] | velocity vs own history = 1.667 (contribution +0.05),4324.34,13.0,New,dev
ALT-W08-19585,8,56,19585,HIGH,99.875,Limited,4,1,Velocity anomaly,VEL-01 High absolute velocity,"BEH-01 Velocity spike vs own baseline, BEH-02 New-counterparty burst, AML-03 Circular flow, NET-03 Flow centrality (PageRank)","VEL-01, BEH-01, BEH-02, AML-03, NET-03",weekly transaction count = 14 (contribution +4.03) [VEL-01 fired] | velocity vs own history = 5.357 (contribution +0.51) [BEH-01 fired] | circular-flow participation = 1 (contribution +0.35) [AML-03 fired] | distinct receivers (28d) = 3 (contribution +0.01),2026.17,14.0,New,dev
ALT-W08-19984,8,56,19984,HIGH,99.871,Strong,4,3,Velocity anomaly,VEL-01 High absolute velocity,"BEH-02 New-counterparty burst, AML-03 Circular flow, NET-01 Fan-in collector, NET-02 Fan-out distributor, NET-03 Flow centrality (PageRank)","VEL-01, BEH-02, AML-03, NET-01, NET-02, NET-03",weekly transaction count = 13 (contribution +3.88) [VEL-01 fired] | circular-flow participation = 5 (contribution +0.90) [AML-03 fired] | velocity vs own history = 1.787 (contribution +0.07) | distinct receivers (28d) = 7 (contribution +0.03) [NET-02 fired],4347.21,13.0,New,dev
ALT-W08-19985,8,56,19985,HIGH,99.867,Strong,4,4,Velocity anomaly,VEL-01 High absolute velocity,"BEH-02 New-counterparty burst, AML-03 Circular flow, NET-01 Fan-in collector, NET-02 Fan-out distributor, NET-03 Flow centrality (PageRank)","VEL-01, BEH-02, AML-03, NET-01, NET-02, NET-03",weekly transaction count = 16 (contribution +4.31) [VEL-01 fired] | circular-flow participation = 1 (contribution +0.35) [AML-03 fired] | velocity vs own history = 2.333 (contribution +0.17) | distinct receivers (28d) = 7 (contribution +0.03) [NET-02 fired],3766.34,16.0,New,dev
ALT-W08-09994,8,56,9994,HIGH,99.865,Strong,4,4,Velocity anomaly,VEL-01 High absolute velocity,"BEH-02 New-counterparty burst, AML-03 Circular flow, NET-01 Fan-in collector, NET-02 Fan-out distributor, NET-03 Flow centrality (PageRank)","VEL-01, BEH-02, AML-03, NET-01, NET-02, NET-03",weekly transaction count = 16 (contribution +4.31) [VEL-01 fired] | circular-flow participation = 1 (contribution +0.35) [AML-03 fired] | velocity vs own history = 2 (contribution +0.11) | distinct receivers (28d) = 28 (contribution +0.07) [NET-02 fired],4969.3099999999995,16.0,New,dev
ALT-W08-09992,8,56,9992,HIGH,99.861,Strong,4,4,Velocity anomaly,VEL-01 High absolute velocity,"BEH-02 New-counterparty burst, AML-03 Circular flow, NET-01 Fan-in collector, NET-02 Fan-out distributor, NET-03 Flow centrality (PageRank)","VEL-01, BEH-02, AML-03, NET-01, NET-02, NET-03",weekly transaction count = 15 (contribution +4.18) [VEL-01 fired] | circular-flow participation = 2 (contribution +0.55) [AML-03 fired] | distinct receivers (28d) = 28 (contribution +0.07) [NET-02 fired] | velocity vs own history = 1.6 (contribution +0.04),3279.2200000000003,15.0,New,dev
ALT-W08-09997,8,56,9997,HIGH,99.86,Strong,4,4,Velocity anomaly,VEL-01 High absolute velocity,"BEH-02 New-counterparty burst, AML-03 Circular flow, NET-02 Fan-out distributor","VEL-01, BEH-02, AML-03, NET-02",weekly transaction count = 13 (contribution +3.88) [VEL-01 fired] | circular-flow participation = 4 (contribution +0.81) [AML-03 fired] | distinct receivers (28d) = 28 (contribution +0.07) [NET-02 fired] | velocity vs own history = 1.647 (contribution +0.05),3546.8500000000004,13.0,New,dev
ALT-W08-19841,8,56,19841,HIGH,99.858,Limited,4,1,Velocity anomaly,VEL-01 High absolute velocity,"TXN-01 Large transaction, BEH-01 Velocity spike vs own baseline, BEH-02 New-counterparty burst, NET-01 Fan-in collector, NET-03 Flow centrality (PageRank)","TXN-01, VEL-01, BEH-01, BEH-02, NET-01, NET-03",weekly transaction count = 16 (contribution +4.31) [VEL-01 fired] | velocity vs own history = 5 (contribution +0.48) [BEH-01 fired] | distinct receivers (28d) = 2 (contribution +0.01),5209.370000000001,16.0,New,dev
ALT-W08-19972,8,56,19972,HIGH,99.853,Strong,4,4,Velocity anomaly,VEL-01 High absolute velocity,"BEH-02 New-counterparty burst, AML-03 Circular flow, NET-01 Fan-in collector, NET-03 Flow centrality (PageRank)","VEL-01, BEH-02, AML-03, NET-01, NET-03",weekly transaction count = 14 (contribution +4.03) [VEL-01 fired] | circular-flow participation = 2 (contribution +0.55) [AML-03 fired] | velocity vs own history = 2.333 (contribution +0.17) | distinct receivers (28d) = 4 (contribution +0.02),3901.14,14.0,New,dev
ALT-W08-19998,8,56,19998,HIGH,99.844,Limited,3,1,Velocity anomaly,VEL-01 High absolute velocity,"BEH-01 Velocity spike vs own baseline, BEH-02 New-counterparty burst, NET-02 Fan-out distributor","VEL-01, BEH-01, BEH-02, NET-02",weekly transaction count = 15 (contribution +4.18) [VEL-01 fired] | velocity vs own history = 5.333 (contribution +0.51) [BEH-01 fired] | distinct receivers (28d) = 14 (contribution +0.05) [NET-02 fired],4010.0400000000004,15.0,New,dev
ALT-W08-19994,8,56,19994,HIGH,99.824,Limited,4,1,Velocity anomaly,VEL-01 High absolute velocity,"BEH-01 Velocity spike vs own baseline, BEH-02 New-counterparty burst, AML-03 Circular flow, NET-01 Fan-in collector, NET-02 Fan-out distributor, NET-03 Flow centrality (PageRank)","VEL-01, BEH-01, BEH-02, AML-03, NET-01, NET-02, NET-03",weekly transaction count = 13 (contribution +3.88) [VEL-01 fired] | circular-flow participation = 1 (contribution +0.35) [AML-03 fired] | velocity vs own history = 3.5 (contribution +0.33) [BEH-01 fired] | distinct receivers (28d) = 7 (contribution +0.03) [NET-02 fired],3351.77,13.0,New,dev
ALT-W08-19980,8,56,19980,HIGH,99.816,Moderate,3,2,Velocity anomaly,VEL-01 High absolute velocity,"BEH-01 Velocity spike vs own baseline, BEH-02 New-counterparty burst, NET-01 Fan-in collector, NET-02 Fan-out distributor","VEL-01, BEH-01, BEH-02, NET-01, NET-02",weekly transaction count = 14 (contribution +4.03) [VEL-01 fired] | velocity vs own history = 5 (contribution +0.48) [BEH-01 fired] | distinct receivers (28d) = 7 (contribution +0.03) [NET-02 fired],3400.42,14.0,New,dev
ALT-W08-19991,8,56,19991,HIGH,99.814,Limited,3,1,Velocity anomaly,VEL-01 High absolute velocity,"BEH-01 Velocity spike vs own baseline, BEH-02 New-counterparty burst, NET-01 Fan-in collector, NET-02 Fan-out distributor","VEL-01, BEH-01, BEH-02, NET-01, NET-02",weekly transaction count = 15 (contribution +4.18) [VEL-01 fired] | velocity vs own history = 3.478 (contribution +0.32) [BEH-01 fired] | distinct receivers (28d) = 7 (contribution +0.03) [NET-02 fired],3710.3100000000004,15.0,New,dev
ALT-W08-19968,8,56,19968,HIGH,99.807,Strong,3,3,Velocity anomaly,VEL-01 High absolute velocity,"BEH-02 New-counterparty burst, NET-01 Fan-in collector, NET-03 Flow centrality (PageRank)","VEL-01, BEH-02, NET-01, NET-03",weekly transaction count = 17 (contribution +4.44) [VEL-01 fired] | velocity vs own history = 1.895 (contribution +0.09),4948.889999999999,17.0,New,dev
ALT-W08-19981,8,56,19981,HIGH,99.805,Limited,4,1,Velocity anomaly,VEL-01 High absolute velocity,"BEH-01 Velocity spike vs own baseline, BEH-02 New-counterparty burst, AML-01 Rapid pass-through, NET-02 Fan-out distributor","VEL-01, BEH-01, BEH-02, AML-01, NET-02",weekly transaction count = 13 (contribution +3.88) [VEL-01 fired] | velocity vs own history = 6.222 (contribution +0.58) [BEH-01 fired] | distinct receivers (28d) = 7 (contribution +0.03) [NET-02 fired],3955.51,13.0,New,dev
ALT-W08-09939,8,56,9939,HIGH,99.801,Limited,3,1,Velocity anomaly,VEL-01 High absolute velocity,"BEH-01 Velocity spike vs own baseline, BEH-02 New-counterparty burst, NET-01 Fan-in collector","VEL-01, BEH-01, BEH-02, NET-01",weekly transaction count = 14 (contribution +4.03) [VEL-01 fired] | velocity vs own history = 4.565 (contribution +0.44) [BEH-01 fired] | distinct receivers (28d) = 2 (contribution +0.01),2966.33,14.0,New,dev
ALT-W08-19970,8,56,19970,HIGH,99.796,Moderate,3,2,Velocity anomaly,VEL-01 High absolute velocity,"BEH-02 New-counterparty burst, NET-01 Fan-in collector, NET-03 Flow centrality (PageRank)","VEL-01, BEH-02, NET-01, NET-03",weekly transaction count = 16 (contribution +4.31) [VEL-01 fired] | velocity vs own history = 2.125 (contribution +0.13),4054.04,16.0,New,dev
ALT-W08-19840,8,56,19840,HIGH,99.791,Limited,3,1,Velocity anomaly,VEL-01 High absolute velocity,"BEH-02 New-counterparty burst, NET-01 Fan-in collector, NET-03 Flow centrality (PageRank)","VEL-01, BEH-02, NET-01, NET-03",weekly transaction count = 14 (contribution +4.03) [VEL-01 fired] | velocity vs own history = 3.214 (contribution +0.29) | distinct receivers (28d) = 2 (contribution +0.01),3693.2200000000003,14.0,New,dev
ALT-W08-09999,8,56,9999,HIGH,99.786,Strong,3,4,Velocity anomaly,VEL-01 High absolute velocity,"BEH-02 New-counterparty burst, NET-02 Fan-out distributor","VEL-01, BEH-02, NET-02",weekly transaction count = 16 (contribution +4.31) [VEL-01 fired] | distinct receivers (28d) = 56 (contribution +0.09) [NET-02 fired],5338.07,16.0,New,dev
ALT-W08-19979,8,56,19979,HIGH,99.778,Moderate,4,2,Velocity anomaly,VEL-01 High absolute velocity,"BEH-02 New-counterparty burst, AML-03 Circular flow, NET-01 Fan-in collector, NET-02 Fan-out distributor, NET-03 Flow centrality (PageRank)","VEL-01, BEH-02, AML-03, NET-01, NET-02, NET-03",weekly transaction count = 12 (contribution +3.71) [VEL-01 fired] | circular-flow participation = 1 (contribution +0.35) [AML-03 fired] | velocity vs own history = 2.6 (contribution +0.21) | distinct receivers (28d) = 7 (contribution +0.03) [NET-02 fired],3651.82,12.0,New,dev
ALT-W08-09995,8,56,9995,HIGH,99.765,Strong,3,4,Velocity anomaly,VEL-01 High absolute velocity,"BEH-02 New-counterparty burst, NET-01 Fan-in collector, NET-02 Fan-out distributor","VEL-01, BEH-02, NET-01, NET-02",weekly transaction count = 14 (contribution +4.03) [VEL-01 fired] | velocity vs own history = 1.957 (contribution +0.11) | distinct receivers (28d) = 28 (contribution +0.07) [NET-02 fired],4154.6900000000005,14.0,New,dev
ALT-W08-19982,8,56,19982,HIGH,99.764,Limited,4,1,Velocity anomaly,VEL-01 High absolute velocity,"BEH-01 Velocity spike vs own baseline, BEH-02 New-counterparty burst, AML-03 Circular flow, NET-02 Fan-out distributor","VEL-01, BEH-01, BEH-02, AML-03, NET-02",weekly transaction count = 9 (contribution +3.13) [VEL-01 fired] | circular-flow participation = 3 (contribution +0.70) [AML-03 fired] | velocity vs own history = 3.636 (contribution +0.34) [BEH-01 fired] | distinct receivers (28d) = 7 (contribution +0.03) [NET-02 fired],2846.1000000000004,9.0,New,dev
ALT-W08-08872,8,56,8872,HIGH,99.758,Limited,2,1,Velocity anomaly,VEL-01 High absolute velocity,BEH-01 Velocity spike vs own baseline,"VEL-01, BEH-01",weekly transaction count = 11 (contribution +3.53) [VEL-01 fired] | velocity vs own history = 6.545 (contribution +0.60) [BEH-01 fired] | distinct receivers (28d) = 3 (contribution +0.01),636.19,11.0,New,dev
ALT-W08-19536,8,56,19536,HIGH,99.756,Limited,3,1,Velocity anomaly,VEL-01 High absolute velocity,"BEH-01 Velocity spike vs own baseline, BEH-02 New-counterparty burst, NET-03 Flow centrality (PageRank)","VEL-01, BEH-01, BEH-02, NET-03",weekly transaction count = 12 (contribution +3.71) [VEL-01 fired] | velocity vs own history = 4.333 (contribution +0.42) [BEH-01 fired] | distinct receivers (28d) = 3 (contribution +0.01),1958.21,12.0,New,dev
ALT-W08-19648,8,56,19648,HIGH,99.749,Limited,3,1,Velocity anomaly,VEL-01 High absolute velocity,"BEH-01 Velocity spike vs own baseline, BEH-02 New-counterparty burst, NET-01 Fan-in collector, NET-03 Flow centrality (PageRank)","VEL-01, BEH-01, BEH-02, NET-01, NET-03",weekly transaction count = 12 (contribution +3.71) [VEL-01 fired] | velocity vs own history = 4.333 (contribution +0.42) [BEH-01 fired] | distinct receivers (28d) = 2 (contribution +0.01),3011.1800000000003,12.0,New,dev
ALT-W08-19940,8,56,19940,HIGH,99.746,Limited,3,1,Velocity anomaly,VEL-01 High absolute velocity,"BEH-01 Velocity spike vs own baseline, BEH-02 New-counterparty burst, NET-01 Fan-in collector, NET-03 Flow centrality (PageRank)","VEL-01, BEH-01, BEH-02, NET-01, NET-03",weekly transaction count = 12 (contribution +3.71) [VEL-01 fired] | velocity vs own history = 4.136 (contribution +0.40) [BEH-01 fired] | distinct receivers (28d) = 3 (contribution +0.01),2914.91,12.0,New,dev
ALT-W08-19873,8,56,19873,HIGH,99.732,Limited,2,1,Velocity anomaly,VEL-01 High absolute velocity,"BEH-01 Velocity spike vs own baseline, BEH-02 New-counterparty burst","VEL-01, BEH-01, BEH-02",weekly transaction count = 12 (contribution +3.71) [VEL-01 fired] | velocity vs own history = 3.545 (contribution +0.33) [BEH-01 fired] | distinct receivers (28d) = 3 (contribution +0.01),2457.1000000000004,12.0,New,dev
ALT-W08-19907,8,56,19907,HIGH,99.732,Limited,3,1,Velocity anomaly,VEL-01 High absolute velocity,"BEH-01 Velocity spike vs own baseline, BEH-02 New-counterparty burst, NET-01 Fan-in collector, NET-03 Flow centrality (PageRank)","VEL-01, BEH-01, BEH-02, NET-01, NET-03",weekly transaction count = 12 (contribution +3.71) [VEL-01 fired] | velocity vs own history = 3.545 (contribution +0.33) [BEH-01 fired] | distinct receivers (28d) = 3 (contribution +0.01),2756.1800000000003,12.0,New,dev
ALT-W08-19926,8,56,19926,HIGH,99.723,Limited,3,1,Velocity anomaly,VEL-01 High absolute velocity,"TXN-01 Large transaction, BEH-01 Velocity spike vs own baseline, BEH-02 New-counterparty burst","TXN-01, VEL-01, BEH-01, BEH-02",weekly transaction count = 11 (contribution +3.53) [VEL-01 fired] | velocity vs own history = 4.941 (contribution +0.47) [BEH-01 fired] | distinct receivers (28d) = 5 (contribution +0.03),3606.33,11.0,New,dev
ALT-W08-19992,8,56,19992,HIGH,99.722,Strong,3,3,Velocity anomaly,VEL-01 High absolute velocity,"BEH-02 New-counterparty burst, NET-01 Fan-in collector, NET-02 Fan-out distributor","VEL-01, BEH-02, NET-01, NET-02",weekly transaction count = 12 (contribution +3.71) [VEL-01 fired] | velocity vs own history = 3.12 (contribution +0.28) | distinct receivers (28d) = 7 (contribution +0.03) [NET-02 fired],4234.56,12.0,New,dev
ALT-W08-19953,8,56,19953,HIGH,99.717,Limited,3,1,Velocity anomaly,VEL-01 High absolute velocity,"BEH-02 New-counterparty burst, NET-01 Fan-in collector","VEL-01, BEH-02, NET-01",weekly transaction count = 12 (contribution +3.71) [VEL-01 fired] | velocity vs own history = 2.935 (contribution +0.26) | distinct receivers (28d) = 5 (contribution +0.03),3199.94,12.0,New,dev
ALT-W08-19971,8,56,19971,HIGH,99.715,Moderate,3,2,Velocity anomaly,VEL-01 High absolute velocity,"BEH-02 New-counterparty burst, NET-01 Fan-in collector, NET-03 Flow centrality (PageRank)","VEL-01, BEH-02, NET-01, NET-03",weekly transaction count = 13 (contribution +3.88) [VEL-01 fired] | velocity vs own history = 2.042 (contribution +0.12),4019.8700000000003,13.0,New,dev
ALT-W08-09768,8,56,9768,HIGH,99.708,Limited,3,1,Velocity anomaly,VEL-01 High absolute velocity,"AML-03 Circular flow, NET-02 Fan-out distributor, NET-03 Flow centrality (PageRank)","VEL-01, AML-03, NET-02, NET-03",weekly transaction count = 10 (contribution +3.34) [VEL-01 fired] | circular-flow participation = 1 (contribution +0.35) [AML-03 fired] | velocity vs own history = 2.588 (contribution +0.21) | distinct receivers (28d) = 11 (contribution +0.05) [NET-02 fired],1316.48,10.0,New,dev
ALT-W08-19896,8,56,19896,HIGH,99.704,Limited,2,1,Velocity anomaly,VEL-01 High absolute velocity,"BEH-01 Velocity spike vs own baseline, BEH-02 New-counterparty burst","VEL-01, BEH-01, BEH-02",weekly transaction count = 11 (contribution +3.53) [VEL-01 fired] | velocity vs own history = 4 (contribution +0.38) [BEH-01 fired] | distinct receivers (28d) = 3 (contribution +0.01),2154.4300000000003,11.0,New,dev
ALT-W08-19987,8,56,19987,MEDIUM,99.695,Strong,3,4,Velocity anomaly,VEL-01 High absolute velocity,"BEH-02 New-counterparty burst, NET-01 Fan-in collector, NET-02 Fan-out distributor, NET-03 Flow centrality (PageRank)","VEL-01, BEH-02, NET-01, NET-02, NET-03",weekly transaction count = 13 (contribution +3.88) [VEL-01 fired] | distinct receivers (28d) = 7 (contribution +0.03) [NET-02 fired],3784.8500000000004,13.0,New,dev
ALT-W08-19842,8,56,19842,MEDIUM,99.692,Limited,3,1,Velocity anomaly,VEL-01 High absolute velocity,"BEH-01 Velocity spike vs own baseline, BEH-02 New-counterparty burst, NET-01 Fan-in collector","VEL-01, BEH-01, BEH-02, NET-01",weekly transaction count = 11 (contribution +3.53) [VEL-01 fired] | velocity vs own history = 3.652 (contribution +0.34) [BEH-01 fired] | distinct receivers (28d) = 2 (contribution +0.01),1660.94,11.0,New,dev
ALT-W08-19943,8,56,19943,MEDIUM,99.69,Limited,2,1,Velocity anomaly,VEL-01 High absolute velocity,"BEH-01 Velocity spike vs own baseline, BEH-02 New-counterparty burst","VEL-01, BEH-01, BEH-02",weekly transaction count = 10 (contribution +3.34) [VEL-01 fired] | velocity vs own history = 5.5 (contribution +0.52) [BEH-01 fired] | distinct receivers (28d) = 3 (contribution +0.01),3032.7200000000003,10.0,New,dev
ALT-W08-19936,8,56,19936,MEDIUM,99.689,Limited,3,1,Velocity anomaly,VEL-01 High absolute velocity,"BEH-02 New-counterparty burst, NET-01 Fan-in collector, NET-03 Flow centrality (PageRank)","VEL-01, BEH-02, NET-01, NET-03",weekly transaction count = 12 (contribution +3.71) [VEL-01 fired] | velocity vs own history = 2.167 (contribution +0.14) | distinct receivers (28d) = 3 (contribution +0.01),2730.67,12.0,New,dev
ALT-W08-05543,8,56,5543,MEDIUM,99.687,Limited,2,1,Velocity anomaly,VEL-01 High absolute velocity,BEH-01 Velocity spike vs own baseline,"VEL-01, BEH-01",weekly transaction count = 10 (contribution +3.34) [VEL-01 fired] | velocity vs own history = 5.5 (contribution +0.52) [BEH-01 fired] | distinct receivers (28d) = 2 (contribution +0.01),141.0,10.0,New,dev
ALT-W08-09969,8,56,9969,MEDIUM,99.685,Moderate,3,2,Velocity anomaly,VEL-01 High absolute velocity,"BEH-02 New-counterparty burst, NET-01 Fan-in collector, NET-03 Flow centrality (PageRank)","VEL-01, BEH-02, NET-01, NET-03",weekly transaction count = 12 (contribution +3.71) [VEL-01 fired] | velocity vs own history = 2.275 (contribution +0.16),3133.83,12.0,New,dev
ALT-W08-19983,8,56,19983,MEDIUM,99.677,Limited,3,1,Velocity anomaly,VEL-01 High absolute velocity,"BEH-01 Velocity spike vs own baseline, BEH-02 New-counterparty burst, NET-02 Fan-out distributor","VEL-01, BEH-01, BEH-02, NET-02",weekly transaction count = 9 (contribution +3.13) [VEL-01 fired] | velocity vs own history = 7.5 (contribution +0.66) [BEH-01 fired] | distinct receivers (28d) = 7 (contribution +0.03) [NET-02 fired],2521.39,9.0,New,dev
ALT-W08-19905,8,56,19905,MEDIUM,99.673,Limited,3,1,Velocity anomaly,VEL-01 High absolute velocity,"BEH-02 New-counterparty burst, NET-01 Fan-in collector, NET-03 Flow centrality (PageRank)","VEL-01, BEH-02, NET-01, NET-03",weekly transaction count = 11 (contribution +3.53) [VEL-01 fired] | velocity vs own history = 2.897 (contribution +0.25) | distinct receivers (28d) = 3 (contribution +0.01),3067.71,11.0,New,dev
ALT-W08-04725,8,56,4725,MEDIUM,99.664,Limited,2,1,Velocity anomaly,VEL-01 High absolute velocity,BEH-01 Velocity spike vs own baseline,"VEL-01, BEH-01",weekly transaction count = 9 (contribution +3.13) [VEL-01 fired] | velocity vs own history = 6.667 (contribution +0.61) [BEH-01 fired] | distinct receivers (28d) = 3 (contribution +0.01),1470.07,9.0,New,dev
ALT-W08-09762,8,56,9762,MEDIUM,99.649,Limited,3,1,Velocity anomaly,VEL-01 High absolute velocity,"BEH-01 Velocity spike vs own baseline, BEH-02 New-counterparty burst, NET-02 Fan-out distributor, NET-03 Flow centrality (PageRank)","VEL-01, BEH-01, BEH-02, NET-02, NET-03",weekly transaction count = 10 (contribution +3.34) [VEL-01 fired] | velocity vs own history = 3.348 (contribution +0.31) [BEH-01 fired] | distinct receivers (28d) = 10 (contribution +0.04) [NET-02 fired],2376.1000000000004,10.0,New,dev
ALT-W08-19952,8,56,19952,MEDIUM,99.648,Moderate,3,2,Velocity anomaly,VEL-01 High absolute velocity,"BEH-02 New-counterparty burst, NET-01 Fan-in collector, NET-03 Flow centrality (PageRank)","VEL-01, BEH-02, NET-01, NET-03",weekly transaction count = 11 (contribution +3.53) [VEL-01 fired] | velocity vs own history = 2.118 (contribution +0.13) | distinct receivers (28d) = 4 (contribution +0.02),2977.1899999999996,11.0,New,dev
ALT-W08-09537,8,56,9537,MEDIUM,99.641,Limited,3,1,Velocity anomaly,VEL-01 High absolute velocity,"BEH-01 Velocity spike vs own baseline, BEH-02 New-counterparty burst, NET-01 Fan-in collector","VEL-01, BEH-01, BEH-02, NET-01",weekly transaction count = 10 (contribution +3.34) [VEL-01 fired] | velocity vs own history = 3.385 (contribution +0.31) [BEH-01 fired] | distinct receivers (28d) = 3 (contribution +0.01),2420.04,10.0,New,dev
ALT-W08-19876,8,56,19876,MEDIUM,99.636,Limited,3,1,Velocity anomaly,VEL-01 High absolute velocity,"BEH-02 New-counterparty burst, NET-01 Fan-in collector","VEL-01, BEH-02, NET-01",weekly transaction count = 10 (contribution +3.34) [VEL-01 fired] | velocity vs own history = 3.235 (contribution +0.29) | distinct receivers (28d) = 2 (contribution +0.01),2335.31,10.0,New,dev
ALT-W08-19889,8,56,19889,MEDIUM,99.624,Limited,3,1,Velocity anomaly,VEL-01 High absolute velocity,"BEH-02 New-counterparty burst, NET-01 Fan-in collector","VEL-01, BEH-02, NET-01",weekly transaction count = 10 (contribution +3.34) [VEL-01 fired] | velocity vs own history = 2.895 (contribution +0.25) | distinct receivers (28d) = 4 (contribution +0.02),2550.06,10.0,New,dev
ALT-W08-19997,8,56,19997,MEDIUM,99.615,Limited,4,1,Velocity anomaly,VEL-01 High absolute velocity,"BEH-01 Velocity spike vs own baseline, BEH-02 New-counterparty burst, AML-01 Rapid pass-through, NET-02 Fan-out distributor","VEL-01, BEH-01, BEH-02, AML-01, NET-02",weekly transaction count = 9 (contribution +3.13) [VEL-01 fired] | velocity vs own history = 4.286 (contribution +0.41) [BEH-01 fired] | distinct receivers (28d) = 7 (contribution +0.03) [NET-02 fired],2638.48,9.0,New,dev
ALT-W08-19989,8,56,19989,MEDIUM,99.613,Limited,3,1,Velocity anomaly,VEL-01 High absolute velocity,"BEH-02 New-counterparty burst, NET-01 Fan-in collector, NET-02 Fan-out distributor","VEL-01, BEH-02, NET-01, NET-02",weekly transaction count = 10 (contribution +3.34) [VEL-01 fired] | velocity vs own history = 2.5 (contribution +0.19) | distinct receivers (28d) = 7 (contribution +0.03) [NET-02 fired],3673.74,10.0,New,dev
ALT-W08-19974,8,56,19974,MEDIUM,99.606,Limited,3,1,Velocity anomaly,VEL-01 High absolute velocity,"BEH-02 New-counterparty burst, NET-01 Fan-in collector, NET-03 Flow centrality (PageRank)","VEL-01, BEH-02, NET-01, NET-03",weekly transaction count = 10 (contribution +3.34) [VEL-01 fired] | velocity vs own history = 2.444 (contribution +0.19) | distinct receivers (28d) = 2 (contribution +0.01),2876.42,10.0,New,dev
ALT-W08-09217,8,56,9217,MEDIUM,99.59,Limited,3,1,Velocity anomaly,VEL-01 High absolute velocity,"BEH-01 Velocity spike vs own baseline, BEH-02 New-counterparty burst, NET-03 Flow centrality (PageRank)","VEL-01, BEH-01, BEH-02, NET-03",weekly transaction count = 9 (contribution +3.13) [VEL-01 fired] | velocity vs own history = 3.333 (contribution +0.31) [BEH-01 fired] | distinct receivers (28d) = 5 (contribution +0.03),2370.0800000000004,9.0,New,dev
ALT-W08-09968,8,56,9968,MEDIUM,99.571,Strong,4,3,Velocity anomaly,VEL-01 High absolute velocity,"TXN-01 Large transaction, BEH-02 New-counterparty burst, NET-01 Fan-in collector, NET-03 Flow centrality (PageRank)","TXN-01, VEL-01, BEH-02, NET-01, NET-03",weekly transaction count = 10 (contribution +3.34) [VEL-01 fired] | velocity vs own history = 1.886 (contribution +0.09),2527.13,10.0,New,dev
ALT-W08-19975,8,56,19975,MEDIUM,99.57,Strong,4,3,Velocity anomaly,VEL-01 High absolute velocity,"BEH-02 New-counterparty burst, AML-03 Circular flow, NET-01 Fan-in collector, NET-03 Flow centrality (PageRank)","VEL-01, BEH-02, AML-03, NET-01, NET-03",weekly transaction count = 8 (contribution +2.89) [VEL-01 fired] | circular-flow participation = 2 (contribution +0.55) [AML-03 fired] | distinct receivers (28d) = 2 (contribution +0.01),1993.94,8.0,New,dev
ALT-W08-19346,8,56,19346,MEDIUM,99.566,Limited,2,1,Velocity anomaly,VEL-01 High absolute velocity,"BEH-01 Velocity spike vs own baseline, BEH-02 New-counterparty burst","VEL-01, BEH-01, BEH-02",weekly transaction count = 8 (contribution +2.89) [VEL-01 fired] | velocity vs own history = 5.143 (contribution +0.49) [BEH-01 fired] | distinct receivers (28d) = 3 (contribution +0.01),1583.76,8.0,New,dev
ALT-W08-19995,8,56,19995,MEDIUM,99.564,Limited,3,1,Velocity anomaly,VEL-01 High absolute velocity,"BEH-01 Velocity spike vs own baseline, BEH-02 New-counterparty burst, NET-02 Fan-out distributor","VEL-01, BEH-01, BEH-02, NET-02",weekly transaction count = 8 (contribution +2.89) [VEL-01 fired] | velocity vs own history = 4.846 (contribution +0.46) [BEH-01 fired] | distinct receivers (28d) = 7 (contribution +0.03) [NET-02 fired],1755.98,8.0,New,dev
ALT-W08-19063,8,56,19063,MEDIUM,99.561,Limited,3,1,Velocity anomaly,VEL-01 High absolute velocity,"BEH-01 Velocity spike vs own baseline, AML-01 Rapid pass-through","VEL-01, BEH-01, AML-01",weekly transaction count = 8 (contribution +2.89) [VEL-01 fired] | velocity vs own history = 5 (contribution +0.48) [BEH-01 fired] | distinct receivers (28d) = 3 (contribution +0.01),1268.65,8.0,New,dev
ALT-W08-07937,8,56,7937,MEDIUM,99.558,Limited,1,1,Velocity anomaly,VEL-01 High absolute velocity,,VEL-01,weekly transaction count = 9 (contribution +3.13) [VEL-01 fired] | velocity vs own history = 2.857 (contribution +0.25) | distinct receivers (28d) = 2 (contribution +0.01),1388.39,9.0,New,dev
ALT-W08-19683,8,56,19683,MEDIUM,99.543,Limited,2,1,Velocity anomaly,VEL-01 High absolute velocity,"BEH-01 Velocity spike vs own baseline, BEH-02 New-counterparty burst","VEL-01, BEH-01, BEH-02",weekly transaction count = 8 (contribution +2.89) [VEL-01 fired] | velocity vs own history = 4.5 (contribution +0.43) [BEH-01 fired] | distinct receivers (28d) = 4 (contribution +0.02),2308.48,8.0,New,dev
ALT-W08-19832,8,56,19832,MEDIUM,99.537,Limited,2,1,Velocity anomaly,VEL-01 High absolute velocity,BEH-01 Velocity spike vs own baseline,"VEL-01, BEH-01",weekly transaction count = 8 (contribution +2.89) [VEL-01 fired] | velocity vs own history = 4.5 (contribution +0.43) [BEH-01 fired] | distinct receivers (28d) = 3 (contribution +0.01),1263.95,8.0,New,dev
ALT-W08-19934,8,56,19934,MEDIUM,99.534,Limited,1,1,Velocity anomaly,VEL-01 High absolute velocity,,VEL-01,weekly transaction count = 7 (contribution +2.63) [VEL-01 fired] | velocity vs own history = 8 (contribution +0.69) | distinct receivers (28d) = 2 (contribution +0.01),730.3299999999999,7.0,New,dev
ALT-W08-19977,8,56,19977,MEDIUM,99.527,Moderate,3,2,Velocity anomaly,VEL-01 High absolute velocity,"BEH-02 New-counterparty burst, NET-01 Fan-in collector","VEL-01, BEH-02, NET-01",weekly transaction count = 9 (contribution +3.13) [VEL-01 fired] | velocity vs own history = 2.222 (contribution +0.15) | distinct receivers (28d) = 6 (contribution +0.03),2440.66,9.0,New,dev
ALT-W08-18791,8,56,18791,MEDIUM,99.511,Limited,2,1,Velocity anomaly,VEL-01 High absolute velocity,BEH-01 Velocity spike vs own baseline,"VEL-01, BEH-01",weekly transaction count = 8 (contribution +2.89) [VEL-01 fired] | velocity vs own history = 3.857 (contribution +0.37) [BEH-01 fired] | distinct receivers (28d) = 4 (contribution +0.02),1054.44,8.0,New,dev
ALT-W08-19892,8,56,19892,MEDIUM,99.51,Limited,2,1,Velocity anomaly,VEL-01 High absolute velocity,"BEH-01 Velocity spike vs own baseline, BEH-02 New-counterparty burst","VEL-01, BEH-01, BEH-02",weekly transaction count = 8 (contribution +2.89) [VEL-01 fired] | velocity vs own history = 3.75 (contribution +0.36) [BEH-01 fired] | distinct receivers (28d) = 5 (contribution +0.03),2579.67,8.0,New,dev
ALT-W08-09211,8,56,9211,MEDIUM,99.499,Limited,3,1,Velocity anomaly,VEL-01 High absolute velocity,"BEH-01 Velocity spike vs own baseline, AML-01 Rapid pass-through","VEL-01, BEH-01, AML-01",weekly transaction count = 8 (contribution +2.89) [VEL-01 fired] | velocity vs own history = 3.6 (contribution +0.34) [BEH-01 fired] | distinct receivers (28d) = 5 (contribution +0.03),511.63,8.0,New,dev
ALT-W08-19937,8,56,19937,MEDIUM,99.487,Limited,3,1,Velocity anomaly,VEL-01 High absolute velocity,"BEH-02 New-counterparty burst, NET-01 Fan-in collector, NET-03 Flow centrality (PageRank)","VEL-01, BEH-02, NET-01, NET-03",weekly transaction count = 9 (contribution +3.13) [VEL-01 fired] | velocity vs own history = 2 (contribution +0.11),2115.2200000000003,9.0,New,dev
ALT-W08-08366,8,56,8366,MEDIUM,99.486,Limited,2,1,Velocity anomaly,VEL-01 High absolute velocity,BEH-01 Velocity spike vs own baseline,"VEL-01, BEH-01",weekly transaction count = 7 (contribution +2.63) [VEL-01 fired] | velocity vs own history = 6.4 (contribution +0.59) [BEH-01 fired] | distinct receivers (28d) = 3 (contribution +0.01),291.44,7.0,New,dev
ALT-W08-16693,8,56,16693,MEDIUM,99.483,Limited,2,1,Velocity anomaly,VEL-01 High absolute velocity,BEH-01 Velocity spike vs own baseline,"VEL-01, BEH-01",weekly transaction count = 7 (contribution +2.63) [VEL-01 fired] | velocity vs own history = 6.667 (contribution +0.61) [BEH-01 fired],751.0699999999999,7.0,New,dev
ALT-W08-09888,8,56,9888,MEDIUM,99.477,Moderate,3,2,Velocity anomaly,VEL-01 High absolute velocity,"BEH-02 New-counterparty burst, NET-01 Fan-in collector","VEL-01, BEH-02, NET-01",weekly transaction count = 9 (contribution +3.13) [VEL-01 fired] | velocity vs own history = 1.935 (contribution +0.10),2421.5,9.0,New,dev
ALT-W08-09945,8,56,9945,MEDIUM,99.469,Limited,2,1,Velocity anomaly,VEL-01 High absolute velocity,"BEH-01 Velocity spike vs own baseline, BEH-02 New-counterparty burst","VEL-01, BEH-01, BEH-02",weekly transaction count = 8 (contribution +2.89) [VEL-01 fired] | velocity vs own history = 3.6 (contribution +0.34) [BEH-01 fired],2490.2200000000003,8.0,New,dev
ALT-W08-19525,8,56,19525,MEDIUM,99.461,Limited,2,1,Velocity anomaly,VEL-01 High absolute velocity,"BEH-01 Velocity spike vs own baseline, BEH-02 New-counterparty burst","VEL-01, BEH-01, BEH-02",weekly transaction count = 7 (contribution +2.63) [VEL-01 fired] | velocity vs own history = 5.714 (contribution +0.54) [BEH-01 fired] | distinct receivers (28d) = 4 (contribution +0.02),1435.6200000000001,7.0,New,dev
ALT-W08-19891,8,56,19891,MEDIUM,99.459,Limited,2,1,Velocity anomaly,VEL-01 High absolute velocity,BEH-02 New-counterparty burst,"VEL-01, BEH-02",weekly transaction count = 8 (contribution +2.89) [VEL-01 fired] | velocity vs own history = 3 (contribution +0.26) | distinct receivers (28d) = 5 (contribution +0.03),2197.42,8.0,New,dev
ALT-W08-06826,8,56,6826,MEDIUM,99.458,Limited,2,1,Velocity anomaly,VEL-01 High absolute velocity,TXN-01 Large transaction,"TXN-01, VEL-01",weekly transaction count = 8 (contribution +2.89) [VEL-01 fired] | velocity vs own history = 3 (contribution +0.26) | distinct receivers (28d) = 4 (contribution +0.02),1888.48,8.0,New,dev
ALT-W08-09472,8,56,9472,MEDIUM,99.456,Limited,3,1,Velocity anomaly,VEL-01 High absolute velocity,"BEH-02 New-counterparty burst, NET-03 Flow centrality (PageRank)","VEL-01, BEH-02, NET-03",weekly transaction count = 8 (contribution +2.89) [VEL-01 fired] | velocity vs own history = 3 (contribution +0.26) | distinct receivers (28d) = 3 (contribution +0.01),2631.0,8.0,New,dev
ALT-W08-07413,8,56,7413,MEDIUM,99.445,Limited,2,1,Velocity anomaly,VEL-01 High absolute velocity,BEH-01 Velocity spike vs own baseline,"VEL-01, BEH-01",weekly transaction count = 7 (contribution +2.63) [VEL-01 fired] | velocity vs own history = 5.714 (contribution +0.54) [BEH-01 fired],762.64,7.0,New,dev
ALT-W08-19874,8,56,19874,MEDIUM,99.432,Limited,3,1,Velocity anomaly,VEL-01 High absolute velocity,"BEH-02 New-counterparty burst, NET-01 Fan-in collector, NET-03 Flow centrality (PageRank)","VEL-01, BEH-02, NET-01, NET-03",weekly transaction count = 8 (contribution +2.89) [VEL-01 fired] | velocity vs own history = 2.864 (contribution +0.25),2156.3,8.0,New,dev
ALT-W08-17971,8,56,17971,MEDIUM,99.43,Limited,4,1,Velocity anomaly,VEL-01 High absolute velocity,"BEH-01 Velocity spike vs own baseline, AML-01 Rapid pass-through, NET-03 Flow centrality (PageRank)","VEL-01, BEH-01, AML-01, NET-03",weekly transaction count = 7 (contribution +2.63) [VEL-01 fired] | velocity vs own history = 5.333 (contribution +0.51) [BEH-01 fired],596.57,7.0,New,dev
ALT-W08-09664,8,56,9664,MEDIUM,99.427,Limited,2,1,Velocity anomaly,VEL-01 High absolute velocity,BEH-02 New-counterparty burst,"VEL-01, BEH-02",weekly transaction count = 8 (contribution +2.89) [VEL-01 fired] | velocity vs own history = 2.571 (contribution +0.21) | distinct receivers (28d) = 6 (contribution +0.03),1572.41,8.0,New,dev
ALT-W08-19843,8,56,19843,MEDIUM,99.421,Moderate,3,2,Velocity anomaly,VEL-01 High absolute velocity,"BEH-02 New-counterparty burst, NET-01 Fan-in collector","VEL-01, BEH-02, NET-01",weekly transaction count = 8 (contribution +2.89) [VEL-01 fired] | velocity vs own history = 2.571 (contribution +0.21) | distinct receivers (28d) = 3 (contribution +0.01),1970.81,8.0,New,dev
ALT-W08-19825,8,56,19825,MEDIUM,99.417,Limited,3,1,Velocity anomaly,VEL-01 High absolute velocity,"BEH-02 New-counterparty burst, NET-01 Fan-in collector, NET-03 Flow centrality (PageRank)","VEL-01, BEH-02, NET-01, NET-03",weekly transaction count = 8 (contribution +2.89) [VEL-01 fired] | velocity vs own history = 2.812 (contribution +0.24),1562.69,8.0,New,dev
ALT-W08-09733,8,56,9733,MEDIUM,99.408,Limited,4,1,Velocity anomaly,VEL-01 High absolute velocity,"BEH-02 New-counterparty burst, AML-03 Circular flow, NET-02 Fan-out distributor, NET-03 Flow centrality (PageRank)","VEL-01, BEH-02, AML-03, NET-02, NET-03",weekly transaction count = 7 (contribution +2.63) [VEL-01 fired] | circular-flow participation = 1 (contribution +0.35) [AML-03 fired] | velocity vs own history = 1.778 (contribution +0.07) | distinct receivers (28d) = 7 (contribution +0.03) [NET-02 fired],2225.48,7.0,New,dev
ALT-W08-19669,8,56,19669,MEDIUM,99.404,Limited,2,1,Velocity anomaly,VEL-01 High absolute velocity,"BEH-01 Velocity spike vs own baseline, BEH-02 New-counterparty burst","VEL-01, BEH-01, BEH-02",weekly transaction count = 7 (contribution +2.63) [VEL-01 fired] | velocity vs own history = 4.571 (contribution +0.44) [BEH-01 fired] | distinct receivers (28d) = 3 (contribution +0.01),2006.77,7.0,New,dev
ALT-W08-19777,8,56,19777,LOW,99.39,Limited,3,1,Velocity anomaly,VEL-01 High absolute velocity,"BEH-02 New-counterparty burst, NET-01 Fan-in collector, NET-03 Flow centrality (PageRank)","VEL-01, BEH-02, NET-01, NET-03",weekly transaction count = 8 (contribution +2.89) [VEL-01 fired] | velocity vs own history = 2.348 (contribution +0.17) | distinct receivers (28d) = 2 (contribution +0.01),3248.2799999999997,8.0,New,dev
ALT-W08-09952,8,56,9952,LOW,99.386,Strong,3,3,Velocity anomaly,VEL-01 High absolute velocity,"BEH-02 New-counterparty burst, NET-01 Fan-in collector, NET-03 Flow centrality (PageRank)","VEL-01, BEH-02, NET-01, NET-03",weekly transaction count = 9 (contribution +3.13) [VEL-01 fired],1726.31,9.0,New,dev
ALT-W08-09861,8,56,9861,LOW,99.382,Moderate,3,2,Velocity anomaly,VEL-01 High absolute velocity,"BEH-02 New-counterparty burst, NET-02 Fan-out distributor, NET-03 Flow centrality (PageRank)","VEL-01, BEH-02, NET-02, NET-03",weekly transaction count = 8 (contribution +2.89) [VEL-01 fired] | velocity vs own history = 2.045 (contribution +0.12) | distinct receivers (28d) = 9 (contribution +0.04) [NET-02 fired],1906.7,8.0,New,dev
ALT-W08-19809,8,56,19809,LOW,99.381,Moderate,3,2,Velocity anomaly,VEL-01 High absolute velocity,"BEH-02 New-counterparty burst, NET-01 Fan-in collector, NET-03 Flow centrality (PageRank)","VEL-01, BEH-02, NET-01, NET-03",weekly transaction count = 8 (contribution +2.89) [VEL-01 fired] | velocity vs own history = 2.25 (contribution +0.16) | distinct receivers (28d) = 2 (contribution +0.01),2088.09,8.0,New,dev
ALT-W08-19921,8,56,19921,LOW,99.373,Limited,3,1,Velocity anomaly,VEL-01 High absolute velocity,"BEH-02 New-counterparty burst, NET-01 Fan-in collector, NET-03 Flow centrality (PageRank)","VEL-01, BEH-02, NET-01, NET-03",weekly transaction count = 8 (contribution +2.89) [VEL-01 fired] | velocity vs own history = 2.25 (contribution +0.16),2011.92,8.0,New,dev
ALT-W08-09858,8,56,9858,LOW,99.368,Limited,4,1,Velocity anomaly,VEL-01 High absolute velocity,"TXN-01 Large transaction, BEH-02 New-counterparty burst, NET-01 Fan-in collector, NET-03 Flow centrality (PageRank)","TXN-01, VEL-01, BEH-02, NET-01, NET-03",weekly transaction count = 8 (contribution +2.89) [VEL-01 fired] | velocity vs own history = 2.16 (contribution +0.14),2236.25,8.0,New,dev
ALT-W08-16553,8,56,16553,LOW,99.359,Limited,2,1,Velocity anomaly,VEL-01 High absolute velocity,BEH-01 Velocity spike vs own baseline,"VEL-01, BEH-01",weekly transaction count = 7 (contribution +2.63) [VEL-01 fired] | velocity vs own history = 4 (contribution +0.38) [BEH-01 fired] | distinct receivers (28d) = 2 (contribution +0.01),731.44,7.0,New,dev
ALT-W08-09730,8,56,9730,LOW,99.349,Limited,3,1,Velocity anomaly,VEL-01 High absolute velocity,"BEH-02 New-counterparty burst, NET-03 Flow centrality (PageRank)","VEL-01, BEH-02, NET-03",weekly transaction count = 8 (contribution +2.89) [VEL-01 fired] | velocity vs own history = 1.895 (contribution +0.09) | distinct receivers (28d) = 4 (contribution +0.02),1891.83,8.0,New,dev
ALT-W08-14569,8,56,14569,LOW,99.348,Limited,2,1,Velocity anomaly,VEL-01 High absolute velocity,BEH-01 Velocity spike vs own baseline,"VEL-01, BEH-01",weekly transaction count = 7 (contribution +2.63) [VEL-01 fired] | velocity vs own history = 4 (contribution +0.38) [BEH-01 fired],757.77,7.0,New,dev
ALT-W08-19433,8,56,19433,LOW,99.348,Limited,2,1,Velocity anomaly,VEL-01 High absolute velocity,BEH-01 Velocity spike vs own baseline,"VEL-01, BEH-01",weekly transaction count = 7 (contribution +2.63) [VEL-01 fired] | velocity vs own history = 4 (contribution +0.38) [BEH-01 fired],701.6400000000001,7.0,New,dev
ALT-W08-09729,8,56,9729,LOW,99.344,Limited,3,1,Velocity anomaly,VEL-01 High absolute velocity,"BEH-02 New-counterparty burst, NET-01 Fan-in collector, NET-02 Fan-out distributor, NET-03 Flow centrality (PageRank)","VEL-01, BEH-02, NET-01, NET-02, NET-03",weekly transaction count = 8 (contribution +2.89) [VEL-01 fired] | velocity vs own history = 1.8 (contribution +0.08) | distinct receivers (28d) = 7 (contribution +0.03) [NET-02 fired],1722.75,8.0,New,dev
ALT-W08-19370,8,56,19370,LOW,99.312,Limited,2,1,Velocity anomaly,VEL-01 High absolute velocity,BEH-02 New-counterparty burst,"VEL-01, BEH-02",weekly transaction count = 6 (contribution +2.33) [VEL-01 fired] | velocity vs own history = 7 (contribution +0.63) | distinct receivers (28d) = 4 (contribution +0.02),1079.56,6.0,New,dev
ALT-W08-19878,8,56,19878,LOW,99.307,Limited,2,1,Velocity anomaly,VEL-01 High absolute velocity,"BEH-01 Velocity spike vs own baseline, BEH-02 New-counterparty burst","VEL-01, BEH-01, BEH-02",weekly transaction count = 7 (contribution +2.63) [VEL-01 fired] | velocity vs own history = 3.556 (contribution +0.33) [BEH-01 fired] | distinct receivers (28d) = 3 (contribution +0.01),1493.29,7.0,New,dev
ALT-W08-18549,8,56,18549,LOW,99.305,Limited,2,1,Velocity anomaly,VEL-01 High absolute velocity,BEH-02 New-counterparty burst,"VEL-01, BEH-02",weekly transaction count = 6 (contribution +2.33) [VEL-01 fired] | velocity vs own history = 7 (contribution +0.63) | distinct receivers (28d) = 3 (contribution +0.01),1804.38,6.0,New,dev
ALT-W08-09923,8,56,9923,LOW,99.303,Limited,3,1,Velocity anomaly,VEL-01 High absolute velocity,"BEH-02 New-counterparty burst, NET-01 Fan-in collector, NET-03 Flow centrality (PageRank)","VEL-01, BEH-02, NET-01, NET-03",weekly transaction count = 8 (contribution +2.89) [VEL-01 fired] | velocity vs own history = 1.742 (contribution +0.07) | distinct receivers (28d) = 3 (contribution +0.01),1722.4099999999999,8.0,New,dev
ALT-W08-04884,8,56,4884,LOW,99.296,Limited,2,1,Velocity anomaly,VEL-01 High absolute velocity,BEH-01 Velocity spike vs own baseline,"VEL-01, BEH-01",weekly transaction count = 7 (contribution +2.63) [VEL-01 fired] | velocity vs own history = 3.429 (contribution +0.32) [BEH-01 fired] | distinct receivers (28d) = 4 (contribution +0.02),874.82,7.0,New,dev
ALT-W08-09617,8,56,9617,LOW,99.294,Limited,2,1,Velocity anomaly,VEL-01 High absolute velocity,"BEH-01 Velocity spike vs own baseline, BEH-02 New-counterparty burst","VEL-01, BEH-01, BEH-02",weekly transaction count = 7 (contribution +2.63) [VEL-01 fired] | velocity vs own history = 3.556 (contribution +0.33) [BEH-01 fired] | distinct receivers (28d) = 2 (contribution +0.01),1610.1799999999998,7.0,New,dev
ALT-W08-19609,8,56,19609,LOW,99.293,Limited,1,1,Velocity anomaly,VEL-01 High absolute velocity,,VEL-01,weekly transaction count = 6 (contribution +2.33) [VEL-01 fired] | velocity vs own history = 7 (contribution +0.63) | distinct receivers (28d) = 2 (contribution +0.01),419.9,6.0,New,dev
ALT-W08-19973,8,56,19973,LOW,99.285,Moderate,3,2,Velocity anomaly,VEL-01 High absolute velocity,"BEH-02 New-counterparty burst, NET-01 Fan-in collector, NET-03 Flow centrality (PageRank)","VEL-01, BEH-02, NET-01, NET-03",weekly transaction count = 8 (contribution +2.89) [VEL-01 fired] | velocity vs own history = 1.8 (contribution +0.08),2040.41,8.0,New,dev
ALT-W08-09982,8,56,9982,LOW,99.282,Strong,3,4,Velocity anomaly,VEL-01 High absolute velocity,"BEH-02 New-counterparty burst, NET-02 Fan-out distributor","VEL-01, BEH-02, NET-02",weekly transaction count = 8 (contribution +2.89) [VEL-01 fired] | distinct receivers (28d) = 28 (contribution +0.07) [NET-02 fired],2853.89,8.0,New,dev
ALT-W08-13219,8,56,13219,LOW,99.279,Limited,1,1,Velocity anomaly,VEL-01 High absolute velocity,,VEL-01,weekly transaction count = 6 (contribution +2.33) [VEL-01 fired] | velocity vs own history = 7 (contribution +0.63),138.26,6.0,New,dev
ALT-W08-09981,8,56,9981,LOW,99.264,Strong,3,3,Velocity anomaly,VEL-01 High absolute velocity,"BEH-02 New-counterparty burst, NET-02 Fan-out distributor","VEL-01, BEH-02, NET-02",weekly transaction count = 8 (contribution +2.89) [VEL-01 fired] | distinct receivers (28d) = 28 (contribution +0.07) [NET-02 fired],2155.18,8.0,New,dev
ALT-W08-19572,8,56,19572,LOW,99.256,Limited,2,1,Velocity anomaly,VEL-01 High absolute velocity,"BEH-01 Velocity spike vs own baseline, BEH-02 New-counterparty burst","VEL-01, BEH-01, BEH-02",weekly transaction count = 7 (contribution +2.63) [VEL-01 fired] | velocity vs own history = 3.429 (contribution +0.32) [BEH-01 fired],1485.78,7.0,New,dev
ALT-W08-19996,8,56,19996,LOW,99.251,Limited,3,1,Velocity anomaly,VEL-01 High absolute velocity,"BEH-02 New-counterparty burst, NET-02 Fan-out distributor","VEL-01, BEH-02, NET-02",weekly transaction count = 7 (contribution +2.63) [VEL-01 fired] | velocity vs own history = 3.077 (contribution +0.27) | distinct receivers (28d) = 7 (contribution +0.03) [NET-02 fired],1503.6000000000001,7.0,New,dev
ALT-W08-19619,8,56,19619,LOW,99.248,Limited,2,1,Velocity anomaly,VEL-01 High absolute velocity,BEH-02 New-counterparty burst,"VEL-01, BEH-02",weekly transaction count = 7 (contribution +2.63) [VEL-01 fired] | velocity vs own history = 3.2 (contribution +0.29) | distinct receivers (28d) = 3 (contribution +0.01),1910.3,7.0,New,dev
ALT-W08-09190,8,56,9190,LOW,99.242,Limited,2,1,Velocity anomaly,VEL-01 High absolute velocity,TXN-01 Large transaction,"TXN-01, VEL-01",weekly transaction count = 7 (contribution +2.63) [VEL-01 fired] | velocity vs own history = 3.077 (contribution +0.27) | distinct receivers (28d) = 4 (contribution +0.02),1111.46,7.0,New,dev
ALT-W08-09983,8,56,9983,LOW,99.239,Moderate,3,2,Velocity anomaly,VEL-01 High absolute velocity,"BEH-02 New-counterparty burst, NET-02 Fan-out distributor","VEL-01, BEH-02, NET-02",weekly transaction count = 8 (contribution +2.89) [VEL-01 fired] | distinct receivers (28d) = 28 (contribution +0.07) [NET-02 fired],3071.3900000000003,8.0,New,dev
ALT-W08-19811,8,56,19811,LOW,99.22,Limited,2,1,Velocity anomaly,VEL-01 High absolute velocity,BEH-02 New-counterparty burst,"VEL-01, BEH-02",weekly transaction count = 7 (contribution +2.63) [VEL-01 fired] | velocity vs own history = 3.077 (contribution +0.27),1727.1399999999999,7.0,New,dev
ALT-W08-02850,8,56,2850,LOW,99.219,Limited,2,1,Velocity anomaly,VEL-01 High absolute velocity,"AML-01 Rapid pass-through, AML-03 Circular flow","VEL-01, AML-01, AML-03",weekly transaction count = 6 (contribution +2.33) [VEL-01 fired] | circular-flow participation = 1 (contribution +0.35) [AML-03 fired] | velocity vs own history = 2.692 (contribution +0.22),306.72,6.0,New,dev
ALT-W08-17286,8,56,17286,LOW,99.218,Limited,2,1,Velocity anomaly,VEL-01 High absolute velocity,"BEH-01 Velocity spike vs own baseline, BEH-02 New-counterparty burst","VEL-01, BEH-01, BEH-02",weekly transaction count = 6 (contribution +2.33) [VEL-01 fired] | velocity vs own history = 6 (contribution +0.56) [BEH-01 fired] | distinct receivers (28d) = 2 (contribution +0.01),1186.91,6.0,New,dev
ALT-W08-09978,8,56,9978,LOW,99.216,Strong,3,3,Velocity anomaly,VEL-01 High absolute velocity,"BEH-02 New-counterparty burst, NET-02 Fan-out distributor","VEL-01, BEH-02, NET-02",weekly transaction count = 8 (contribution +2.89) [VEL-01 fired] | distinct receivers (28d) = 28 (contribution +0.07) [NET-02 fired],2746.96,8.0,New,dev
ALT-W08-19844,8,56,19844,LOW,99.208,Limited,2,1,Velocity anomaly,VEL-01 High absolute velocity,BEH-02 New-counterparty burst,"VEL-01, BEH-02",weekly transaction count = 7 (contribution +2.63) [VEL-01 fired] | velocity vs own history = 2.909 (contribution +0.25) | distinct receivers (28d) = 2 (contribution +0.01),2152.51,7.0,New,dev
ALT-W08-09980,8,56,9980,LOW,99.206,Strong,3,4,Velocity anomaly,VEL-01 High absolute velocity,"BEH-02 New-counterparty burst, NET-02 Fan-out distributor","VEL-01, BEH-02, NET-02",weekly transaction count = 8 (contribution +2.89) [VEL-01 fired] | distinct receivers (28d) = 28 (contribution +0.07) [NET-02 fired],2558.04,8.0,New,dev
ALT-W08-00827,8,56,827,LOW,99.205,Limited,2,1,Velocity anomaly,VEL-01 High absolute velocity,BEH-01 Velocity spike vs own baseline,"VEL-01, BEH-01",weekly transaction count = 6 (contribution +2.33) [VEL-01 fired] | velocity vs own history = 6 (contribution +0.56) [BEH-01 fired],473.41,6.0,New,dev
ALT-W08-19824,8,56,19824,LOW,99.196,Limited,2,1,Velocity anomaly,VEL-01 High absolute velocity,BEH-02 New-counterparty burst,"VEL-01, BEH-02",weekly transaction count = 7 (contribution +2.63) [VEL-01 fired] | velocity vs own history = 2.857 (contribution +0.25) | distinct receivers (28d) = 2 (contribution +0.01),1948.6,7.0,New,dev
ALT-W08-09024,8,56,9024,LOW,99.186,Limited,3,1,Velocity anomaly,VEL-01 High absolute velocity,"BEH-02 New-counterparty burst, NET-03 Flow centrality (PageRank)","VEL-01, BEH-02, NET-03",weekly transaction count = 7 (contribution +2.63) [VEL-01 fired] | velocity vs own history = 2.857 (contribution +0.25),2792.42,7.0,New,dev
ALT-W08-19910,8,56,19910,LOW,99.174,Limited,2,1,Velocity anomaly,VEL-01 High absolute velocity,BEH-02 New-counterparty burst,"VEL-01, BEH-02",weekly transaction count = 7 (contribution +2.63) [VEL-01 fired] | velocity vs own history = 2.5 (contribution +0.19) | distinct receivers (28d) = 4 (contribution +0.02),1688.97,7.0,New,dev
ALT-W08-09909,8,56,9909,LOW,99.172,Limited,1,1,Velocity anomaly,VEL-01 High absolute velocity,,VEL-01,weekly transaction count = 7 (contribution +2.63) [VEL-01 fired] | velocity vs own history = 2.667 (contribution +0.22),572.51,7.0,New,dev
ALT-W08-19682,8,56,19682,LOW,99.172,Limited,3,1,Velocity anomaly,VEL-01 High absolute velocity,"BEH-02 New-counterparty burst, NET-03 Flow centrality (PageRank)","VEL-01, BEH-02, NET-03",weekly transaction count = 7 (contribution +2.63) [VEL-01 fired] | velocity vs own history = 2.667 (contribution +0.22),1485.01,7.0,New,dev
ALT-W08-09570,8,56,9570,LOW,99.16,Limited,3,1,Velocity anomaly,VEL-01 High absolute velocity,"BEH-02 New-counterparty burst, NET-02 Fan-out distributor","VEL-01, BEH-02, NET-02",weekly transaction count = 7 (contribution +2.63) [VEL-01 fired] | velocity vs own history = 2.286 (contribution +0.16) | distinct receivers (28d) = 9 (contribution +0.04) [NET-02 fired],1175.69,7.0,New,dev
ALT-W08-09496,8,56,9496,LOW,99.151,Limited,2,1,Velocity anomaly,VEL-01 High absolute velocity,NET-02 Fan-out distributor,"VEL-01, NET-02",weekly transaction count = 7 (contribution +2.63) [VEL-01 fired] | velocity vs own history = 2.182 (contribution +0.14) | distinct receivers (28d) = 9 (contribution +0.04) [NET-02 fired],272.51,7.0,New,dev
ALT-W08-19911,8,56,19911,LOW,99.14,Limited,2,1,Velocity anomaly,VEL-01 High absolute velocity,"BEH-01 Velocity spike vs own baseline, BEH-02 New-counterparty burst","VEL-01, BEH-01, BEH-02",weekly transaction count = 6 (contribution +2.33) [VEL-01 fired] | velocity vs own history = 5 (contribution +0.48) [BEH-01 fired],1817.95,6.0,New,dev
ALT-W08-19939,8,56,19939,LOW,99.137,Moderate,3,2,Velocity anomaly,VEL-01 High absolute velocity,"BEH-02 New-counterparty burst, NET-01 Fan-in collector","VEL-01, BEH-02, NET-01",weekly transaction count = 7 (contribution +2.63) [VEL-01 fired] | velocity vs own history = 2.4 (contribution +0.18),2572.91,7.0,New,dev
ALT-W08-09957,8,56,9957,LOW,99.135,Limited,3,1,Velocity anomaly,VEL-01 High absolute velocity,"BEH-02 New-counterparty burst, NET-01 Fan-in collector","VEL-01, BEH-02, NET-01",weekly transaction count = 7 (contribution +2.63) [VEL-01 fired] | velocity vs own history = 2.5 (contribution +0.19),1353.39,7.0,New,dev
ALT-W08-09348,8,56,9348,LOW,99.134,Limited,1,1,Velocity anomaly,VEL-01 High absolute velocity,,VEL-01,weekly transaction count = 7 (contribution +2.63) [VEL-01 fired] | velocity vs own history = 2.133 (contribution +0.14) | distinct receivers (28d) = 6 (contribution +0.03),376.84000000000003,7.0,New,dev
ALT-W08-19959,8,56,19959,LOW,99.122,Limited,2,1,Velocity anomaly,VEL-01 High absolute velocity,BEH-02 New-counterparty burst,"VEL-01, BEH-02",weekly transaction count = 7 (contribution +2.63) [VEL-01 fired] | velocity vs own history = 2.182 (contribution +0.14) | distinct receivers (28d) = 3 (contribution +0.01),1695.0,7.0,New,dev
ALT-W08-19925,8,56,19925,LOW,99.112,Limited,2,1,Velocity anomaly,VEL-01 High absolute velocity,BEH-02 New-counterparty burst,"VEL-01, BEH-02",weekly transaction count = 7 (contribution +2.63) [VEL-01 fired] | velocity vs own history = 2.182 (contribution +0.14) | distinct receivers (28d) = 2 (contribution +0.01),1927.89,7.0,New,dev
ALT-W08-15537,8,56,15537,LOW,99.105,Limited,2,1,Velocity anomaly,VEL-01 High absolute velocity,BEH-01 Velocity spike vs own baseline,"VEL-01, BEH-01",weekly transaction count = 6 (contribution +2.33) [VEL-01 fired] | velocity vs own history = 4.667 (contribution +0.45) [BEH-01 fired],141.32999999999998,6.0,New,dev
ALT-W08-19908,8,56,19908,LOW,99.099,Limited,3,1,Velocity anomaly,VEL-01 High absolute velocity,"BEH-02 New-counterparty burst, NET-01 Fan-in collector, NET-03 Flow centrality (PageRank)","VEL-01, BEH-02, NET-01, NET-03",weekly transaction count = 7 (contribution +2.63) [VEL-01 fired] | velocity vs own history = 2.074 (contribution +0.13) | distinct receivers (28d) = 3 (contribution +0.01),1780.1,7.0,New,dev
ALT-W08-19920,8,56,19920,LOW,99.09,Limited,3,1,Velocity anomaly,VEL-01 High absolute velocity,"BEH-02 New-counterparty burst, NET-01 Fan-in collector","VEL-01, BEH-02, NET-01",weekly transaction count = 7 (contribution +2.63) [VEL-01 fired] | velocity vs own history = 2.074 (contribution +0.13) | distinct receivers (28d) = 2 (contribution +0.01),1579.07,7.0,New,dev
ALT-W08-03209,8,56,3209,LOW,99.075,Limited,2,1,Velocity anomaly,VEL-01 High absolute velocity,BEH-01 Velocity spike vs own baseline,"VEL-01, BEH-01",weekly transaction count = 6 (contribution +2.33) [VEL-01 fired] | velocity vs own history = 4.2 (contribution +0.40) [BEH-01 fired] | distinct receivers (28d) = 3 (contribution +0.01),275.03,6.0,New,dev
ALT-W08-19930,8,56,19930,LOW,99.075,Limited,2,1,Velocity anomaly,VEL-01 High absolute velocity,"BEH-01 Velocity spike vs own baseline, BEH-02 New-counterparty burst","VEL-01, BEH-01, BEH-02",weekly transaction count = 6 (contribution +2.33) [VEL-01 fired] | velocity vs own history = 4.2 (contribution +0.40) [BEH-01 fired] | distinct receivers (28d) = 3 (contribution +0.01),1666.23,6.0,New,dev
ALT-W08-19593,8,56,19593,LOW,99.065,Limited,2,1,Velocity anomaly,VEL-01 High absolute velocity,BEH-02 New-counterparty burst,"VEL-01, BEH-02",weekly transaction count = 7 (contribution +2.63) [VEL-01 fired] | velocity vs own history = 2 (contribution +0.11) | distinct receivers (28d) = 2 (contribution +0.01),1384.73,7.0,New,dev
ALT-W08-06768,8,56,6768,LOW,99.047,Limited,2,1,Velocity anomaly,VEL-01 High absolute velocity,"BEH-01 Velocity spike vs own baseline, BEH-02 New-counterparty burst","VEL-01, BEH-01, BEH-02",weekly transaction count = 6 (contribution +2.33) [VEL-01 fired] | velocity vs own history = 4 (contribution +0.38) [BEH-01 fired] | distinct receivers (28d) = 4 (contribution +0.02),2282.8,6.0,New,dev
ALT-W08-19268,8,56,19268,LOW,99.044,Limited,2,1,Velocity anomaly,VEL-01 High absolute velocity,"BEH-01 Velocity spike vs own baseline, BEH-02 New-counterparty burst","VEL-01, BEH-01, BEH-02",weekly transaction count = 6 (contribution +2.33) [VEL-01 fired] | velocity vs own history = 4.2 (contribution +0.40) [BEH-01 fired],1794.4,6.0,New,dev
ALT-W08-09959,8,56,9959,LOW,99.034,Moderate,5,2,Velocity anomaly,VEL-01 High absolute velocity,"TXN-01 Large transaction, BEH-02 New-counterparty burst, AML-03 Circular flow, NET-01 Fan-in collector","TXN-01, VEL-01, BEH-02, AML-03, NET-01",weekly transaction count = 6 (contribution +2.33) [VEL-01 fired] | circular-flow participation = 1 (contribution +0.35) [AML-03 fired] | velocity vs own history = 1.667 (contribution +0.05),1865.76,6.0,New,dev
ALT-W08-09808,8,56,9808,LOW,99.028,Moderate,3,2,Velocity anomaly,VEL-01 High absolute velocity,"BEH-02 New-counterparty burst, NET-01 Fan-in collector","VEL-01, BEH-02, NET-01",weekly transaction count = 7 (contribution +2.63) [VEL-01 fired] | velocity vs own history = 1.714 (contribution +0.06) | distinct receivers (28d) = 6 (contribution +0.03),1585.36,7.0,New,dev
ALT-W08-09940,8,56,9940,LOW,99.026,Limited,3,1,Velocity anomaly,VEL-01 High absolute velocity,"BEH-02 New-counterparty burst, NET-01 Fan-in collector","VEL-01, BEH-02, NET-01",weekly transaction count = 7 (contribution +2.63) [VEL-01 fired] | velocity vs own history = 1.905 (contribution +0.10),1533.39,7.0,New,dev
ALT-W08-09891,8,56,9891,LOW,99.023,Limited,4,1,Velocity anomaly,VEL-01 High absolute velocity,"TXN-01 Large transaction, BEH-02 New-counterparty burst, NET-01 Fan-in collector","TXN-01, VEL-01, BEH-02, NET-01",weekly transaction count = 7 (contribution +2.63) [VEL-01 fired] | velocity vs own history = 1.882 (contribution +0.09),2774.99,7.0,New,dev
ALT-W08-09922,8,56,9922,LOW,99.007,Moderate,3,2,Velocity anomaly,VEL-01 High absolute velocity,"BEH-02 New-counterparty burst, NET-01 Fan-in collector, NET-02 Fan-out distributor, NET-03 Flow centrality (PageRank)","VEL-01, BEH-02, NET-01, NET-02, NET-03",weekly transaction count = 7 (contribution +2.63) [VEL-01 fired] | velocity vs own history = 1.6 (contribution +0.04) | distinct receivers (28d) = 7 (contribution +0.03) [NET-02 fired],1680.42,7.0,New,dev
ALT-W09-09999,9,63,9999,CRITICAL,99.997,Strong,4,5,Velocity anomaly,VEL-01 High absolute velocity,"BEH-02 New-counterparty burst, AML-03 Circular flow, NET-01 Fan-in collector, NET-02 Fan-out distributor","VEL-01, BEH-02, AML-03, NET-01, NET-02",weekly transaction count = 26 (contribution +5.34) [VEL-01 fired] | circular-flow participation = 4 (contribution +0.81) [AML-03 fired] | distinct receivers (28d) = 56 (contribution +0.09) [NET-02 fired] | velocity vs own history = 1.646 (contribution +0.05),6264.1900000000005,26.0,New,dev
ALT-W09-09998,9,63,9998,CRITICAL,99.996,Strong,4,5,Velocity anomaly,VEL-01 High absolute velocity,"BEH-02 New-counterparty burst, AML-03 Circular flow, NET-01 Fan-in collector, NET-02 Fan-out distributor","VEL-01, BEH-02, AML-03, NET-01, NET-02",weekly transaction count = 22 (contribution +4.98) [VEL-01 fired] | circular-flow participation = 10 (contribution +1.21) [AML-03 fired] | distinct receivers (28d) = 56 (contribution +0.09) [NET-02 fired],6502.070000000001,22.0,New,dev
ALT-W09-09987,9,63,9987,CRITICAL,99.991,Strong,4,5,Velocity anomaly,VEL-01 High absolute velocity,"BEH-02 New-counterparty burst, AML-03 Circular flow, NET-01 Fan-in collector, NET-02 Fan-out distributor, NET-03 Flow centrality (PageRank)","VEL-01, BEH-02, AML-03, NET-01, NET-02, NET-03",weekly transaction count = 23 (contribution +5.08) [VEL-01 fired] | circular-flow participation = 5 (contribution +0.90) [AML-03 fired] | distinct receivers (28d) = 28 (contribution +0.07) [NET-02 fired] | velocity vs own history = 1.684 (contribution +0.06),5952.870000000001,23.0,New,dev
ALT-W09-19995,9,63,19995,CRITICAL,99.989,Moderate,4,2,Velocity anomaly,VEL-01 High absolute velocity,"BEH-01 Velocity spike vs own baseline, BEH-02 New-counterparty burst, AML-03 Circular flow, NET-01 Fan-in collector, NET-02 Fan-out distributor","VEL-01, BEH-01, BEH-02, AML-03, NET-01, NET-02",weekly transaction count = 17 (contribution +4.44) [VEL-01 fired] | circular-flow participation = 5 (contribution +0.90) [AML-03 fired] | velocity vs own history = 6.545 (contribution +0.60) [BEH-01 fired] | distinct receivers (28d) = 14 (contribution +0.05) [NET-02 fired],5085.28,17.0,New,dev
ALT-W09-09996,9,63,9996,CRITICAL,99.986,Strong,4,5,Velocity anomaly,VEL-01 High absolute velocity,"BEH-02 New-counterparty burst, AML-03 Circular flow, NET-01 Fan-in collector, NET-02 Fan-out distributor","VEL-01, BEH-02, AML-03, NET-01, NET-02",weekly transaction count = 17 (contribution +4.44) [VEL-01 fired] | circular-flow participation = 14 (contribution +1.36) [AML-03 fired] | velocity vs own history = 1.929 (contribution +0.10) | distinct receivers (28d) = 28 (contribution +0.07) [NET-02 fired],5019.84,17.0,New,dev
ALT-W09-19993,9,63,19993,CRITICAL,99.977,Moderate,4,2,Velocity anomaly,VEL-01 High absolute velocity,"BEH-01 Velocity spike vs own baseline, BEH-02 New-counterparty burst, AML-03 Circular flow, NET-01 Fan-in collector, NET-02 Fan-out distributor, NET-03 Flow centrality (PageRank)","VEL-01, BEH-01, BEH-02, AML-03, NET-01, NET-02, NET-03",weekly transaction count = 18 (contribution +4.56) [VEL-01 fired] | circular-flow participation = 4 (contribution +0.81) [AML-03 fired] | velocity vs own history = 3.897 (contribution +0.37) [BEH-01 fired] | distinct receivers (28d) = 15 (contribution +0.05) [NET-02 fired],5267.32,18.0,New,dev
ALT-W09-09991,9,63,9991,CRITICAL,99.973,Strong,5,5,Velocity anomaly,VEL-01 High absolute velocity,"TXN-01 Large transaction, BEH-02 New-counterparty burst, AML-01 Rapid pass-through, AML-03 Circular flow, NET-01 Fan-in collector, NET-02 Fan-out distributor, NET-03 Flow centrality (PageRank)","TXN-01, VEL-01, BEH-02, AML-01, AML-03, NET-01, NET-02, NET-03",weekly transaction count = 24 (contribution +5.17) [VEL-01 fired] | circular-flow participation = 1 (contribution +0.35) [AML-03 fired] | velocity vs own history = 2.303 (contribution +0.16) | distinct receivers (28d) = 29 (contribution +0.07) [NET-02 fired],5884.27,24.0,New,dev
ALT-W09-19988,9,63,19988,CRITICAL,99.968,Strong,4,3,Velocity anomaly,VEL-01 High absolute velocity,"BEH-02 New-counterparty burst, AML-03 Circular flow, NET-01 Fan-in collector, NET-02 Fan-out distributor, NET-03 Flow centrality (PageRank)","VEL-01, BEH-02, AML-03, NET-01, NET-02, NET-03",weekly transaction count = 18 (contribution +4.56) [VEL-01 fired] | circular-flow participation = 5 (contribution +0.90) [AML-03 fired] | velocity vs own history = 2.621 (contribution +0.21) | distinct receivers (28d) = 14 (contribution +0.05) [NET-02 fired],6329.18,18.0,New,dev
ALT-W09-19998,9,63,19998,CRITICAL,99.953,Moderate,4,2,Velocity anomaly,VEL-01 High absolute velocity,"BEH-02 New-counterparty burst, AML-03 Circular flow, NET-02 Fan-out distributor","VEL-01, BEH-02, AML-03, NET-02",weekly transaction count = 18 (contribution +4.56) [VEL-01 fired] | circular-flow participation = 2 (contribution +0.55) [AML-03 fired] | velocity vs own history = 2.591 (contribution +0.21) | distinct receivers (28d) = 27 (contribution +0.07) [NET-02 fired],4768.910000000001,18.0,New,dev
ALT-W09-19999,9,63,19999,CRITICAL,99.949,Moderate,3,2,Velocity anomaly,VEL-01 High absolute velocity,"BEH-01 Velocity spike vs own baseline, BEH-02 New-counterparty burst, NET-02 Fan-out distributor","VEL-01, BEH-01, BEH-02, NET-02",weekly transaction count = 21 (contribution +4.88) [VEL-01 fired] | velocity vs own history = 4 (contribution +0.38) [BEH-01 fired] | distinct receivers (28d) = 28 (contribution +0.07) [NET-02 fired],5347.6,21.0,New,dev
ALT-W09-19985,9,63,19985,CRITICAL,99.946,Strong,4,5,Velocity anomaly,VEL-01 High absolute velocity,"BEH-02 New-counterparty burst, AML-03 Circular flow, NET-01 Fan-in collector, NET-02 Fan-out distributor, NET-03 Flow centrality (PageRank)","VEL-01, BEH-02, AML-03, NET-01, NET-02, NET-03",weekly transaction count = 18 (contribution +4.56) [VEL-01 fired] | circular-flow participation = 2 (contribution +0.55) [AML-03 fired] | velocity vs own history = 2.235 (contribution +0.15) | distinct receivers (28d) = 14 (contribution +0.05) [NET-02 fired],5023.25,18.0,New,dev
ALT-W09-19994,9,63,19994,CRITICAL,99.923,Moderate,4,2,Velocity anomaly,VEL-01 High absolute velocity,"BEH-01 Velocity spike vs own baseline, BEH-02 New-counterparty burst, AML-03 Circular flow, NET-01 Fan-in collector, NET-02 Fan-out distributor, NET-03 Flow centrality (PageRank)","VEL-01, BEH-01, BEH-02, AML-03, NET-01, NET-02, NET-03",weekly transaction count = 17 (contribution +4.44) [VEL-01 fired] | circular-flow participation = 1 (contribution +0.35) [AML-03 fired] | velocity vs own history = 3.316 (contribution +0.30) [BEH-01 fired] | distinct receivers (28d) = 14 (contribution +0.05) [NET-02 fired],4574.16,17.0,New,dev
ALT-W09-09993,9,63,9993,CRITICAL,99.918,Strong,3,5,Velocity anomaly,VEL-01 High absolute velocity,"BEH-02 New-counterparty burst, NET-01 Fan-in collector, NET-02 Fan-out distributor, NET-03 Flow centrality (PageRank)","VEL-01, BEH-02, NET-01, NET-02, NET-03",weekly transaction count = 22 (contribution +4.98) [VEL-01 fired] | distinct receivers (28d) = 28 (contribution +0.07) [NET-02 fired] | velocity vs own history = 1.742 (contribution +0.07),6623.0,22.0,New,dev
ALT-W09-09985,9,63,9985,CRITICAL,99.911,Strong,3,5,Velocity anomaly,VEL-01 High absolute velocity,"BEH-02 New-counterparty burst, NET-01 Fan-in collector, NET-02 Fan-out distributor, NET-03 Flow centrality (PageRank)","VEL-01, BEH-02, NET-01, NET-02, NET-03",weekly transaction count = 22 (contribution +4.98) [VEL-01 fired] | distinct receivers (28d) = 28 (contribution +0.07) [NET-02 fired] | velocity vs own history = 1.586 (contribution +0.04),6279.5,22.0,New,dev
ALT-W09-09992,9,63,9992,CRITICAL,99.903,Strong,4,5,Velocity anomaly,VEL-01 High absolute velocity,"BEH-02 New-counterparty burst, AML-03 Circular flow, NET-01 Fan-in collector, NET-02 Fan-out distributor, NET-03 Flow centrality (PageRank)","VEL-01, BEH-02, AML-03, NET-01, NET-02, NET-03",weekly transaction count = 18 (contribution +4.56) [VEL-01 fired] | circular-flow participation = 1 (contribution +0.35) [AML-03 fired] | distinct receivers (28d) = 28 (contribution +0.07) [NET-02 fired] | velocity vs own history = 1.75 (contribution +0.07),4415.3099999999995,18.0,New,dev
ALT-W09-09997,9,63,9997,HIGH,99.893,Strong,4,5,Velocity anomaly,VEL-01 High absolute velocity,"BEH-02 New-counterparty burst, AML-03 Circular flow, NET-01 Fan-in collector, NET-02 Fan-out distributor","VEL-01, BEH-02, AML-03, NET-01, NET-02",weekly transaction count = 16 (contribution +4.31) [VEL-01 fired] | circular-flow participation = 2 (contribution +0.55) [AML-03 fired] | velocity vs own history = 1.771 (contribution +0.07) | distinct receivers (28d) = 28 (contribution +0.07) [NET-02 fired],4127.14,16.0,New,dev
ALT-W09-19984,9,63,19984,HIGH,99.886,Strong,4,4,Velocity anomaly,VEL-01 High absolute velocity,"BEH-02 New-counterparty burst, AML-03 Circular flow, NET-01 Fan-in collector, NET-02 Fan-out distributor, NET-03 Flow centrality (PageRank)","VEL-01, BEH-02, AML-03, NET-01, NET-02, NET-03",weekly transaction count = 14 (contribution +4.03) [VEL-01 fired] | circular-flow participation = 4 (contribution +0.81) [AML-03 fired] | velocity vs own history = 1.721 (contribution +0.06) | distinct receivers (28d) = 14 (contribution +0.05) [NET-02 fired],4285.73,14.0,New,dev
ALT-W09-09994,9,63,9994,HIGH,99.87,Strong,3,5,Velocity anomaly,VEL-01 High absolute velocity,"BEH-02 New-counterparty burst, NET-01 Fan-in collector, NET-02 Fan-out distributor, NET-03 Flow centrality (PageRank)","VEL-01, BEH-02, NET-01, NET-02, NET-03",weekly transaction count = 19 (contribution +4.67) [VEL-01 fired] | velocity vs own history = 2.059 (contribution +0.12) | distinct receivers (28d) = 28 (contribution +0.07) [NET-02 fired],6102.09,19.0,New,dev
ALT-W09-09986,9,63,9986,HIGH,99.848,Strong,4,5,Velocity anomaly,VEL-01 High absolute velocity,"BEH-02 New-counterparty burst, AML-03 Circular flow, NET-01 Fan-in collector, NET-02 Fan-out distributor, NET-03 Flow centrality (PageRank)","VEL-01, BEH-02, AML-03, NET-01, NET-02, NET-03",weekly transaction count = 17 (contribution +4.44) [VEL-01 fired] | circular-flow participation = 1 (contribution +0.35) [AML-03 fired] | distinct receivers (28d) = 28 (contribution +0.07) [NET-02 fired],4316.24,17.0,New,dev
ALT-W09-19973,9,63,19973,HIGH,99.843,Strong,3,3,Velocity anomaly,VEL-01 High absolute velocity,"BEH-01 Velocity spike vs own baseline, BEH-02 New-counterparty burst, NET-01 Fan-in collector, NET-03 Flow centrality (PageRank)","VEL-01, BEH-01, BEH-02, NET-01, NET-03",weekly transaction count = 17 (contribution +4.44) [VEL-01 fired] | velocity vs own history = 3.273 (contribution +0.30) [BEH-01 fired],5763.17,17.0,New,dev
ALT-W09-09989,9,63,9989,HIGH,99.84,Strong,3,5,Velocity anomaly,VEL-01 High absolute velocity,"BEH-02 New-counterparty burst, NET-01 Fan-in collector, NET-02 Fan-out distributor, NET-03 Flow centrality (PageRank)","VEL-01, BEH-02, NET-01, NET-02, NET-03",weekly transaction count = 19 (contribution +4.67) [VEL-01 fired] | distinct receivers (28d) = 29 (contribution +0.07) [NET-02 fired],5675.14,19.0,New,dev
ALT-W09-17031,9,63,17031,HIGH,99.839,Limited,2,1,Velocity anomaly,VEL-01 High absolute velocity,"BEH-01 Velocity spike vs own baseline, BEH-02 New-counterparty burst","VEL-01, BEH-01, BEH-02",weekly transaction count = 14 (contribution +4.03) [VEL-01 fired] | velocity vs own history = 7.5 (contribution +0.66) [BEH-01 fired] | distinct receivers (28d) = 4 (contribution +0.02),1590.6100000000001,14.0,New,dev
ALT-W09-19989,9,63,19989,HIGH,99.829,Moderate,5,2,Velocity anomaly,VEL-01 High absolute velocity,"TXN-01 Large transaction, BEH-02 New-counterparty burst, AML-01 Rapid pass-through, NET-01 Fan-in collector, NET-02 Fan-out distributor","TXN-01, VEL-01, BEH-02, AML-01, NET-01, NET-02",weekly transaction count = 16 (contribution +4.31) [VEL-01 fired] | velocity vs own history = 3.091 (contribution +0.28) | distinct receivers (28d) = 14 (contribution +0.05) [NET-02 fired],5835.43,16.0,New,dev
ALT-W09-09988,9,63,9988,HIGH,99.821,Strong,4,5,Velocity anomaly,VEL-01 High absolute velocity,"BEH-02 New-counterparty burst, AML-03 Circular flow, NET-01 Fan-in collector, NET-02 Fan-out distributor, NET-03 Flow centrality (PageRank)","VEL-01, BEH-02, AML-03, NET-01, NET-02, NET-03",weekly transaction count = 14 (contribution +4.03) [VEL-01 fired] | circular-flow participation = 2 (contribution +0.55) [AML-03 fired] | distinct receivers (28d) = 28 (contribution +0.07) [NET-02 fired],4005.8199999999997,14.0,New,dev
ALT-W09-09984,9,63,9984,HIGH,99.819,Strong,3,5,Velocity anomaly,VEL-01 High absolute velocity,"BEH-02 New-counterparty burst, NET-01 Fan-in collector, NET-02 Fan-out distributor, NET-03 Flow centrality (PageRank)","VEL-01, BEH-02, NET-01, NET-02, NET-03",weekly transaction count = 18 (contribution +4.56) [VEL-01 fired] | distinct receivers (28d) = 28 (contribution +0.07) [NET-02 fired],3962.71,18.0,New,dev
ALT-W09-19982,9,63,19982,HIGH,99.812,Moderate,4,2,Velocity anomaly,VEL-01 High absolute velocity,"BEH-02 New-counterparty burst, AML-01 Rapid pass-through, AML-03 Circular flow, NET-02 Fan-out distributor","VEL-01, BEH-02, AML-01, AML-03, NET-02",weekly transaction count = 11 (contribution +3.53) [VEL-01 fired] | circular-flow participation = 3 (contribution +0.70) [AML-03 fired] | velocity vs own history = 2.857 (contribution +0.25) | distinct receivers (28d) = 13 (contribution +0.05) [NET-02 fired],3616.09,11.0,New,dev
ALT-W09-09995,9,63,9995,HIGH,99.81,Strong,4,5,Velocity anomaly,VEL-01 High absolute velocity,"BEH-02 New-counterparty burst, AML-03 Circular flow, NET-01 Fan-in collector, NET-02 Fan-out distributor","VEL-01, BEH-02, AML-03, NET-01, NET-02",weekly transaction count = 14 (contribution +4.03) [VEL-01 fired] | circular-flow participation = 1 (contribution +0.35) [AML-03 fired] | distinct receivers (28d) = 28 (contribution +0.07) [NET-02 fired] | velocity vs own history = 1.721 (contribution +0.06),4738.14,14.0,New,dev
ALT-W09-19990,9,63,19990,HIGH,99.798,Strong,3,3,Velocity anomaly,VEL-01 High absolute velocity,"BEH-02 New-counterparty burst, NET-01 Fan-in collector, NET-02 Fan-out distributor, NET-03 Flow centrality (PageRank)","VEL-01, BEH-02, NET-01, NET-02, NET-03",weekly transaction count = 15 (contribution +4.18) [VEL-01 fired] | velocity vs own history = 2.732 (contribution +0.23) | distinct receivers (28d) = 14 (contribution +0.05) [NET-02 fired],4239.43,15.0,New,dev
ALT-W09-19972,9,63,19972,HIGH,99.792,Strong,3,5,Velocity anomaly,VEL-01 High absolute velocity,"BEH-02 New-counterparty burst, NET-01 Fan-in collector, NET-03 Flow centrality (PageRank)","VEL-01, BEH-02, NET-01, NET-03",weekly transaction count = 15 (contribution +4.18) [VEL-01 fired] | velocity vs own history = 2.133 (contribution +0.14) | distinct receivers (28d) = 4 (contribution +0.02),4023.4700000000003,15.0,New,dev
ALT-W09-19983,9,63,19983,HIGH,99.783,Moderate,3,2,Velocity anomaly,VEL-01 High absolute velocity,"BEH-01 Velocity spike vs own baseline, BEH-02 New-counterparty burst, NET-02 Fan-out distributor","VEL-01, BEH-01, BEH-02, NET-02",weekly transaction count = 13 (contribution +3.88) [VEL-01 fired] | velocity vs own history = 4 (contribution +0.38) [BEH-01 fired] | distinct receivers (28d) = 14 (contribution +0.05) [NET-02 fired],3969.9199999999996,13.0,New,dev
ALT-W09-09981,9,63,9981,HIGH,99.772,Strong,3,4,Velocity anomaly,VEL-01 High absolute velocity,"BEH-02 New-counterparty burst, NET-02 Fan-out distributor","VEL-01, BEH-02, NET-02",weekly transaction count = 14 (contribution +4.03) [VEL-01 fired] | velocity vs own history = 2.093 (contribution +0.13) | distinct receivers (28d) = 28 (contribution +0.07) [NET-02 fired],2233.5,14.0,New,dev
ALT-W09-09980,9,63,9980,HIGH,99.761,Strong,3,5,Velocity anomaly,VEL-01 High absolute velocity,"BEH-02 New-counterparty burst, NET-02 Fan-out distributor","VEL-01, BEH-02, NET-02",weekly transaction count = 14 (contribution +4.03) [VEL-01 fired] | velocity vs own history = 1.786 (contribution +0.07) | distinct receivers (28d) = 29 (contribution +0.07) [NET-02 fired],2729.41,14.0,New,dev
ALT-W09-09990,9,63,9990,HIGH,99.76,Strong,3,5,Velocity anomaly,VEL-01 High absolute velocity,"BEH-02 New-counterparty burst, NET-01 Fan-in collector, NET-02 Fan-out distributor, NET-03 Flow centrality (PageRank)","VEL-01, BEH-02, NET-01, NET-02, NET-03",weekly transaction count = 15 (contribution +4.18) [VEL-01 fired] | distinct receivers (28d) = 28 (contribution +0.07) [NET-02 fired],3439.8599999999997,15.0,New,dev
ALT-W09-17188,9,63,17188,HIGH,99.741,Limited,2,1,Velocity anomaly,VEL-01 High absolute velocity,BEH-01 Velocity spike vs own baseline,"VEL-01, BEH-01",weekly transaction count = 11 (contribution +3.53) [VEL-01 fired] | velocity vs own history = 6 (contribution +0.56) [BEH-01 fired] | distinct receivers (28d) = 2 (contribution +0.01),414.15000000000003,11.0,New,dev
ALT-W09-19979,9,63,19979,HIGH,99.738,Strong,3,3,Velocity anomaly,VEL-01 High absolute velocity,"BEH-02 New-counterparty burst, NET-01 Fan-in collector, NET-02 Fan-out distributor","VEL-01, BEH-02, NET-01, NET-02",weekly transaction count = 13 (contribution +3.88) [VEL-01 fired] | velocity vs own history = 2.211 (contribution +0.15) | distinct receivers (28d) = 14 (contribution +0.05) [NET-02 fired],4218.620000000001,13.0,New,dev
ALT-W09-19987,9,63,19987,HIGH,99.735,Strong,3,5,Velocity anomaly,VEL-01 High absolute velocity,"BEH-02 New-counterparty burst, NET-01 Fan-in collector, NET-02 Fan-out distributor, NET-03 Flow centrality (PageRank)","VEL-01, BEH-02, NET-01, NET-02, NET-03",weekly transaction count = 14 (contribution +4.03) [VEL-01 fired] | distinct receivers (28d) = 13 (contribution +0.05) [NET-02 fired],3867.34,14.0,New,dev
ALT-W09-19974,9,63,19974,HIGH,99.733,Moderate,3,2,Velocity anomaly,VEL-01 High absolute velocity,"BEH-02 New-counterparty burst, NET-01 Fan-in collector, NET-03 Flow centrality (PageRank)","VEL-01, BEH-02, NET-01, NET-03",weekly transaction count = 13 (contribution +3.88) [VEL-01 fired] | velocity vs own history = 2.414 (contribution +0.18) | distinct receivers (28d) = 2 (contribution +0.01),3830.33,13.0,New,dev
ALT-W09-19997,9,63,19997,HIGH,99.726,Moderate,3,2,Velocity anomaly,VEL-01 High absolute velocity,"BEH-02 New-counterparty burst, NET-02 Fan-out distributor","VEL-01, BEH-02, NET-02",weekly transaction count = 12 (contribution +3.71) [VEL-01 fired] | velocity vs own history = 3.059 (contribution +0.27) | distinct receivers (28d) = 14 (contribution +0.05) [NET-02 fired],3432.2200000000003,12.0,New,dev
ALT-W09-19981,9,63,19981,HIGH,99.721,Moderate,4,2,Velocity anomaly,VEL-01 High absolute velocity,"BEH-02 New-counterparty burst, AML-03 Circular flow, NET-02 Fan-out distributor","VEL-01, BEH-02, AML-03, NET-02",weekly transaction count = 9 (contribution +3.13) [VEL-01 fired] | circular-flow participation = 3 (contribution +0.70) [AML-03 fired] | velocity vs own history = 2.174 (contribution +0.14) | distinct receivers (28d) = 14 (contribution +0.05) [NET-02 fired],2909.83,9.0,New,dev
ALT-W09-06572,9,63,6572,HIGH,99.705,Limited,2,1,Velocity anomaly,VEL-01 High absolute velocity,"BEH-01 Velocity spike vs own baseline, BEH-02 New-counterparty burst","VEL-01, BEH-01, BEH-02",weekly transaction count = 10 (contribution +3.34) [VEL-01 fired] | velocity vs own history = 6.286 (contribution +0.58) [BEH-01 fired] | distinct receivers (28d) = 4 (contribution +0.02),1898.0900000000001,10.0,New,dev
ALT-W09-09978,9,63,9978,MEDIUM,99.676,Strong,3,4,Velocity anomaly,VEL-01 High absolute velocity,"BEH-02 New-counterparty burst, NET-02 Fan-out distributor","VEL-01, BEH-02, NET-02",weekly transaction count = 12 (contribution +3.71) [VEL-01 fired] | distinct receivers (28d) = 28 (contribution +0.07) [NET-02 fired] | velocity vs own history = 1.585 (contribution +0.04),3978.84,12.0,New,dev
ALT-W09-19991,9,63,19991,MEDIUM,99.672,Moderate,4,2,Velocity anomaly,VEL-01 High absolute velocity,"BEH-02 New-counterparty burst, AML-03 Circular flow, NET-01 Fan-in collector, NET-02 Fan-out distributor","VEL-01, BEH-02, AML-03, NET-01, NET-02",weekly transaction count = 10 (contribution +3.34) [VEL-01 fired] | circular-flow participation = 1 (contribution +0.35) [AML-03 fired] | velocity vs own history = 1.692 (contribution +0.06) | distinct receivers (28d) = 14 (contribution +0.05) [NET-02 fired],2194.08,10.0,New,dev
ALT-W09-19911,9,63,19911,MEDIUM,99.671,Moderate,2,2,Velocity anomaly,VEL-01 High absolute velocity,"BEH-01 Velocity spike vs own baseline, BEH-02 New-counterparty burst","VEL-01, BEH-01, BEH-02",weekly transaction count = 10 (contribution +3.34) [VEL-01 fired] | velocity vs own history = 4.714 (contribution +0.45) [BEH-01 fired] | distinct receivers (28d) = 2 (contribution +0.01),2366.04,10.0,New,dev
ALT-W09-19897,9,63,19897,MEDIUM,99.668,Limited,2,1,Velocity anomaly,VEL-01 High absolute velocity,"BEH-01 Velocity spike vs own baseline, BEH-02 New-counterparty burst","VEL-01, BEH-01, BEH-02",weekly transaction count = 10 (contribution +3.34) [VEL-01 fired] | velocity vs own history = 4.4 (contribution +0.42) [BEH-01 fired] | distinct receivers (28d) = 6 (contribution +0.03),1445.85,10.0,New,dev
ALT-W09-19992,9,63,19992,MEDIUM,99.662,Strong,4,4,Velocity anomaly,VEL-01 High absolute velocity,"TXN-01 Large transaction, BEH-02 New-counterparty burst, NET-01 Fan-in collector, NET-02 Fan-out distributor, NET-03 Flow centrality (PageRank)","TXN-01, VEL-01, BEH-02, NET-01, NET-02, NET-03",weekly transaction count = 11 (contribution +3.53) [VEL-01 fired] | velocity vs own history = 2.211 (contribution +0.15) | distinct receivers (28d) = 14 (contribution +0.05) [NET-02 fired],3927.23,11.0,New,dev
ALT-W09-19969,9,63,19969,MEDIUM,99.659,Strong,4,4,Velocity anomaly,VEL-01 High absolute velocity,"TXN-01 Large transaction, BEH-02 New-counterparty burst, NET-01 Fan-in collector, NET-03 Flow centrality (PageRank)","TXN-01, VEL-01, BEH-02, NET-01, NET-03",weekly transaction count = 12 (contribution +3.71) [VEL-01 fired] | velocity vs own history = 1.529 (contribution +0.02),3491.49,12.0,New,dev
ALT-W09-19996,9,63,19996,MEDIUM,99.645,Moderate,3,2,Velocity anomaly,VEL-01 High absolute velocity,"BEH-02 New-counterparty burst, NET-02 Fan-out distributor","VEL-01, BEH-02, NET-02",weekly transaction count = 10 (contribution +3.34) [VEL-01 fired] | velocity vs own history = 3.143 (contribution +0.28) | distinct receivers (28d) = 14 (contribution +0.05) [NET-02 fired],2487.84,10.0,New,dev
ALT-W09-19936,9,63,19936,MEDIUM,99.63,Moderate,3,2,Velocity anomaly,VEL-01 High absolute velocity,"BEH-02 New-counterparty burst, NET-01 Fan-in collector, NET-02 Fan-out distributor, NET-03 Flow centrality (PageRank)","VEL-01, BEH-02, NET-01, NET-02, NET-03",weekly transaction count = 11 (contribution +3.53) [VEL-01 fired] | velocity vs own history = 1.714 (contribution +0.06) | distinct receivers (28d) = 8 (contribution +0.04) [NET-02 fired],1671.1100000000001,11.0,New,dev
ALT-W09-19986,9,63,19986,MEDIUM,99.617,Strong,3,3,Velocity anomaly,VEL-01 High absolute velocity,"BEH-02 New-counterparty burst, NET-01 Fan-in collector, NET-02 Fan-out distributor, NET-03 Flow centrality (PageRank)","VEL-01, BEH-02, NET-01, NET-02, NET-03",weekly transaction count = 11 (contribution +3.53) [VEL-01 fired] | distinct receivers (28d) = 14 (contribution +0.05) [NET-02 fired],3474.5199999999995,11.0,New,dev
ALT-W09-19889,9,63,19889,MEDIUM,99.603,Moderate,2,2,Velocity anomaly,VEL-01 High absolute velocity,NET-01 Fan-in collector,"VEL-01, NET-01",weekly transaction count = 10 (contribution +3.34) [VEL-01 fired] | velocity vs own history = 2.2 (contribution +0.15) | distinct receivers (28d) = 5 (contribution +0.03),1415.3199999999997,10.0,New,dev
ALT-W09-19980,9,63,19980,MEDIUM,99.602,Strong,3,3,Velocity anomaly,VEL-01 High absolute velocity,"BEH-02 New-counterparty burst, NET-01 Fan-in collector, NET-02 Fan-out distributor","VEL-01, BEH-02, NET-01, NET-02",weekly transaction count = 10 (contribution +3.34) [VEL-01 fired] | velocity vs own history = 2.037 (contribution +0.12) | distinct receivers (28d) = 13 (contribution +0.05) [NET-02 fired],2537.39,10.0,New,dev
ALT-W09-09079,9,63,9079,MEDIUM,99.601,Limited,2,1,Velocity anomaly,VEL-01 High absolute velocity,BEH-01 Velocity spike vs own baseline,"VEL-01, BEH-01",weekly transaction count = 9 (contribution +3.13) [VEL-01 fired] | velocity vs own history = 3.75 (contribution +0.36) [BEH-01 fired] | distinct receivers (28d) = 5 (contribution +0.03),1470.47,9.0,New,dev
ALT-W09-16628,9,63,16628,MEDIUM,99.599,Limited,2,1,Velocity anomaly,VEL-01 High absolute velocity,BEH-01 Velocity spike vs own baseline,"VEL-01, BEH-01",weekly transaction count = 9 (contribution +3.13) [VEL-01 fired] | velocity vs own history = 3.846 (contribution +0.37) [BEH-01 fired] | distinct receivers (28d) = 3 (contribution +0.01),819.94,9.0,New,dev
ALT-W09-09976,9,63,9976,MEDIUM,99.597,Limited,3,1,Velocity anomaly,VEL-01 High absolute velocity,"BEH-01 Velocity spike vs own baseline, BEH-02 New-counterparty burst, NET-01 Fan-in collector","VEL-01, BEH-01, BEH-02, NET-01",weekly transaction count = 9 (contribution +3.13) [VEL-01 fired] | velocity vs own history = 4.118 (contribution +0.39) [BEH-01 fired],3064.67,9.0,New,dev
ALT-W09-09956,9,63,9956,MEDIUM,99.584,Moderate,3,2,Velocity anomaly,VEL-01 High absolute velocity,"BEH-02 New-counterparty burst, NET-01 Fan-in collector, NET-03 Flow centrality (PageRank)","VEL-01, BEH-02, NET-01, NET-03",weekly transaction count = 10 (contribution +3.34) [VEL-01 fired] | velocity vs own history = 2.081 (contribution +0.13),2722.71,10.0,New,dev
ALT-W09-17603,9,63,17603,MEDIUM,99.56,Limited,1,1,Velocity anomaly,VEL-01 High absolute velocity,,VEL-01,weekly transaction count = 9 (contribution +3.13) [VEL-01 fired] | velocity vs own history = 2.778 (contribution +0.23) | distinct receivers (28d) = 4 (contribution +0.02),933.4100000000001,9.0,New,dev
ALT-W09-19844,9,63,19844,MEDIUM,99.552,Moderate,3,2,Velocity anomaly,VEL-01 High absolute velocity,"BEH-02 New-counterparty burst, NET-01 Fan-in collector","VEL-01, BEH-02, NET-01",weekly transaction count = 9 (contribution +3.13) [VEL-01 fired] | velocity vs own history = 2.632 (contribution +0.21) | distinct receivers (28d) = 5 (contribution +0.03),1995.8899999999999,9.0,New,dev
ALT-W09-09974,9,63,9974,MEDIUM,99.546,Limited,3,1,Velocity anomaly,VEL-01 High absolute velocity,"BEH-02 New-counterparty burst, NET-01 Fan-in collector","VEL-01, BEH-02, NET-01",weekly transaction count = 9 (contribution +3.13) [VEL-01 fired] | velocity vs own history = 2.857 (contribution +0.25),2275.75,9.0,New,dev
ALT-W09-19971,9,63,19971,MEDIUM,99.536,Strong,3,3,Velocity anomaly,VEL-01 High absolute velocity,"BEH-02 New-counterparty burst, NET-01 Fan-in collector, NET-03 Flow centrality (PageRank)","VEL-01, BEH-02, NET-01, NET-03",weekly transaction count = 10 (contribution +3.34) [VEL-01 fired] | velocity vs own history = 1.419 (contribution +0.00),2050.94,10.0,New,dev
ALT-W09-09957,9,63,9957,MEDIUM,99.519,Moderate,3,2,Velocity anomaly,VEL-01 High absolute velocity,"BEH-02 New-counterparty burst, NET-01 Fan-in collector, NET-03 Flow centrality (PageRank)","VEL-01, BEH-02, NET-01, NET-03",weekly transaction count = 9 (contribution +3.13) [VEL-01 fired] | velocity vs own history = 2.5 (contribution +0.19),3103.44,9.0,New,dev
ALT-W09-17602,9,63,17602,MEDIUM,99.514,Limited,2,1,Velocity anomaly,VEL-01 High absolute velocity,BEH-01 Velocity spike vs own baseline,"VEL-01, BEH-01",weekly transaction count = 8 (contribution +2.89) [VEL-01 fired] | velocity vs own history = 4.154 (contribution +0.40) [BEH-01 fired],901.5799999999999,8.0,New,dev
ALT-W09-09972,9,63,9972,MEDIUM,99.513,Limited,3,1,Velocity anomaly,VEL-01 High absolute velocity,"BEH-02 New-counterparty burst, NET-01 Fan-in collector","VEL-01, BEH-02, NET-01",weekly transaction count = 9 (contribution +3.13) [VEL-01 fired] | velocity vs own history = 2.424 (contribution +0.18),2514.05,9.0,New,dev
ALT-W09-19970,9,63,19970,MEDIUM,99.507,Strong,3,3,Velocity anomaly,VEL-01 High absolute velocity,"BEH-02 New-counterparty burst, NET-01 Fan-in collector, NET-03 Flow centrality (PageRank)","VEL-01, BEH-02, NET-01, NET-03",weekly transaction count = 10 (contribution +3.34) [VEL-01 fired],3753.88,10.0,New,dev
ALT-W09-19907,9,63,19907,MEDIUM,99.497,Moderate,3,2,Velocity anomaly,VEL-01 High absolute velocity,"BEH-02 New-counterparty burst, NET-01 Fan-in collector, NET-03 Flow centrality (PageRank)","VEL-01, BEH-02, NET-01, NET-03",weekly transaction count = 9 (contribution +3.13) [VEL-01 fired] | velocity vs own history = 2 (contribution +0.11) | distinct receivers (28d) = 3 (contribution +0.01),2018.91,9.0,New,dev
ALT-W09-19427,9,63,19427,MEDIUM,99.492,Limited,2,1,Velocity anomaly,VEL-01 High absolute velocity,BEH-01 Velocity spike vs own baseline,"VEL-01, BEH-01",weekly transaction count = 8 (contribution +2.89) [VEL-01 fired] | velocity vs own history = 3.6 (contribution +0.34) [BEH-01 fired] | distinct receivers (28d) = 4 (contribution +0.02),753.84,8.0,New,dev
ALT-W09-19942,9,63,19942,MEDIUM,99.467,Limited,2,1,Velocity anomaly,VEL-01 High absolute velocity,BEH-02 New-counterparty burst,"VEL-01, BEH-02",weekly transaction count = 8 (contribution +2.89) [VEL-01 fired] | velocity vs own history = 3.176 (contribution +0.29) | distinct receivers (28d) = 4 (contribution +0.02),2539.46,8.0,New,dev
ALT-W09-08944,9,63,8944,MEDIUM,99.465,Limited,1,1,Velocity anomaly,VEL-01 High absolute velocity,,VEL-01,weekly transaction count = 8 (contribution +2.89) [VEL-01 fired] | velocity vs own history = 3.214 (contribution +0.29) | distinct receivers (28d) = 3 (contribution +0.01),1088.53,8.0,New,dev
ALT-W09-09923,9,63,9923,MEDIUM,99.463,Moderate,2,2,Velocity anomaly,VEL-01 High absolute velocity,"NET-01 Fan-in collector, NET-03 Flow centrality (PageRank)","VEL-01, NET-01, NET-03",weekly transaction count = 9 (contribution +3.13) [VEL-01 fired] | velocity vs own history = 1.75 (contribution +0.07),1119.64,9.0,New,dev
ALT-W09-19976,9,63,19976,MEDIUM,99.449,Moderate,3,2,Velocity anomaly,VEL-01 High absolute velocity,"BEH-02 New-counterparty burst, NET-01 Fan-in collector, NET-03 Flow centrality (PageRank)","VEL-01, BEH-02, NET-01, NET-03",weekly transaction count = 9 (contribution +3.13) [VEL-01 fired] | velocity vs own history = 1.613 (contribution +0.04),2364.64,9.0,New,dev
ALT-W09-19394,9,63,19394,MEDIUM,99.437,Limited,1,1,Velocity anomaly,VEL-01 High absolute velocity,,VEL-01,weekly transaction count = 8 (contribution +2.89) [VEL-01 fired] | velocity vs own history = 2.812 (contribution +0.24) | distinct receivers (28d) = 3 (contribution +0.01),696.53,8.0,New,dev
ALT-W09-11473,9,63,11473,MEDIUM,99.436,Limited,3,1,Velocity anomaly,VEL-01 High absolute velocity,"BEH-01 Velocity spike vs own baseline, AML-03 Circular flow","VEL-01, BEH-01, AML-03",weekly transaction count = 6 (contribution +2.33) [VEL-01 fired] | velocity vs own history = 4.9 (contribution +0.47) [BEH-01 fired] | circular-flow participation = 1 (contribution +0.35) [AML-03 fired],448.2,6.0,New,dev
ALT-W09-19354,9,63,19354,MEDIUM,99.426,Limited,2,1,Velocity anomaly,VEL-01 High absolute velocity,BEH-01 Velocity spike vs own baseline,"VEL-01, BEH-01",weekly transaction count = 7 (contribution +2.63) [VEL-01 fired] | velocity vs own history = 5 (contribution +0.48) [BEH-01 fired] | distinct receivers (28d) = 3 (contribution +0.01),634.0699999999999,7.0,New,dev
ALT-W09-18903,9,63,18903,MEDIUM,99.414,Limited,2,1,Velocity anomaly,VEL-01 High absolute velocity,BEH-01 Velocity spike vs own baseline,"VEL-01, BEH-01",weekly transaction count = 7 (contribution +2.63) [VEL-01 fired] | velocity vs own history = 5 (contribution +0.48) [BEH-01 fired],512.99,7.0,New,dev
ALT-W09-06063,9,63,6063,MEDIUM,99.412,Limited,2,1,Velocity anomaly,VEL-01 High absolute velocity,BEH-01 Velocity spike vs own baseline,"VEL-01, BEH-01",weekly transaction count = 7 (contribution +2.63) [VEL-01 fired] | velocity vs own history = 4.8 (contribution +0.46) [BEH-01 fired] | distinct receivers (28d) = 2 (contribution +0.01),455.31,7.0,New,dev
ALT-W09-14726,9,63,14726,MEDIUM,99.407,Limited,2,1,Velocity anomaly,VEL-01 High absolute velocity,BEH-01 Velocity spike vs own baseline,"VEL-01, BEH-01",weekly transaction count = 7 (contribution +2.63) [VEL-01 fired] | velocity vs own history = 4.8 (contribution +0.46) [BEH-01 fired],773.95,7.0,New,dev
ALT-W09-06098,9,63,6098,MEDIUM,99.404,Limited,2,1,Velocity anomaly,VEL-01 High absolute velocity,BEH-01 Velocity spike vs own baseline,"VEL-01, BEH-01",weekly transaction count = 7 (contribution +2.63) [VEL-01 fired] | velocity vs own history = 4.571 (contribution +0.44) [BEH-01 fired] | distinct receivers (28d) = 3 (contribution +0.01),535.89,7.0,New,dev
ALT-W09-19891,9,63,19891,LOW,99.399,Moderate,3,2,Velocity anomaly,VEL-01 High absolute velocity,"BEH-02 New-counterparty burst, NET-01 Fan-in collector","VEL-01, BEH-02, NET-01",weekly transaction count = 8 (contribution +2.89) [VEL-01 fired] | velocity vs own history = 2.25 (contribution +0.16) | distinct receivers (28d) = 6 (contribution +0.03),1639.17,8.0,New,dev
ALT-W09-19462,9,63,19462,LOW,99.395,Limited,3,1,Velocity anomaly,VEL-01 High absolute velocity,"BEH-01 Velocity spike vs own baseline, BEH-02 New-counterparty burst, AML-01 Rapid pass-through","VEL-01, BEH-01, BEH-02, AML-01",weekly transaction count = 7 (contribution +2.63) [VEL-01 fired] | velocity vs own history = 4.308 (contribution +0.41) [BEH-01 fired] | distinct receivers (28d) = 6 (contribution +0.03),1328.83,7.0,New,dev
ALT-W09-04697,9,63,4697,LOW,99.372,Limited,2,1,Velocity anomaly,VEL-01 High absolute velocity,BEH-01 Velocity spike vs own baseline,"VEL-01, BEH-01",weekly transaction count = 7 (contribution +2.63) [VEL-01 fired] | velocity vs own history = 4 (contribution +0.38) [BEH-01 fired] | distinct receivers (28d) = 5 (contribution +0.03),628.5899999999999,7.0,New,dev
ALT-W09-05453,9,63,5453,LOW,99.367,Limited,2,1,Velocity anomaly,VEL-01 High absolute velocity,BEH-01 Velocity spike vs own baseline,"VEL-01, BEH-01",weekly transaction count = 7 (contribution +2.63) [VEL-01 fired] | velocity vs own history = 4 (contribution +0.38) [BEH-01 fired] | distinct receivers (28d) = 3 (contribution +0.01),375.33000000000004,7.0,New,dev
ALT-W09-09686,9,63,9686,LOW,99.367,Limited,2,1,Velocity anomaly,VEL-01 High absolute velocity,"BEH-01 Velocity spike vs own baseline, BEH-02 New-counterparty burst","VEL-01, BEH-01, BEH-02",weekly transaction count = 7 (contribution +2.63) [VEL-01 fired] | velocity vs own history = 4 (contribution +0.38) [BEH-01 fired] | distinct receivers (28d) = 3 (contribution +0.01),2150.73,7.0,New,dev
ALT-W09-16520,9,63,16520,LOW,99.367,Limited,2,1,Velocity anomaly,VEL-01 High absolute velocity,BEH-01 Velocity spike vs own baseline,"VEL-01, BEH-01",weekly transaction count = 7 (contribution +2.63) [VEL-01 fired] | velocity vs own history = 4 (contribution +0.38) [BEH-01 fired] | distinct receivers (28d) = 3 (contribution +0.01),808.53,7.0,New,dev
ALT-W09-19959,9,63,19959,LOW,99.361,Moderate,3,2,Velocity anomaly,VEL-01 High absolute velocity,"BEH-02 New-counterparty burst, NET-02 Fan-out distributor","VEL-01, BEH-02, NET-02",weekly transaction count = 8 (contribution +2.89) [VEL-01 fired] | velocity vs own history = 1.895 (contribution +0.09) | distinct receivers (28d) = 8 (contribution +0.04) [NET-02 fired],2131.06,8.0,New,dev
ALT-W09-09894,9,63,9894,LOW,99.352,Limited,3,1,Velocity anomaly,VEL-01 High absolute velocity,"BEH-01 Velocity spike vs own baseline, BEH-02 New-counterparty burst, NET-03 Flow centrality (PageRank)","VEL-01, BEH-01, BEH-02, NET-03",weekly transaction count = 7 (contribution +2.63) [VEL-01 fired] | velocity vs own history = 4.267 (contribution +0.41) [BEH-01 fired],2719.21,7.0,New,dev
ALT-W09-08149,9,63,8149,LOW,99.335,Limited,2,1,Velocity anomaly,VEL-01 High absolute velocity,BEH-01 Velocity spike vs own baseline,"VEL-01, BEH-01",weekly transaction count = 7 (contribution +2.63) [VEL-01 fired] | velocity vs own history = 3.636 (contribution +0.34) [BEH-01 fired] | distinct receivers (28d) = 5 (contribution +0.03),457.02000000000004,7.0,New,dev
ALT-W09-19558,9,63,19558,LOW,99.331,Limited,3,1,Velocity anomaly,VEL-01 High absolute velocity,"TXN-01 Large transaction, BEH-01 Velocity spike vs own baseline, BEH-02 New-counterparty burst","TXN-01, VEL-01, BEH-01, BEH-02",weekly transaction count = 7 (contribution +2.63) [VEL-01 fired] | velocity vs own history = 3.636 (contribution +0.34) [BEH-01 fired] | distinct receivers (28d) = 4 (contribution +0.02),1446.33,7.0,New,dev
ALT-W09-19873,9,63,19873,LOW,99.326,Moderate,1,2,Velocity anomaly,VEL-01 High absolute velocity,,VEL-01,weekly transaction count = 8 (contribution +2.89) [VEL-01 fired] | velocity vs own history = 1.8 (contribution +0.08) | distinct receivers (28d) = 4 (contribution +0.02),1183.42,8.0,New,dev
ALT-W09-19905,9,63,19905,LOW,99.32,Moderate,3,2,Velocity anomaly,VEL-01 High absolute velocity,"BEH-02 New-counterparty burst, NET-01 Fan-in collector, NET-03 Flow centrality (PageRank)","VEL-01, BEH-02, NET-01, NET-03",weekly transaction count = 8 (contribution +2.89) [VEL-01 fired] | velocity vs own history = 1.756 (contribution +0.07) | distinct receivers (28d) = 5 (contribution +0.03),2533.3599999999997,8.0,New,dev
ALT-W09-06580,9,63,6580,LOW,99.302,Limited,2,1,Velocity anomaly,VEL-01 High absolute velocity,BEH-01 Velocity spike vs own baseline,"VEL-01, BEH-01",weekly transaction count = 7 (contribution +2.63) [VEL-01 fired] | velocity vs own history = 3.692 (contribution +0.35) [BEH-01 fired],738.8199999999999,7.0,New,dev
ALT-W09-09383,9,63,9383,LOW,99.302,Limited,2,1,Velocity anomaly,VEL-01 High absolute velocity,BEH-01 Velocity spike vs own baseline,"VEL-01, BEH-01",weekly transaction count = 7 (contribution +2.63) [VEL-01 fired] | velocity vs own history = 3.692 (contribution +0.35) [BEH-01 fired],667.05,7.0,New,dev
ALT-W09-19977,9,63,19977,LOW,99.284,Strong,3,3,Velocity anomaly,VEL-01 High absolute velocity,"BEH-02 New-counterparty burst, NET-01 Fan-in collector, NET-03 Flow centrality (PageRank)","VEL-01, BEH-02, NET-01, NET-03",weekly transaction count = 8 (contribution +2.89) [VEL-01 fired] | velocity vs own history = 1.607 (contribution +0.04) | distinct receivers (28d) = 6 (contribution +0.03),2561.41,8.0,New,dev
ALT-W09-19862,9,63,19862,LOW,99.283,Limited,2,1,Velocity anomaly,VEL-01 High absolute velocity,"BEH-01 Velocity spike vs own baseline, BEH-02 New-counterparty burst","VEL-01, BEH-01, BEH-02",weekly transaction count = 7 (contribution +2.63) [VEL-01 fired] | velocity vs own history = 3.429 (contribution +0.32) [BEH-01 fired] | distinct receivers (28d) = 3 (contribution +0.01),1639.1200000000001,7.0,New,dev
ALT-W09-19960,9,63,19960,LOW,99.274,Limited,3,1,Velocity anomaly,VEL-01 High absolute velocity,"TXN-01 Large transaction, BEH-01 Velocity spike vs own baseline, BEH-02 New-counterparty burst","TXN-01, VEL-01, BEH-01, BEH-02",weekly transaction count = 7 (contribution +2.63) [VEL-01 fired] | velocity vs own history = 3.429 (contribution +0.32) [BEH-01 fired] | distinct receivers (28d) = 2 (contribution +0.01),2314.5,7.0,New,dev
ALT-W09-19717,9,63,19717,LOW,99.252,Limited,3,1,Velocity anomaly,VEL-01 High absolute velocity,"TXN-01 Large transaction, BEH-02 New-counterparty burst","TXN-01, VEL-01, BEH-02",weekly transaction count = 7 (contribution +2.63) [VEL-01 fired] | velocity vs own history = 3.111 (contribution +0.28) | distinct receivers (28d) = 6 (contribution +0.03),1891.43,7.0,New,dev
ALT-W09-19795,9,63,19795,LOW,99.247,Limited,2,1,Velocity anomaly,VEL-01 High absolute velocity,BEH-02 New-counterparty burst,"VEL-01, BEH-02",weekly transaction count = 7 (contribution +2.63) [VEL-01 fired] | velocity vs own history = 3.048 (contribution +0.27) | distinct receivers (28d) = 6 (contribution +0.03),2157.2,7.0,New,dev
ALT-W09-18833,9,63,18833,LOW,99.246,Limited,2,1,Velocity anomaly,VEL-01 High absolute velocity,BEH-01 Velocity spike vs own baseline,"VEL-01, BEH-01",weekly transaction count = 7 (contribution +2.63) [VEL-01 fired] | velocity vs own history = 3.333 (contribution +0.31) [BEH-01 fired],1037.06,7.0,New,dev
ALT-W09-09292,9,63,9292,LOW,99.238,Limited,3,1,Velocity anomaly,VEL-01 High absolute velocity,"BEH-02 New-counterparty burst, NET-02 Fan-out distributor","VEL-01, BEH-02, NET-02",weekly transaction count = 7 (contribution +2.63) [VEL-01 fired] | velocity vs own history = 2.909 (contribution +0.25) | distinct receivers (28d) = 9 (contribution +0.04) [NET-02 fired],1372.46,7.0,New,dev
ALT-W09-09522,9,63,9522,LOW,99.232,Limited,1,1,Velocity anomaly,VEL-01 High absolute velocity,,VEL-01,weekly transaction count = 7 (contribution +2.63) [VEL-01 fired] | velocity vs own history = 3.2 (contribution +0.29),358.67,7.0,New,dev
ALT-W09-09983,9,63,9983,LOW,99.229,Strong,3,3,Velocity anomaly,VEL-01 High absolute velocity,"BEH-02 New-counterparty burst, NET-02 Fan-out distributor","VEL-01, BEH-02, NET-02",weekly transaction count = 8 (contribution +2.89) [VEL-01 fired] | distinct receivers (28d) = 28 (contribution +0.07) [NET-02 fired],2978.4700000000003,8.0,New,dev
ALT-W09-17653,9,63,17653,LOW,99.224,Limited,1,1,Velocity anomaly,VEL-01 High absolute velocity,,VEL-01,weekly transaction count = 7 (contribution +2.63) [VEL-01 fired] | velocity vs own history = 2.909 (contribution +0.25) | distinct receivers (28d) = 4 (contribution +0.02),953.17,7.0,New,dev
ALT-W09-19877,9,63,19877,LOW,99.215,Limited,3,1,Velocity anomaly,VEL-01 High absolute velocity,"BEH-02 New-counterparty burst, NET-01 Fan-in collector","VEL-01, BEH-02, NET-01",weekly transaction count = 7 (contribution +2.63) [VEL-01 fired] | velocity vs own history = 3.048 (contribution +0.27),1941.73,7.0,New,dev
ALT-W09-19932,9,63,19932,LOW,99.213,Limited,3,1,Velocity anomaly,VEL-01 High absolute velocity,"BEH-02 New-counterparty burst, NET-02 Fan-out distributor","VEL-01, BEH-02, NET-02",weekly transaction count = 7 (contribution +2.63) [VEL-01 fired] | velocity vs own history = 2.667 (contribution +0.22) | distinct receivers (28d) = 10 (contribution +0.04) [NET-02 fired],2092.0,7.0,New,dev
ALT-W09-19958,9,63,19958,LOW,99.21,Limited,3,1,Velocity anomaly,VEL-01 High absolute velocity,"BEH-02 New-counterparty burst, NET-02 Fan-out distributor","VEL-01, BEH-02, NET-02",weekly transaction count = 7 (contribution +2.63) [VEL-01 fired] | velocity vs own history = 2.667 (contribution +0.22) | distinct receivers (28d) = 9 (contribution +0.04) [NET-02 fired],1983.9,7.0,New,dev
ALT-W09-19609,9,63,19609,LOW,99.201,Moderate,1,2,Velocity anomaly,VEL-01 High absolute velocity,,VEL-01,weekly transaction count = 8 (contribution +2.89) [VEL-01 fired] | distinct receivers (28d) = 4 (contribution +0.02),1123.8,8.0,New,dev
ALT-W09-04799,9,63,4799,LOW,99.164,Limited,2,1,Velocity anomaly,VEL-01 High absolute velocity,BEH-01 Velocity spike vs own baseline,"VEL-01, BEH-01",weekly transaction count = 6 (contribution +2.33) [VEL-01 fired] | velocity vs own history = 5.25 (contribution +0.50) [BEH-01 fired] | distinct receivers (28d) = 2 (contribution +0.01),382.71,6.0,New,dev
ALT-W09-19811,9,63,19811,LOW,99.148,Moderate,2,2,Velocity anomaly,VEL-01 High absolute velocity,BEH-02 New-counterparty burst,"VEL-01, BEH-02",weekly transaction count = 7 (contribution +2.63) [VEL-01 fired] | velocity vs own history = 2.286 (contribution +0.16) | distinct receivers (28d) = 4 (contribution +0.02),1881.52,7.0,New,dev
ALT-W09-19978,9,63,19978,LOW,99.144,Limited,3,1,Velocity anomaly,VEL-01 High absolute velocity,"BEH-02 New-counterparty burst, NET-01 Fan-in collector","VEL-01, BEH-02, NET-01",weekly transaction count = 7 (contribution +2.63) [VEL-01 fired] | velocity vs own history = 2.435 (contribution +0.18),2206.4900000000002,7.0,New,dev
ALT-W09-04077,9,63,4077,LOW,99.131,Limited,2,1,Velocity anomaly,VEL-01 High absolute velocity,BEH-01 Velocity spike vs own baseline,"VEL-01, BEH-01",weekly transaction count = 6 (contribution +2.33) [VEL-01 fired] | velocity vs own history = 4.667 (contribution +0.45) [BEH-01 fired] | distinct receivers (28d) = 3 (contribution +0.01),227.22,6.0,New,dev
ALT-W09-17298,9,63,17298,LOW,99.131,Limited,2,1,Velocity anomaly,VEL-01 High absolute velocity,BEH-01 Velocity spike vs own baseline,"VEL-01, BEH-01",weekly transaction count = 6 (contribution +2.33) [VEL-01 fired] | velocity vs own history = 4.667 (contribution +0.45) [BEH-01 fired] | distinct receivers (28d) = 3 (contribution +0.01),234.75,6.0,New,dev
ALT-W09-10516,9,63,10516,LOW,99.12,Limited,2,1,Velocity anomaly,VEL-01 High absolute velocity,BEH-01 Velocity spike vs own baseline,"VEL-01, BEH-01",weekly transaction count = 6 (contribution +2.33) [VEL-01 fired] | velocity vs own history = 4.667 (contribution +0.45) [BEH-01 fired] | distinct receivers (28d) = 2 (contribution +0.01),377.49,6.0,New,dev
ALT-W09-19304,9,63,19304,LOW,99.109,Limited,3,1,Velocity anomaly,VEL-01 High absolute velocity,"BEH-02 New-counterparty burst, NET-02 Fan-out distributor","VEL-01, BEH-02, NET-02",weekly transaction count = 7 (contribution +2.63) [VEL-01 fired] | velocity vs own history = 2 (contribution +0.11) | distinct receivers (28d) = 7 (contribution +0.03) [NET-02 fired],1009.24,7.0,New,dev
ALT-W09-09961,9,63,9961,LOW,99.108,Limited,2,1,Velocity anomaly,VEL-01 High absolute velocity,BEH-02 New-counterparty burst,"VEL-01, BEH-02",weekly transaction count = 7 (contribution +2.63) [VEL-01 fired] | velocity vs own history = 2.353 (contribution +0.17),2093.87,7.0,New,dev
ALT-W09-14232,9,63,14232,LOW,99.105,Limited,2,1,Velocity anomaly,VEL-01 High absolute velocity,BEH-01 Velocity spike vs own baseline,"VEL-01, BEH-01",weekly transaction count = 6 (contribution +2.33) [VEL-01 fired] | velocity vs own history = 4.667 (contribution +0.45) [BEH-01 fired],353.61,6.0,New,dev
ALT-W09-19910,9,63,19910,LOW,99.098,Moderate,3,2,Velocity anomaly,VEL-01 High absolute velocity,"BEH-02 New-counterparty burst, NET-01 Fan-in collector","VEL-01, BEH-02, NET-01",weekly transaction count = 7 (contribution +2.63) [VEL-01 fired] | velocity vs own history = 2 (contribution +0.11) | distinct receivers (28d) = 5 (contribution +0.03),1526.29,7.0,New,dev
ALT-W09-09748,9,63,9748,LOW,99.097,Moderate,1,2,Velocity anomaly,VEL-01 High absolute velocity,,VEL-01,weekly transaction count = 7 (contribution +2.63) [VEL-01 fired] | velocity vs own history = 2.105 (contribution +0.13) | distinct receivers (28d) = 2 (contribution +0.01),715.96,7.0,New,dev
ALT-W09-17410,9,63,17410,LOW,99.086,Limited,2,1,Velocity anomaly,VEL-01 High absolute velocity,"BEH-01 Velocity spike vs own baseline, BEH-02 New-counterparty burst","VEL-01, BEH-01, BEH-02",weekly transaction count = 6 (contribution +2.33) [VEL-01 fired] | velocity vs own history = 4.375 (contribution +0.42) [BEH-01 fired] | distinct receivers (28d) = 2 (contribution +0.01),1835.38,6.0,New,dev
ALT-W09-19845,9,63,19845,LOW,99.084,Limited,3,1,Velocity anomaly,VEL-01 High absolute velocity,"BEH-02 New-counterparty burst, NET-01 Fan-in collector","VEL-01, BEH-02, NET-01",weekly transaction count = 7 (contribution +2.63) [VEL-01 fired] | velocity vs own history = 2 (contribution +0.11) | distinct receivers (28d) = 3 (contribution +0.01),1847.65,7.0,New,dev
ALT-W09-18978,9,63,18978,LOW,99.081,Limited,3,1,Velocity anomaly,VEL-01 High absolute velocity,"TXN-01 Large transaction, BEH-01 Velocity spike vs own baseline, BEH-02 New-counterparty burst","TXN-01, VEL-01, BEH-01, BEH-02",weekly transaction count = 6 (contribution +2.33) [VEL-01 fired] | velocity vs own history = 4.2 (contribution +0.40) [BEH-01 fired] | distinct receivers (28d) = 4 (contribution +0.02),2954.4300000000003,6.0,New,dev
ALT-W09-04717,9,63,4717,LOW,99.075,Limited,2,1,Velocity anomaly,VEL-01 High absolute velocity,BEH-01 Velocity spike vs own baseline,"VEL-01, BEH-01",weekly transaction count = 6 (contribution +2.33) [VEL-01 fired] | velocity vs own history = 4.2 (contribution +0.40) [BEH-01 fired] | distinct receivers (28d) = 3 (contribution +0.01),318.73,6.0,New,dev
ALT-W09-07787,9,63,7787,LOW,99.075,Limited,2,1,Velocity anomaly,VEL-01 High absolute velocity,BEH-01 Velocity spike vs own baseline,"VEL-01, BEH-01",weekly transaction count = 6 (contribution +2.33) [VEL-01 fired] | velocity vs own history = 4.2 (contribution +0.40) [BEH-01 fired] | distinct receivers (28d) = 3 (contribution +0.01),217.87,6.0,New,dev
ALT-W09-12783,9,63,12783,LOW,99.075,Limited,2,1,Velocity anomaly,VEL-01 High absolute velocity,BEH-01 Velocity spike vs own baseline,"VEL-01, BEH-01",weekly transaction count = 6 (contribution +2.33) [VEL-01 fired] | velocity vs own history = 4.2 (contribution +0.40) [BEH-01 fired] | distinct receivers (28d) = 3 (contribution +0.01),379.87,6.0,New,dev
ALT-W09-19476,9,63,19476,LOW,99.075,Limited,2,1,Velocity anomaly,VEL-01 High absolute velocity,"BEH-01 Velocity spike vs own baseline, BEH-02 New-counterparty burst","VEL-01, BEH-01, BEH-02",weekly transaction count = 6 (contribution +2.33) [VEL-01 fired] | velocity vs own history = 4.2 (contribution +0.40) [BEH-01 fired] | distinct receivers (28d) = 3 (contribution +0.01),1690.06,6.0,New,dev
ALT-W09-08653,9,63,8653,LOW,99.062,Limited,2,1,Velocity anomaly,VEL-01 High absolute velocity,BEH-01 Velocity spike vs own baseline,"VEL-01, BEH-01",weekly transaction count = 6 (contribution +2.33) [VEL-01 fired] | velocity vs own history = 4.375 (contribution +0.42) [BEH-01 fired],348.58,6.0,New,dev
ALT-W09-13191,9,63,13191,LOW,99.062,Limited,2,1,Velocity anomaly,VEL-01 High absolute velocity,BEH-01 Velocity spike vs own baseline,"VEL-01, BEH-01",weekly transaction count = 6 (contribution +2.33) [VEL-01 fired] | velocity vs own history = 4.375 (contribution +0.42) [BEH-01 fired],559.04,6.0,New,dev
ALT-W09-19939,9,63,19939,LOW,99.049,Strong,3,3,Velocity anomaly,VEL-01 High absolute velocity,"BEH-02 New-counterparty burst, NET-01 Fan-in collector, NET-03 Flow centrality (PageRank)","VEL-01, BEH-02, NET-01, NET-03",weekly transaction count = 7 (contribution +2.63) [VEL-01 fired] | velocity vs own history = 2 (contribution +0.11),2737.01,7.0,New,dev
ALT-W09-18377,9,63,18377,LOW,99.04,Limited,2,1,Velocity anomaly,VEL-01 High absolute velocity,BEH-01 Velocity spike vs own baseline,"VEL-01, BEH-01",weekly transaction count = 6 (contribution +2.33) [VEL-01 fired] | velocity vs own history = 4 (contribution +0.38) [BEH-01 fired] | distinct receivers (28d) = 3 (contribution +0.01),159.95,6.0,New,dev
ALT-W09-19968,9,63,19968,LOW,99.029,Strong,3,4,Velocity anomaly,VEL-01 High absolute velocity,"BEH-02 New-counterparty burst, NET-01 Fan-in collector, NET-03 Flow centrality (PageRank)","VEL-01, BEH-02, NET-01, NET-03",weekly transaction count = 8 (contribution +2.89) [VEL-01 fired],2793.51,8.0,New,dev
ALT-W09-19212,9,63,19212,LOW,99.014,Limited,2,1,Velocity anomaly,VEL-01 High absolute velocity,BEH-01 Velocity spike vs own baseline,"VEL-01, BEH-01",weekly transaction count = 6 (contribution +2.33) [VEL-01 fired] | velocity vs own history = 4 (contribution +0.38) [BEH-01 fired],225.78,6.0,New,dev
ALT-W09-09112,9,63,9112,LOW,99.005,Limited,3,1,Velocity anomaly,VEL-01 High absolute velocity,"BEH-01 Velocity spike vs own baseline, AML-01 Rapid pass-through","VEL-01, BEH-01, AML-01",weekly transaction count = 6 (contribution +2.33) [VEL-01 fired] | velocity vs own history = 3.889 (contribution +0.37) [BEH-01 fired],211.73999999999998,6.0,New,dev
ALT-W09-11213,9,63,11213,LOW,99.005,Limited,2,1,Velocity anomaly,VEL-01 High absolute velocity,BEH-01 Velocity spike vs own baseline,"VEL-01, BEH-01",weekly transaction count = 6 (contribution +2.33) [VEL-01 fired] | velocity vs own history = 3.889 (contribution +0.37) [BEH-01 fired],194.54000000000002,6.0,New,dev
ALT-W10-19993,10,70,19993,CRITICAL,99.98,Strong,4,3,Velocity anomaly,VEL-01 High absolute velocity,"BEH-02 New-counterparty burst, AML-01 Rapid pass-through, AML-03 Circular flow, NET-01 Fan-in collector, NET-02 Fan-out distributor, NET-03 Flow centrality (PageRank)","VEL-01, BEH-02, AML-01, AML-03, NET-01, NET-02, NET-03",weekly transaction count = 18 (contribution +4.56) [VEL-01 fired] | circular-flow participation = 6 (contribution +0.98) [AML-03 fired] | velocity vs own history = 2.948 (contribution +0.26) | distinct receivers (28d) = 22 (contribution +0.06) [NET-02 fired],5914.459999999999,18.0,New,dev
ALT-W10-19998,10,70,19998,CRITICAL,99.976,Strong,4,3,Velocity anomaly,VEL-01 High absolute velocity,"BEH-02 New-counterparty burst, AML-03 Circular flow, NET-02 Fan-out distributor","VEL-01, BEH-02, AML-03, NET-02",weekly transaction count = 18 (contribution +4.56) [VEL-01 fired] | circular-flow participation = 7 (contribution +1.05) [AML-03 fired] | velocity vs own history = 1.854 (contribution +0.09) | distinct receivers (28d) = 41 (contribution +0.08) [NET-02 fired],4969.75,18.0,New,dev
ALT-W10-19999,10,70,19999,CRITICAL,99.972,Strong,4,3,Velocity anomaly,VEL-01 High absolute velocity,"BEH-02 New-counterparty burst, AML-03 Circular flow, NET-02 Fan-out distributor","VEL-01, BEH-02, AML-03, NET-02",weekly transaction count = 20 (contribution +4.78) [VEL-01 fired] | circular-flow participation = 3 (contribution +0.70) [AML-03 fired] | velocity vs own history = 2.386 (contribution +0.18) | distinct receivers (28d) = 42 (contribution +0.08) [NET-02 fired],6219.130000000001,20.0,New,dev
ALT-W10-19988,10,70,19988,CRITICAL,99.971,Strong,4,4,Velocity anomaly,VEL-01 High absolute velocity,"BEH-02 New-counterparty burst, AML-03 Circular flow, NET-01 Fan-in collector, NET-02 Fan-out distributor, NET-03 Flow centrality (PageRank)","VEL-01, BEH-02, AML-03, NET-01, NET-02, NET-03",weekly transaction count = 20 (contribution +4.78) [VEL-01 fired] | circular-flow participation = 3 (contribution +0.70) [AML-03 fired] | velocity vs own history = 2.455 (contribution +0.19) | distinct receivers (28d) = 21 (contribution +0.06) [NET-02 fired],6415.75,20.0,New,dev
ALT-W10-19987,10,70,19987,CRITICAL,99.969,Strong,5,6,Velocity anomaly,VEL-01 High absolute velocity,"TXN-01 Large transaction, BEH-02 New-counterparty burst, AML-03 Circular flow, NET-01 Fan-in collector, NET-02 Fan-out distributor, NET-03 Flow centrality (PageRank)","TXN-01, VEL-01, BEH-02, AML-03, NET-01, NET-02, NET-03",weekly transaction count = 20 (contribution +4.78) [VEL-01 fired] | circular-flow participation = 4 (contribution +0.81) [AML-03 fired] | velocity vs own history = 1.793 (contribution +0.08) | distinct receivers (28d) = 20 (contribution +0.06) [NET-02 fired],5519.67,20.0,New,dev
ALT-W10-19990,10,70,19990,CRITICAL,99.955,Strong,4,4,Velocity anomaly,VEL-01 High absolute velocity,"BEH-02 New-counterparty burst, AML-03 Circular flow, NET-01 Fan-in collector, NET-02 Fan-out distributor, NET-03 Flow centrality (PageRank)","VEL-01, BEH-02, AML-03, NET-01, NET-02, NET-03",weekly transaction count = 18 (contribution +4.56) [VEL-01 fired] | circular-flow participation = 2 (contribution +0.55) [AML-03 fired] | velocity vs own history = 2.667 (contribution +0.22) | distinct receivers (28d) = 21 (contribution +0.06) [NET-02 fired],5733.63,18.0,New,dev
ALT-W10-09988,10,70,9988,CRITICAL,99.948,Strong,4,6,Velocity anomaly,VEL-01 High absolute velocity,"BEH-02 New-counterparty burst, AML-03 Circular flow, NET-01 Fan-in collector, NET-02 Fan-out distributor, NET-03 Flow centrality (PageRank)","VEL-01, BEH-02, AML-03, NET-01, NET-02, NET-03",weekly transaction count = 21 (contribution +4.88) [VEL-01 fired] | circular-flow participation = 1 (contribution +0.35) [AML-03 fired] | distinct receivers (28d) = 28 (contribution +0.07) [NET-02 fired] | velocity vs own history = 1.544 (contribution +0.03),5958.360000000001,21.0,New,dev
ALT-W10-19979,10,70,19979,CRITICAL,99.934,Strong,4,4,Velocity anomaly,VEL-01 High absolute velocity,"BEH-02 New-counterparty burst, AML-01 Rapid pass-through, NET-01 Fan-in collector, NET-02 Fan-out distributor, NET-03 Flow centrality (PageRank)","VEL-01, BEH-02, AML-01, NET-01, NET-02, NET-03",weekly transaction count = 21 (contribution +4.88) [VEL-01 fired] | velocity vs own history = 2.962 (contribution +0.26) | distinct receivers (28d) = 21 (contribution +0.06) [NET-02 fired],4932.25,21.0,New,dev
ALT-W10-19991,10,70,19991,CRITICAL,99.931,Strong,5,3,Velocity anomaly,VEL-01 High absolute velocity,"TXN-01 Large transaction, BEH-02 New-counterparty burst, AML-03 Circular flow, NET-01 Fan-in collector, NET-02 Fan-out distributor, NET-03 Flow centrality (PageRank)","TXN-01, VEL-01, BEH-02, AML-03, NET-01, NET-02, NET-03",weekly transaction count = 15 (contribution +4.18) [VEL-01 fired] | circular-flow participation = 4 (contribution +0.81) [AML-03 fired] | velocity vs own history = 2.24 (contribution +0.15) | distinct receivers (28d) = 21 (contribution +0.06) [NET-02 fired],3932.0699999999997,15.0,New,dev
ALT-W10-09990,10,70,9990,CRITICAL,99.93,Strong,4,6,Velocity anomaly,VEL-01 High absolute velocity,"BEH-02 New-counterparty burst, AML-03 Circular flow, NET-01 Fan-in collector, NET-02 Fan-out distributor, NET-03 Flow centrality (PageRank)","VEL-01, BEH-02, AML-03, NET-01, NET-02, NET-03",weekly transaction count = 20 (contribution +4.78) [VEL-01 fired] | circular-flow participation = 1 (contribution +0.35) [AML-03 fired] | distinct receivers (28d) = 28 (contribution +0.07) [NET-02 fired] | velocity vs own history = 1.424 (contribution +0.00),5072.389999999999,20.0,New,dev
ALT-W10-09999,10,70,9999,CRITICAL,99.925,Strong,3,6,Velocity anomaly,VEL-01 High absolute velocity,"BEH-02 New-counterparty burst, NET-01 Fan-in collector, NET-02 Fan-out distributor","VEL-01, BEH-02, NET-01, NET-02",weekly transaction count = 23 (contribution +5.08) [VEL-01 fired] | distinct receivers (28d) = 56 (contribution +0.09) [NET-02 fired],7493.1,23.0,New,dev
ALT-W10-19989,10,70,19989,CRITICAL,99.915,Strong,4,3,Velocity anomaly,VEL-01 High absolute velocity,"BEH-02 New-counterparty burst, AML-01 Rapid pass-through, AML-03 Circular flow, NET-01 Fan-in collector, NET-02 Fan-out distributor, NET-03 Flow centrality (PageRank)","VEL-01, BEH-02, AML-01, AML-03, NET-01, NET-02, NET-03",weekly transaction count = 16 (contribution +4.31) [VEL-01 fired] | circular-flow participation = 2 (contribution +0.55) [AML-03 fired] | velocity vs own history = 2.38 (contribution +0.18) | distinct receivers (28d) = 21 (contribution +0.06) [NET-02 fired],5214.09,16.0,New,dev
ALT-W10-09989,10,70,9989,CRITICAL,99.906,Strong,3,6,Velocity anomaly,VEL-01 High absolute velocity,"BEH-02 New-counterparty burst, NET-01 Fan-in collector, NET-02 Fan-out distributor, NET-03 Flow centrality (PageRank)","VEL-01, BEH-02, NET-01, NET-02, NET-03",weekly transaction count = 22 (contribution +4.98) [VEL-01 fired] | distinct receivers (28d) = 28 (contribution +0.07) [NET-02 fired] | velocity vs own history = 1.438 (contribution +0.00),6566.44,22.0,New,dev
ALT-W10-09992,10,70,9992,CRITICAL,99.902,Strong,4,6,Velocity anomaly,VEL-01 High absolute velocity,"TXN-01 Large transaction, BEH-02 New-counterparty burst, NET-01 Fan-in collector, NET-02 Fan-out distributor, NET-03 Flow centrality (PageRank)","TXN-01, VEL-01, BEH-02, NET-01, NET-02, NET-03",weekly transaction count = 21 (contribution +4.88) [VEL-01 fired] | velocity vs own history = 1.853 (contribution +0.09) | distinct receivers (28d) = 29 (contribution +0.07) [NET-02 fired],4340.3,21.0,New,dev
ALT-W10-19995,10,70,19995,HIGH,99.9,Strong,4,3,Velocity anomaly,VEL-01 High absolute velocity,"BEH-02 New-counterparty burst, AML-03 Circular flow, NET-01 Fan-in collector, NET-02 Fan-out distributor","VEL-01, BEH-02, AML-03, NET-01, NET-02",weekly transaction count = 13 (contribution +3.88) [VEL-01 fired] | circular-flow participation = 4 (contribution +0.81) [AML-03 fired] | velocity vs own history = 3.15 (contribution +0.28) | distinct receivers (28d) = 21 (contribution +0.06) [NET-02 fired],3366.81,13.0,New,dev
ALT-W10-09998,10,70,9998,HIGH,99.881,Strong,3,6,Velocity anomaly,VEL-01 High absolute velocity,"BEH-02 New-counterparty burst, NET-01 Fan-in collector, NET-02 Fan-out distributor","VEL-01, BEH-02, NET-01, NET-02",weekly transaction count = 21 (contribution +4.88) [VEL-01 fired] | distinct receivers (28d) = 56 (contribution +0.09) [NET-02 fired],6791.99,21.0,New,dev
ALT-W10-09987,10,70,9987,HIGH,99.869,Strong,4,6,Velocity anomaly,VEL-01 High absolute velocity,"BEH-02 New-counterparty burst, AML-03 Circular flow, NET-01 Fan-in collector, NET-02 Fan-out distributor, NET-03 Flow centrality (PageRank)","VEL-01, BEH-02, AML-03, NET-01, NET-02, NET-03",weekly transaction count = 16 (contribution +4.31) [VEL-01 fired] | circular-flow participation = 2 (contribution +0.55) [AML-03 fired] | distinct receivers (28d) = 28 (contribution +0.07) [NET-02 fired],4811.16,16.0,New,dev
ALT-W10-19982,10,70,19982,HIGH,99.863,Strong,4,3,Velocity anomaly,VEL-01 High absolute velocity,"BEH-02 New-counterparty burst, AML-03 Circular flow, NET-01 Fan-in collector, NET-02 Fan-out distributor, NET-03 Flow centrality (PageRank)","VEL-01, BEH-02, AML-03, NET-01, NET-02, NET-03",weekly transaction count = 13 (contribution +3.88) [VEL-01 fired] | circular-flow participation = 3 (contribution +0.70) [AML-03 fired] | velocity vs own history = 2.545 (contribution +0.20) | distinct receivers (28d) = 20 (contribution +0.06) [NET-02 fired],4186.06,13.0,New,dev
ALT-W10-19980,10,70,19980,HIGH,99.856,Strong,4,4,Velocity anomaly,VEL-01 High absolute velocity,"BEH-02 New-counterparty burst, AML-01 Rapid pass-through, AML-03 Circular flow, NET-01 Fan-in collector, NET-02 Fan-out distributor","VEL-01, BEH-02, AML-01, AML-03, NET-01, NET-02",weekly transaction count = 13 (contribution +3.88) [VEL-01 fired] | circular-flow participation = 3 (contribution +0.70) [AML-03 fired] | velocity vs own history = 2.211 (contribution +0.15) | distinct receivers (28d) = 20 (contribution +0.06) [NET-02 fired],3172.31,13.0,New,dev
ALT-W10-09996,10,70,9996,HIGH,99.852,Strong,4,6,Velocity anomaly,VEL-01 High absolute velocity,"BEH-02 New-counterparty burst, AML-01 Rapid pass-through, AML-03 Circular flow, NET-01 Fan-in collector, NET-02 Fan-out distributor, NET-03 Flow centrality (PageRank)","VEL-01, BEH-02, AML-01, AML-03, NET-01, NET-02, NET-03",weekly transaction count = 16 (contribution +4.31) [VEL-01 fired] | circular-flow participation = 1 (contribution +0.35) [AML-03 fired] | distinct receivers (28d) = 28 (contribution +0.07) [NET-02 fired] | velocity vs own history = 1.608 (contribution +0.04),4869.65,16.0,New,dev
ALT-W10-19994,10,70,19994,HIGH,99.838,Strong,3,3,Velocity anomaly,VEL-01 High absolute velocity,"BEH-02 New-counterparty burst, NET-01 Fan-in collector, NET-02 Fan-out distributor, NET-03 Flow centrality (PageRank)","VEL-01, BEH-02, NET-01, NET-02, NET-03",weekly transaction count = 17 (contribution +4.44) [VEL-01 fired] | velocity vs own history = 2.571 (contribution +0.21) | distinct receivers (28d) = 21 (contribution +0.06) [NET-02 fired],4186.17,17.0,New,dev
ALT-W10-19984,10,70,19984,HIGH,99.833,Strong,4,5,Velocity anomaly,VEL-01 High absolute velocity,"BEH-02 New-counterparty burst, AML-01 Rapid pass-through, AML-03 Circular flow, NET-01 Fan-in collector, NET-02 Fan-out distributor, NET-03 Flow centrality (PageRank)","VEL-01, BEH-02, AML-01, AML-03, NET-01, NET-02, NET-03",weekly transaction count = 13 (contribution +3.88) [VEL-01 fired] | circular-flow participation = 3 (contribution +0.70) [AML-03 fired] | distinct receivers (28d) = 21 (contribution +0.06) [NET-02 fired] | velocity vs own history = 1.474 (contribution +0.01),4580.15,13.0,New,dev
ALT-W10-09991,10,70,9991,HIGH,99.809,Strong,4,6,Velocity anomaly,VEL-01 High absolute velocity,"BEH-02 New-counterparty burst, AML-01 Rapid pass-through, NET-01 Fan-in collector, NET-02 Fan-out distributor, NET-03 Flow centrality (PageRank)","VEL-01, BEH-02, AML-01, NET-01, NET-02, NET-03",weekly transaction count = 17 (contribution +4.44) [VEL-01 fired] | distinct receivers (28d) = 29 (contribution +0.07) [NET-02 fired] | velocity vs own history = 1.426 (contribution +0.00),4752.04,17.0,New,dev
ALT-W10-09995,10,70,9995,HIGH,99.803,Strong,4,6,Velocity anomaly,VEL-01 High absolute velocity,"BEH-02 New-counterparty burst, AML-03 Circular flow, NET-01 Fan-in collector, NET-02 Fan-out distributor, NET-03 Flow centrality (PageRank)","VEL-01, BEH-02, AML-03, NET-01, NET-02, NET-03",weekly transaction count = 14 (contribution +4.03) [VEL-01 fired] | circular-flow participation = 1 (contribution +0.35) [AML-03 fired] | distinct receivers (28d) = 28 (contribution +0.07) [NET-02 fired] | velocity vs own history = 1.579 (contribution +0.03),5087.89,14.0,New,dev
ALT-W10-19992,10,70,19992,HIGH,99.797,Strong,4,5,Velocity anomaly,VEL-01 High absolute velocity,"BEH-02 New-counterparty burst, AML-01 Rapid pass-through, NET-01 Fan-in collector, NET-02 Fan-out distributor, NET-03 Flow centrality (PageRank)","VEL-01, BEH-02, AML-01, NET-01, NET-02, NET-03",weekly transaction count = 15 (contribution +4.18) [VEL-01 fired] | velocity vs own history = 2.56 (contribution +0.20) | distinct receivers (28d) = 21 (contribution +0.06) [NET-02 fired],4589.67,15.0,New,dev
ALT-W10-09993,10,70,9993,HIGH,99.787,Strong,3,6,Velocity anomaly,VEL-01 High absolute velocity,"BEH-02 New-counterparty burst, NET-01 Fan-in collector, NET-02 Fan-out distributor, NET-03 Flow centrality (PageRank)","VEL-01, BEH-02, NET-01, NET-02, NET-03",weekly transaction count = 16 (contribution +4.31) [VEL-01 fired] | distinct receivers (28d) = 28 (contribution +0.07) [NET-02 fired],4022.98,16.0,New,dev
ALT-W10-19983,10,70,19983,HIGH,99.784,Strong,4,3,Velocity anomaly,VEL-01 High absolute velocity,"BEH-02 New-counterparty burst, AML-03 Circular flow, NET-02 Fan-out distributor","VEL-01, BEH-02, AML-03, NET-02",weekly transaction count = 9 (contribution +3.13) [VEL-01 fired] | circular-flow participation = 7 (contribution +1.05) [AML-03 fired] | velocity vs own history = 1.786 (contribution +0.07) | distinct receivers (28d) = 21 (contribution +0.06) [NET-02 fired],2532.0599999999995,9.0,New,dev
ALT-W10-19986,10,70,19986,HIGH,99.782,Strong,3,4,Velocity anomaly,VEL-01 High absolute velocity,"BEH-02 New-counterparty burst, NET-01 Fan-in collector, NET-02 Fan-out distributor, NET-03 Flow centrality (PageRank)","VEL-01, BEH-02, NET-01, NET-02, NET-03",weekly transaction count = 15 (contribution +4.18) [VEL-01 fired] | velocity vs own history = 1.778 (contribution +0.07) | distinct receivers (28d) = 21 (contribution +0.06) [NET-02 fired],4795.65,15.0,New,dev
ALT-W10-19996,10,70,19996,HIGH,99.766,Strong,3,3,Velocity anomaly,VEL-01 High absolute velocity,"BEH-02 New-counterparty burst, NET-02 Fan-out distributor","VEL-01, BEH-02, NET-02",weekly transaction count = 13 (contribution +3.88) [VEL-01 fired] | velocity vs own history = 3.062 (contribution +0.27) | distinct receivers (28d) = 21 (contribution +0.06) [NET-02 fired],3075.82,13.0,New,dev
ALT-W10-09978,10,70,9978,HIGH,99.759,Strong,3,5,Velocity anomaly,VEL-01 High absolute velocity,"BEH-02 New-counterparty burst, NET-01 Fan-in collector, NET-02 Fan-out distributor","VEL-01, BEH-02, NET-01, NET-02",weekly transaction count = 14 (contribution +4.03) [VEL-01 fired] | distinct receivers (28d) = 28 (contribution +0.07) [NET-02 fired] | velocity vs own history = 1.667 (contribution +0.05),4906.92,14.0,New,dev
ALT-W10-09984,10,70,9984,HIGH,99.752,Strong,4,6,Velocity anomaly,VEL-01 High absolute velocity,"BEH-02 New-counterparty burst, AML-03 Circular flow, NET-01 Fan-in collector, NET-02 Fan-out distributor, NET-03 Flow centrality (PageRank)","VEL-01, BEH-02, AML-03, NET-01, NET-02, NET-03",weekly transaction count = 13 (contribution +3.88) [VEL-01 fired] | circular-flow participation = 1 (contribution +0.35) [AML-03 fired] | distinct receivers (28d) = 28 (contribution +0.07) [NET-02 fired],2939.0299999999997,13.0,New,dev
ALT-W10-09980,10,70,9980,HIGH,99.751,Strong,3,6,Velocity anomaly,VEL-01 High absolute velocity,"BEH-02 New-counterparty burst, NET-02 Fan-out distributor","VEL-01, BEH-02, NET-02",weekly transaction count = 14 (contribution +4.03) [VEL-01 fired] | distinct receivers (28d) = 29 (contribution +0.07) [NET-02 fired] | velocity vs own history = 1.579 (contribution +0.03),2598.52,14.0,New,dev
ALT-W10-19985,10,70,19985,HIGH,99.742,Strong,4,6,Velocity anomaly,VEL-01 High absolute velocity,"BEH-02 New-counterparty burst, AML-03 Circular flow, NET-01 Fan-in collector, NET-02 Fan-out distributor, NET-03 Flow centrality (PageRank)","VEL-01, BEH-02, AML-03, NET-01, NET-02, NET-03",weekly transaction count = 12 (contribution +3.71) [VEL-01 fired] | circular-flow participation = 1 (contribution +0.35) [AML-03 fired] | distinct receivers (28d) = 21 (contribution +0.06) [NET-02 fired],2654.16,12.0,New,dev
ALT-W10-19718,10,70,19718,HIGH,99.74,Limited,3,1,Velocity anomaly,VEL-01 High absolute velocity,"BEH-01 Velocity spike vs own baseline, NET-03 Flow centrality (PageRank)","VEL-01, BEH-01, NET-03",weekly transaction count = 12 (contribution +3.71) [VEL-01 fired] | velocity vs own history = 3.957 (contribution +0.38) [BEH-01 fired] | distinct receivers (28d) = 2 (contribution +0.01),600.52,12.0,New,dev
ALT-W10-09958,10,70,9958,HIGH,99.71,Limited,3,1,Velocity anomaly,VEL-01 High absolute velocity,"BEH-02 New-counterparty burst, NET-01 Fan-in collector","VEL-01, BEH-02, NET-01",weekly transaction count = 12 (contribution +3.71) [VEL-01 fired] | velocity vs own history = 2.889 (contribution +0.25),2146.23,12.0,New,dev
ALT-W10-16888,10,70,16888,HIGH,99.703,Limited,2,1,Velocity anomaly,VEL-01 High absolute velocity,BEH-01 Velocity spike vs own baseline,"VEL-01, BEH-01",weekly transaction count = 10 (contribution +3.34) [VEL-01 fired] | velocity vs own history = 6.286 (contribution +0.58) [BEH-01 fired] | distinct receivers (28d) = 2 (contribution +0.01),124.85000000000001,10.0,New,dev
ALT-W10-09994,10,70,9994,MEDIUM,99.7,Strong,4,6,Velocity anomaly,VEL-01 High absolute velocity,"BEH-02 New-counterparty burst, AML-01 Rapid pass-through, NET-01 Fan-in collector, NET-02 Fan-out distributor, NET-03 Flow centrality (PageRank)","VEL-01, BEH-02, AML-01, NET-01, NET-02, NET-03",weekly transaction count = 13 (contribution +3.88) [VEL-01 fired] | distinct receivers (28d) = 28 (contribution +0.07) [NET-02 fired],4235.68,13.0,New,dev
ALT-W10-09985,10,70,9985,MEDIUM,99.68,Strong,3,6,Velocity anomaly,VEL-01 High absolute velocity,"BEH-02 New-counterparty burst, NET-01 Fan-in collector, NET-02 Fan-out distributor, NET-03 Flow centrality (PageRank)","VEL-01, BEH-02, NET-01, NET-02, NET-03",weekly transaction count = 13 (contribution +3.88) [VEL-01 fired] | distinct receivers (28d) = 28 (contribution +0.07) [NET-02 fired],4269.02,13.0,New,dev
ALT-W10-19716,10,70,19716,MEDIUM,99.669,Limited,3,1,Velocity anomaly,VEL-01 High absolute velocity,"BEH-01 Velocity spike vs own baseline, BEH-02 New-counterparty burst, AML-03 Circular flow","VEL-01, BEH-01, BEH-02, AML-03",weekly transaction count = 9 (contribution +3.13) [VEL-01 fired] | circular-flow participation = 1 (contribution +0.35) [AML-03 fired] | velocity vs own history = 3.333 (contribution +0.31) [BEH-01 fired] | distinct receivers (28d) = 3 (contribution +0.01),2544.58,9.0,New,dev
ALT-W10-19895,10,70,19895,MEDIUM,99.638,Limited,2,1,Velocity anomaly,VEL-01 High absolute velocity,NET-02 Fan-out distributor,"VEL-01, NET-02",weekly transaction count = 10 (contribution +3.34) [VEL-01 fired] | velocity vs own history = 3 (contribution +0.26) | distinct receivers (28d) = 8 (contribution +0.04) [NET-02 fired],1360.39,10.0,New,dev
ALT-W10-19942,10,70,19942,MEDIUM,99.627,Moderate,3,2,Velocity anomaly,VEL-01 High absolute velocity,"BEH-02 New-counterparty burst, NET-01 Fan-in collector","VEL-01, BEH-02, NET-01",weekly transaction count = 10 (contribution +3.34) [VEL-01 fired] | velocity vs own history = 2.962 (contribution +0.26) | distinct receivers (28d) = 4 (contribution +0.02),2938.54,10.0,New,dev
ALT-W10-09986,10,70,9986,MEDIUM,99.621,Strong,4,6,Velocity anomaly,VEL-01 High absolute velocity,"TXN-01 Large transaction, BEH-02 New-counterparty burst, NET-01 Fan-in collector, NET-02 Fan-out distributor, NET-03 Flow centrality (PageRank)","TXN-01, VEL-01, BEH-02, NET-01, NET-02, NET-03",weekly transaction count = 12 (contribution +3.71) [VEL-01 fired] | distinct receivers (28d) = 28 (contribution +0.07) [NET-02 fired],3282.75,12.0,New,dev
ALT-W10-16773,10,70,16773,MEDIUM,99.62,Limited,2,1,Velocity anomaly,VEL-01 High absolute velocity,BEH-01 Velocity spike vs own baseline,"VEL-01, BEH-01",weekly transaction count = 9 (contribution +3.13) [VEL-01 fired] | velocity vs own history = 4.545 (contribution +0.44) [BEH-01 fired] | distinct receivers (28d) = 5 (contribution +0.03),1082.05,9.0,New,dev
ALT-W10-19921,10,70,19921,MEDIUM,99.604,Moderate,3,2,Velocity anomaly,VEL-01 High absolute velocity,"BEH-02 New-counterparty burst, NET-01 Fan-in collector","VEL-01, BEH-02, NET-01",weekly transaction count = 10 (contribution +3.34) [VEL-01 fired] | velocity vs own history = 2.256 (contribution +0.16) | distinct receivers (28d) = 5 (contribution +0.03),1316.3,10.0,New,dev
ALT-W10-19976,10,70,19976,MEDIUM,99.594,Strong,4,3,Velocity anomaly,VEL-01 High absolute velocity,"BEH-02 New-counterparty burst, AML-03 Circular flow, NET-01 Fan-in collector, NET-03 Flow centrality (PageRank)","VEL-01, BEH-02, AML-03, NET-01, NET-03",weekly transaction count = 9 (contribution +3.13) [VEL-01 fired] | circular-flow participation = 1 (contribution +0.35) [AML-03 fired] | velocity vs own history = 1.463 (contribution +0.01),3280.07,9.0,New,dev
ALT-W10-09636,10,70,9636,MEDIUM,99.583,Limited,1,1,Velocity anomaly,VEL-01 High absolute velocity,,VEL-01,weekly transaction count = 9 (contribution +3.13) [VEL-01 fired] | velocity vs own history = 3.2 (contribution +0.29) | distinct receivers (28d) = 3 (contribution +0.01),1526.23,9.0,New,dev
ALT-W10-09864,10,70,9864,MEDIUM,99.581,Moderate,1,2,Velocity anomaly,VEL-01 High absolute velocity,,VEL-01,weekly transaction count = 9 (contribution +3.13) [VEL-01 fired] | velocity vs own history = 3.077 (contribution +0.27) | distinct receivers (28d) = 5 (contribution +0.03),834.7600000000001,9.0,New,dev
ALT-W10-09003,10,70,9003,MEDIUM,99.574,Limited,2,1,Velocity anomaly,VEL-01 High absolute velocity,BEH-01 Velocity spike vs own baseline,"VEL-01, BEH-01",weekly transaction count = 8 (contribution +2.89) [VEL-01 fired] | velocity vs own history = 5.4 (contribution +0.51) [BEH-01 fired] | distinct receivers (28d) = 2 (contribution +0.01),874.27,8.0,New,dev
ALT-W10-18850,10,70,18850,MEDIUM,99.569,Limited,3,1,Velocity anomaly,VEL-01 High absolute velocity,"BEH-01 Velocity spike vs own baseline, BEH-02 New-counterparty burst, AML-01 Rapid pass-through","VEL-01, BEH-01, BEH-02, AML-01",weekly transaction count = 8 (contribution +2.89) [VEL-01 fired] | velocity vs own history = 5.062 (contribution +0.48) [BEH-01 fired] | distinct receivers (28d) = 5 (contribution +0.03),3806.88,8.0,New,dev
ALT-W10-19974,10,70,19974,MEDIUM,99.553,Strong,3,3,Velocity anomaly,VEL-01 High absolute velocity,"BEH-02 New-counterparty burst, NET-01 Fan-in collector, NET-03 Flow centrality (PageRank)","VEL-01, BEH-02, NET-01, NET-03",weekly transaction count = 10 (contribution +3.34) [VEL-01 fired] | velocity vs own history = 1.535 (contribution +0.02) | distinct receivers (28d) = 2 (contribution +0.01),2555.8,10.0,New,dev
ALT-W10-17828,10,70,17828,MEDIUM,99.543,Limited,2,1,Velocity anomaly,VEL-01 High absolute velocity,BEH-01 Velocity spike vs own baseline,"VEL-01, BEH-01",weekly transaction count = 8 (contribution +2.89) [VEL-01 fired] | velocity vs own history = 4.5 (contribution +0.43) [BEH-01 fired] | distinct receivers (28d) = 4 (contribution +0.02),878.8499999999999,8.0,New,dev
ALT-W10-18756,10,70,18756,MEDIUM,99.543,Limited,2,1,Velocity anomaly,VEL-01 High absolute velocity,"BEH-01 Velocity spike vs own baseline, BEH-02 New-counterparty burst","VEL-01, BEH-01, BEH-02",weekly transaction count = 8 (contribution +2.89) [VEL-01 fired] | velocity vs own history = 4.5 (contribution +0.43) [BEH-01 fired] | distinct receivers (28d) = 4 (contribution +0.02),2155.54,8.0,New,dev
ALT-W10-09862,10,70,9862,MEDIUM,99.532,Limited,3,1,Velocity anomaly,VEL-01 High absolute velocity,"BEH-02 New-counterparty burst, NET-01 Fan-in collector, NET-03 Flow centrality (PageRank)","VEL-01, BEH-02, NET-01, NET-03",weekly transaction count = 9 (contribution +3.13) [VEL-01 fired] | velocity vs own history = 2.5 (contribution +0.19),2821.13,9.0,New,dev
ALT-W10-09941,10,70,9941,MEDIUM,99.518,Limited,2,1,Velocity anomaly,VEL-01 High absolute velocity,NET-01 Fan-in collector,"VEL-01, NET-01",weekly transaction count = 9 (contribution +3.13) [VEL-01 fired] | velocity vs own history = 2.258 (contribution +0.16) | distinct receivers (28d) = 2 (contribution +0.01),1036.48,9.0,New,dev
ALT-W10-19981,10,70,19981,MEDIUM,99.506,Strong,3,3,Velocity anomaly,VEL-01 High absolute velocity,"BEH-02 New-counterparty burst, NET-02 Fan-out distributor","VEL-01, BEH-02, NET-02",weekly transaction count = 9 (contribution +3.13) [VEL-01 fired] | velocity vs own history = 1.818 (contribution +0.08) | distinct receivers (28d) = 21 (contribution +0.06) [NET-02 fired],3166.9,9.0,New,dev
ALT-W10-19997,10,70,19997,MEDIUM,99.49,Strong,3,3,Velocity anomaly,VEL-01 High absolute velocity,"BEH-02 New-counterparty burst, NET-02 Fan-out distributor","VEL-01, BEH-02, NET-02",weekly transaction count = 9 (contribution +3.13) [VEL-01 fired] | distinct receivers (28d) = 21 (contribution +0.06) [NET-02 fired] | velocity vs own history = 1.667 (contribution +0.05),2436.04,9.0,New,dev
ALT-W10-09972,10,70,9972,MEDIUM,99.479,Moderate,3,2,Velocity anomaly,VEL-01 High absolute velocity,"BEH-02 New-counterparty burst, NET-01 Fan-in collector","VEL-01, BEH-02, NET-01",weekly transaction count = 9 (contribution +3.13) [VEL-01 fired] | velocity vs own history = 2.093 (contribution +0.13),2083.31,9.0,New,dev
ALT-W10-03852,10,70,3852,MEDIUM,99.478,Limited,2,1,Velocity anomaly,VEL-01 High absolute velocity,BEH-01 Velocity spike vs own baseline,"VEL-01, BEH-01",weekly transaction count = 7 (contribution +2.63) [VEL-01 fired] | velocity vs own history = 6.4 (contribution +0.59) [BEH-01 fired] | distinct receivers (28d) = 2 (contribution +0.01),668.89,7.0,New,dev
ALT-W10-09836,10,70,9836,MEDIUM,99.474,Limited,3,1,Velocity anomaly,VEL-01 High absolute velocity,"BEH-02 New-counterparty burst, NET-02 Fan-out distributor","VEL-01, BEH-02, NET-02",weekly transaction count = 8 (contribution +2.89) [VEL-01 fired] | velocity vs own history = 3.176 (contribution +0.29) | distinct receivers (28d) = 8 (contribution +0.04) [NET-02 fired],2394.84,8.0,New,dev
ALT-W10-09982,10,70,9982,MEDIUM,99.468,Strong,3,5,Velocity anomaly,VEL-01 High absolute velocity,"BEH-02 New-counterparty burst, NET-02 Fan-out distributor","VEL-01, BEH-02, NET-02",weekly transaction count = 9 (contribution +3.13) [VEL-01 fired] | distinct receivers (28d) = 28 (contribution +0.07) [NET-02 fired] | velocity vs own history = 1.429 (contribution +0.00),3239.14,9.0,New,dev
ALT-W10-09981,10,70,9981,MEDIUM,99.44,Strong,3,5,Velocity anomaly,VEL-01 High absolute velocity,"BEH-02 New-counterparty burst, NET-02 Fan-out distributor","VEL-01, BEH-02, NET-02",weekly transaction count = 9 (contribution +3.13) [VEL-01 fired] | distinct receivers (28d) = 28 (contribution +0.07) [NET-02 fired],2195.5,9.0,New,dev
ALT-W10-16925,10,70,16925,MEDIUM,99.433,Limited,2,1,Velocity anomaly,VEL-01 High absolute velocity,BEH-01 Velocity spike vs own baseline,"VEL-01, BEH-01",weekly transaction count = 7 (contribution +2.63) [VEL-01 fired] | velocity vs own history = 5 (contribution +0.48) [BEH-01 fired] | distinct receivers (28d) = 5 (contribution +0.03),1067.32,7.0,New,dev
ALT-W10-09954,10,70,9954,MEDIUM,99.419,Limited,3,1,Velocity anomaly,VEL-01 High absolute velocity,"BEH-02 New-counterparty burst, NET-01 Fan-in collector, NET-03 Flow centrality (PageRank)","VEL-01, BEH-02, NET-01, NET-03",weekly transaction count = 9 (contribution +3.13) [VEL-01 fired] | velocity vs own history = 1.458 (contribution +0.01),2121.19,9.0,New,dev
ALT-W10-19862,10,70,19862,MEDIUM,99.418,Moderate,4,2,Velocity anomaly,VEL-01 High absolute velocity,"BEH-02 New-counterparty burst, AML-01 Rapid pass-through, NET-02 Fan-out distributor","VEL-01, BEH-02, AML-01, NET-02",weekly transaction count = 8 (contribution +2.89) [VEL-01 fired] | velocity vs own history = 2.4 (contribution +0.18) | distinct receivers (28d) = 7 (contribution +0.03) [NET-02 fired],2458.1800000000003,8.0,New,dev
ALT-W10-08492,10,70,8492,MEDIUM,99.416,Limited,2,1,Velocity anomaly,VEL-01 High absolute velocity,BEH-01 Velocity spike vs own baseline,"VEL-01, BEH-01",weekly transaction count = 7 (contribution +2.63) [VEL-01 fired] | velocity vs own history = 4.8 (contribution +0.46) [BEH-01 fired] | distinct receivers (28d) = 3 (contribution +0.01),792.84,7.0,New,dev
ALT-W10-05400,10,70,5400,MEDIUM,99.409,Limited,2,1,Velocity anomaly,VEL-01 High absolute velocity,BEH-01 Velocity spike vs own baseline,"VEL-01, BEH-01",weekly transaction count = 7 (contribution +2.63) [VEL-01 fired] | velocity vs own history = 4.667 (contribution +0.45) [BEH-01 fired] | distinct receivers (28d) = 3 (contribution +0.01),314.16,7.0,New,dev
ALT-W10-03503,10,70,3503,MEDIUM,99.405,Limited,2,1,Velocity anomaly,VEL-01 High absolute velocity,BEH-01 Velocity spike vs own baseline,"VEL-01, BEH-01",weekly transaction count = 7 (contribution +2.63) [VEL-01 fired] | velocity vs own history = 4.667 (contribution +0.45) [BEH-01 fired] | distinct receivers (28d) = 2 (contribution +0.01),386.61,7.0,New,dev
ALT-W10-09997,10,70,9997,LOW,99.4,Strong,3,6,Velocity anomaly,VEL-01 High absolute velocity,"BEH-02 New-counterparty burst, NET-01 Fan-in collector, NET-02 Fan-out distributor","VEL-01, BEH-02, NET-01, NET-02",weekly transaction count = 9 (contribution +3.13) [VEL-01 fired] | distinct receivers (28d) = 28 (contribution +0.07) [NET-02 fired],2151.6000000000004,9.0,New,dev
ALT-W10-07352,10,70,7352,LOW,99.385,Limited,2,1,Velocity anomaly,VEL-01 High absolute velocity,BEH-01 Velocity spike vs own baseline,"VEL-01, BEH-01",weekly transaction count = 7 (contribution +2.63) [VEL-01 fired] | velocity vs own history = 4.308 (contribution +0.41) [BEH-01 fired] | distinct receivers (28d) = 3 (contribution +0.01),773.7,7.0,New,dev
ALT-W10-19919,10,70,19919,LOW,99.384,Limited,3,1,Velocity anomaly,VEL-01 High absolute velocity,"BEH-02 New-counterparty burst, NET-02 Fan-out distributor","VEL-01, BEH-02, NET-02",weekly transaction count = 8 (contribution +2.89) [VEL-01 fired] | velocity vs own history = 2 (contribution +0.11) | distinct receivers (28d) = 13 (contribution +0.05) [NET-02 fired],2157.56,8.0,New,dev
ALT-W10-09911,10,70,9911,LOW,99.38,Limited,3,1,Velocity anomaly,VEL-01 High absolute velocity,"BEH-02 New-counterparty burst, NET-01 Fan-in collector","VEL-01, BEH-02, NET-01",weekly transaction count = 8 (contribution +2.89) [VEL-01 fired] | velocity vs own history = 2.455 (contribution +0.19),2397.34,8.0,New,dev
ALT-W10-19978,10,70,19978,LOW,99.379,Moderate,3,2,Velocity anomaly,VEL-01 High absolute velocity,"BEH-02 New-counterparty burst, NET-01 Fan-in collector","VEL-01, BEH-02, NET-01",weekly transaction count = 8 (contribution +2.89) [VEL-01 fired] | velocity vs own history = 2.323 (contribution +0.17),2478.0299999999997,8.0,New,dev
ALT-W10-02894,10,70,2894,LOW,99.359,Limited,2,1,Velocity anomaly,VEL-01 High absolute velocity,BEH-01 Velocity spike vs own baseline,"VEL-01, BEH-01",weekly transaction count = 7 (contribution +2.63) [VEL-01 fired] | velocity vs own history = 4 (contribution +0.38) [BEH-01 fired] | distinct receivers (28d) = 2 (contribution +0.01),979.9100000000001,7.0,New,dev
ALT-W10-19939,10,70,19939,LOW,99.339,Strong,3,4,Velocity anomaly,VEL-01 High absolute velocity,"BEH-02 New-counterparty burst, NET-01 Fan-in collector, NET-03 Flow centrality (PageRank)","VEL-01, BEH-02, NET-01, NET-03",weekly transaction count = 8 (contribution +2.89) [VEL-01 fired] | velocity vs own history = 2 (contribution +0.11),1804.93,8.0,New,dev
ALT-W10-09977,10,70,9977,LOW,99.338,Moderate,3,2,Velocity anomaly,VEL-01 High absolute velocity,"BEH-02 New-counterparty burst, NET-01 Fan-in collector, NET-03 Flow centrality (PageRank)","VEL-01, BEH-02, NET-01, NET-03",weekly transaction count = 8 (contribution +2.89) [VEL-01 fired] | velocity vs own history = 2.118 (contribution +0.13),2569.52,8.0,New,dev
ALT-W10-17932,10,70,17932,LOW,99.335,Limited,2,1,Velocity anomaly,VEL-01 High absolute velocity,BEH-01 Velocity spike vs own baseline,"VEL-01, BEH-01",weekly transaction count = 7 (contribution +2.63) [VEL-01 fired] | velocity vs own history = 3.636 (contribution +0.34) [BEH-01 fired] | distinct receivers (28d) = 5 (contribution +0.03),462.62,7.0,New,dev
ALT-W10-19897,10,70,19897,LOW,99.325,Moderate,3,2,Velocity anomaly,VEL-01 High absolute velocity,"BEH-02 New-counterparty burst, NET-02 Fan-out distributor","VEL-01, BEH-02, NET-02",weekly transaction count = 8 (contribution +2.89) [VEL-01 fired] | velocity vs own history = 1.688 (contribution +0.06) | distinct receivers (28d) = 9 (contribution +0.04) [NET-02 fired],1883.47,8.0,New,dev
ALT-W10-09974,10,70,9974,LOW,99.316,Moderate,4,2,Velocity anomaly,VEL-01 High absolute velocity,"TXN-01 Large transaction, BEH-02 New-counterparty burst, NET-01 Fan-in collector","TXN-01, VEL-01, BEH-02, NET-01",weekly transaction count = 8 (contribution +2.89) [VEL-01 fired] | velocity vs own history = 2.032 (contribution +0.12),2173.31,8.0,New,dev
ALT-W10-03626,10,70,3626,LOW,99.313,Limited,2,1,Velocity anomaly,VEL-01 High absolute velocity,BEH-01 Velocity spike vs own baseline,"VEL-01, BEH-01",weekly transaction count = 7 (contribution +2.63) [VEL-01 fired] | velocity vs own history = 3.692 (contribution +0.35) [BEH-01 fired] | distinct receivers (28d) = 2 (contribution +0.01),355.39,7.0,New,dev
ALT-W10-09833,10,70,9833,LOW,99.306,Limited,2,1,Velocity anomaly,VEL-01 High absolute velocity,BEH-01 Velocity spike vs own baseline,"VEL-01, BEH-01",weekly transaction count = 7 (contribution +2.63) [VEL-01 fired] | velocity vs own history = 3.733 (contribution +0.35) [BEH-01 fired],718.01,7.0,New,dev
ALT-W10-19786,10,70,19786,LOW,99.269,Limited,3,1,Velocity anomaly,VEL-01 High absolute velocity,"BEH-02 New-counterparty burst, AML-03 Circular flow","VEL-01, BEH-02, AML-03",weekly transaction count = 6 (contribution +2.33) [VEL-01 fired] | circular-flow participation = 1 (contribution +0.35) [AML-03 fired] | velocity vs own history = 2.8 (contribution +0.24) | distinct receivers (28d) = 6 (contribution +0.03),1470.09,6.0,New,dev
ALT-W10-09959,10,70,9959,LOW,99.262,Strong,4,3,Velocity anomaly,VEL-01 High absolute velocity,"TXN-01 Large transaction, BEH-02 New-counterparty burst, NET-01 Fan-in collector, NET-03 Flow centrality (PageRank)","TXN-01, VEL-01, BEH-02, NET-01, NET-03",weekly transaction count = 8 (contribution +2.89) [VEL-01 fired] | velocity vs own history = 1.8 (contribution +0.08),2635.41,8.0,New,dev
ALT-W10-19551,10,70,19551,LOW,99.255,Limited,1,1,Velocity anomaly,VEL-01 High absolute velocity,,VEL-01,weekly transaction count = 7 (contribution +2.63) [VEL-01 fired] | velocity vs own history = 3.2 (contribution +0.29) | distinct receivers (28d) = 4 (contribution +0.02),441.38,7.0,New,dev
ALT-W10-09882,10,70,9882,LOW,99.243,Limited,2,1,Velocity anomaly,VEL-01 High absolute velocity,BEH-01 Velocity spike vs own baseline,"VEL-01, BEH-01",weekly transaction count = 7 (contribution +2.63) [VEL-01 fired] | velocity vs own history = 3.294 (contribution +0.30) [BEH-01 fired],451.57,7.0,New,dev
ALT-W10-08674,10,70,8674,LOW,99.232,Limited,1,1,Velocity anomaly,VEL-01 High absolute velocity,,VEL-01,weekly transaction count = 7 (contribution +2.63) [VEL-01 fired] | velocity vs own history = 3.2 (contribution +0.29),827.18,7.0,New,dev
ALT-W10-19836,10,70,19836,LOW,99.228,Limited,1,1,Velocity anomaly,VEL-01 High absolute velocity,,VEL-01,weekly transaction count = 7 (contribution +2.63) [VEL-01 fired] | velocity vs own history = 2.909 (contribution +0.25) | distinct receivers (28d) = 5 (contribution +0.03),460.51,7.0,New,dev
ALT-W10-09956,10,70,9956,LOW,99.2,Strong,3,3,Velocity anomaly,VEL-01 High absolute velocity,"BEH-02 New-counterparty burst, NET-01 Fan-in collector, NET-03 Flow centrality (PageRank)","VEL-01, BEH-02, NET-01, NET-03",weekly transaction count = 8 (contribution +2.89) [VEL-01 fired] | velocity vs own history = 1.5 (contribution +0.02),2567.92,8.0,New,dev
ALT-W10-18957,10,70,18957,LOW,99.192,Limited,1,1,Velocity anomaly,VEL-01 High absolute velocity,,VEL-01,weekly transaction count = 7 (contribution +2.63) [VEL-01 fired] | velocity vs own history = 2.667 (contribution +0.22) | distinct receivers (28d) = 5 (contribution +0.03),719.3,7.0,New,dev
ALT-W10-18595,10,70,18595,LOW,99.178,Limited,1,1,Velocity anomaly,VEL-01 High absolute velocity,,VEL-01,weekly transaction count = 7 (contribution +2.63) [VEL-01 fired] | velocity vs own history = 2.667 (contribution +0.22) | distinct receivers (28d) = 2 (contribution +0.01),702.75,7.0,New,dev
ALT-W10-19958,10,70,19958,LOW,99.15,Moderate,3,2,Velocity anomaly,VEL-01 High absolute velocity,"BEH-02 New-counterparty burst, NET-02 Fan-out distributor","VEL-01, BEH-02, NET-02",weekly transaction count = 7 (contribution +2.63) [VEL-01 fired] | velocity vs own history = 2.154 (contribution +0.14) | distinct receivers (28d) = 10 (contribution +0.04) [NET-02 fired],2176.42,7.0,New,dev
ALT-W10-08969,10,70,8969,LOW,99.148,Moderate,1,2,Velocity anomaly,VEL-01 High absolute velocity,,VEL-01,weekly transaction count = 7 (contribution +2.63) [VEL-01 fired] | velocity vs own history = 2.286 (contribution +0.16) | distinct receivers (28d) = 4 (contribution +0.02),624.86,7.0,New,dev
ALT-W10-19957,10,70,19957,LOW,99.144,Limited,3,1,Velocity anomaly,VEL-01 High absolute velocity,"BEH-02 New-counterparty burst, NET-01 Fan-in collector","VEL-01, BEH-02, NET-01",weekly transaction count = 7 (contribution +2.63) [VEL-01 fired] | velocity vs own history = 2.435 (contribution +0.18),2517.26,7.0,New,dev
ALT-W10-19037,10,70,19037,LOW,99.131,Limited,2,1,Velocity anomaly,VEL-01 High absolute velocity,"BEH-01 Velocity spike vs own baseline, BEH-02 New-counterparty burst","VEL-01, BEH-01, BEH-02",weekly transaction count = 6 (contribution +2.33) [VEL-01 fired] | velocity vs own history = 4.667 (contribution +0.45) [BEH-01 fired] | distinct receivers (28d) = 3 (contribution +0.01),2622.56,6.0,New,dev
ALT-W10-07832,10,70,7832,LOW,99.12,Limited,2,1,Velocity anomaly,VEL-01 High absolute velocity,BEH-01 Velocity spike vs own baseline,"VEL-01, BEH-01",weekly transaction count = 6 (contribution +2.33) [VEL-01 fired] | velocity vs own history = 4.667 (contribution +0.45) [BEH-01 fired] | distinct receivers (28d) = 2 (contribution +0.01),328.72,6.0,New,dev
ALT-W10-17886,10,70,17886,LOW,99.12,Limited,2,1,Velocity anomaly,VEL-01 High absolute velocity,BEH-01 Velocity spike vs own baseline,"VEL-01, BEH-01",weekly transaction count = 6 (contribution +2.33) [VEL-01 fired] | velocity vs own history = 4.667 (contribution +0.45) [BEH-01 fired] | distinct receivers (28d) = 2 (contribution +0.01),391.99,6.0,New,dev
ALT-W10-09910,10,70,9910,LOW,99.093,Limited,2,1,Velocity anomaly,VEL-01 High absolute velocity,BEH-02 New-counterparty burst,"VEL-01, BEH-02",weekly transaction count = 7 (contribution +2.63) [VEL-01 fired] | velocity vs own history = 2.286 (contribution +0.16),2385.52,7.0,New,dev
ALT-W10-14700,10,70,14700,LOW,99.086,Limited,2,1,Velocity anomaly,VEL-01 High absolute velocity,BEH-01 Velocity spike vs own baseline,"VEL-01, BEH-01",weekly transaction count = 6 (contribution +2.33) [VEL-01 fired] | velocity vs own history = 4.375 (contribution +0.42) [BEH-01 fired] | distinct receivers (28d) = 2 (contribution +0.01),444.82,6.0,New,dev
ALT-W10-09540,10,70,9540,LOW,99.079,Moderate,1,2,Velocity anomaly,VEL-01 High absolute velocity,,VEL-01,weekly transaction count = 7 (contribution +2.63) [VEL-01 fired] | velocity vs own history = 1.92 (contribution +0.10) | distinct receivers (28d) = 5 (contribution +0.03),377.07000000000005,7.0,New,dev
ALT-W10-11709,10,70,11709,LOW,99.075,Limited,2,1,Velocity anomaly,VEL-01 High absolute velocity,BEH-01 Velocity spike vs own baseline,"VEL-01, BEH-01",weekly transaction count = 6 (contribution +2.33) [VEL-01 fired] | velocity vs own history = 4.2 (contribution +0.40) [BEH-01 fired] | distinct receivers (28d) = 3 (contribution +0.01),258.65,6.0,New,dev
ALT-W10-07389,10,70,7389,LOW,99.057,Limited,2,1,Velocity anomaly,VEL-01 High absolute velocity,BEH-01 Velocity spike vs own baseline,"VEL-01, BEH-01",weekly transaction count = 6 (contribution +2.33) [VEL-01 fired] | velocity vs own history = 4.2 (contribution +0.40) [BEH-01 fired] | distinct receivers (28d) = 2 (contribution +0.01),213.13,6.0,New,dev
ALT-W10-01835,10,70,1835,LOW,99.054,Limited,2,1,Velocity anomaly,VEL-01 High absolute velocity,BEH-01 Velocity spike vs own baseline,"VEL-01, BEH-01",weekly transaction count = 6 (contribution +2.33) [VEL-01 fired] | velocity vs own history = 4.083 (contribution +0.39) [BEH-01 fired] | distinct receivers (28d) = 3 (contribution +0.01),321.46,6.0,New,dev
ALT-W10-07783,10,70,7783,LOW,99.054,Limited,2,1,Velocity anomaly,VEL-01 High absolute velocity,BEH-01 Velocity spike vs own baseline,"VEL-01, BEH-01",weekly transaction count = 6 (contribution +2.33) [VEL-01 fired] | velocity vs own history = 4.083 (contribution +0.39) [BEH-01 fired] | distinct receivers (28d) = 3 (contribution +0.01),463.72,6.0,New,dev
ALT-W10-17484,10,70,17484,LOW,99.054,Limited,2,1,Velocity anomaly,VEL-01 High absolute velocity,BEH-01 Velocity spike vs own baseline,"VEL-01, BEH-01",weekly transaction count = 6 (contribution +2.33) [VEL-01 fired] | velocity vs own history = 4.083 (contribution +0.39) [BEH-01 fired] | distinct receivers (28d) = 3 (contribution +0.01),189.72,6.0,New,dev
ALT-W10-14193,10,70,14193,LOW,99.042,Limited,2,1,Velocity anomaly,VEL-01 High absolute velocity,BEH-01 Velocity spike vs own baseline,"VEL-01, BEH-01",weekly transaction count = 6 (contribution +2.33) [VEL-01 fired] | velocity vs own history = 4.083 (contribution +0.39) [BEH-01 fired] | distinct receivers (28d) = 2 (contribution +0.01),209.28,6.0,New,dev
ALT-W10-10068,10,70,10068,LOW,99.031,Limited,2,1,Velocity anomaly,VEL-01 High absolute velocity,BEH-01 Velocity spike vs own baseline,"VEL-01, BEH-01",weekly transaction count = 6 (contribution +2.33) [VEL-01 fired] | velocity vs own history = 4.375 (contribution +0.42) [BEH-01 fired],222.36,6.0,New,dev
ALT-W10-09973,10,70,9973,LOW,99.001,Limited,3,1,Velocity anomaly,VEL-01 High absolute velocity,"BEH-02 New-counterparty burst, NET-01 Fan-in collector","VEL-01, BEH-02, NET-01",weekly transaction count = 7 (contribution +2.63) [VEL-01 fired] | velocity vs own history = 1.882 (contribution +0.09),1744.94,7.0,New,dev
ALT-W11-19993,11,77,19993,CRITICAL,99.981,Strong,4,4,Velocity anomaly,VEL-01 High absolute velocity,"BEH-02 New-counterparty burst, AML-01 Rapid pass-through, AML-03 Circular flow, NET-01 Fan-in collector, NET-02 Fan-out distributor, NET-03 Flow centrality (PageRank)","VEL-01, BEH-02, AML-01, AML-03, NET-01, NET-02, NET-03",weekly transaction count = 17 (contribution +4.44) [VEL-01 fired] | circular-flow participation = 10 (contribution +1.21) [AML-03 fired] | velocity vs own history = 2.338 (contribution +0.17) | distinct receivers (28d) = 28 (contribution +0.07) [NET-02 fired],4226.97,17.0,New,dev
ALT-W11-19998,11,77,19998,CRITICAL,99.966,Strong,4,4,Velocity anomaly,VEL-01 High absolute velocity,"BEH-02 New-counterparty burst, AML-03 Circular flow, NET-01 Fan-in collector, NET-02 Fan-out distributor","VEL-01, BEH-02, AML-03, NET-01, NET-02",weekly transaction count = 18 (contribution +4.56) [VEL-01 fired] | circular-flow participation = 6 (contribution +0.98) [AML-03 fired] | distinct receivers (28d) = 55 (contribution +0.09) [NET-02 fired] | velocity vs own history = 1.583 (contribution +0.03),4543.35,18.0,New,dev
ALT-W11-19989,11,77,19989,CRITICAL,99.963,Strong,4,4,Velocity anomaly,VEL-01 High absolute velocity,"BEH-02 New-counterparty burst, AML-01 Rapid pass-through, AML-03 Circular flow, NET-01 Fan-in collector, NET-02 Fan-out distributor, NET-03 Flow centrality (PageRank)","VEL-01, BEH-02, AML-01, AML-03, NET-01, NET-02, NET-03",weekly transaction count = 20 (contribution +4.78) [VEL-01 fired] | circular-flow participation = 2 (contribution +0.55) [AML-03 fired] | velocity vs own history = 2.507 (contribution +0.20) | distinct receivers (28d) = 28 (contribution +0.07) [NET-02 fired],6703.12,20.0,New,dev
ALT-W11-19997,11,77,19997,CRITICAL,99.941,Strong,4,4,Velocity anomaly,VEL-01 High absolute velocity,"BEH-02 New-counterparty burst, AML-03 Circular flow, NET-01 Fan-in collector, NET-02 Fan-out distributor","VEL-01, BEH-02, AML-03, NET-01, NET-02",weekly transaction count = 17 (contribution +4.44) [VEL-01 fired] | circular-flow participation = 2 (contribution +0.55) [AML-03 fired] | velocity vs own history = 2.7 (contribution +0.22) | distinct receivers (28d) = 28 (contribution +0.07) [NET-02 fired],4657.4,17.0,New,dev
ALT-W11-19999,11,77,19999,CRITICAL,99.94,Strong,4,4,Velocity anomaly,VEL-01 High absolute velocity,"BEH-02 New-counterparty burst, AML-03 Circular flow, NET-01 Fan-in collector, NET-02 Fan-out distributor","VEL-01, BEH-02, AML-03, NET-01, NET-02",weekly transaction count = 18 (contribution +4.56) [VEL-01 fired] | circular-flow participation = 2 (contribution +0.55) [AML-03 fired] | distinct receivers (28d) = 56 (contribution +0.09) [NET-02 fired] | velocity vs own history = 1.754 (contribution +0.07),6198.900000000001,18.0,New,dev
ALT-W11-09991,11,77,9991,CRITICAL,99.936,Strong,4,7,Velocity anomaly,VEL-01 High absolute velocity,"BEH-02 New-counterparty burst, AML-01 Rapid pass-through, NET-01 Fan-in collector, NET-02 Fan-out distributor, NET-03 Flow centrality (PageRank)","VEL-01, BEH-02, AML-01, NET-01, NET-02, NET-03",weekly transaction count = 23 (contribution +5.08) [VEL-01 fired] | velocity vs own history = 1.815 (contribution +0.08) | distinct receivers (28d) = 29 (contribution +0.07) [NET-02 fired],6493.76,23.0,New,dev
ALT-W11-19991,11,77,19991,CRITICAL,99.926,Strong,4,4,Velocity anomaly,VEL-01 High absolute velocity,"BEH-02 New-counterparty burst, AML-01 Rapid pass-through, AML-03 Circular flow, NET-01 Fan-in collector, NET-02 Fan-out distributor, NET-03 Flow centrality (PageRank)","VEL-01, BEH-02, AML-01, AML-03, NET-01, NET-02, NET-03",weekly transaction count = 14 (contribution +4.03) [VEL-01 fired] | circular-flow participation = 6 (contribution +0.98) [AML-03 fired] | velocity vs own history = 1.818 (contribution +0.08) | distinct receivers (28d) = 28 (contribution +0.07) [NET-02 fired],3475.3500000000004,14.0,New,dev
ALT-W11-19984,11,77,19984,CRITICAL,99.922,Strong,4,6,Velocity anomaly,VEL-01 High absolute velocity,"BEH-02 New-counterparty burst, AML-03 Circular flow, NET-01 Fan-in collector, NET-02 Fan-out distributor, NET-03 Flow centrality (PageRank)","VEL-01, BEH-02, AML-03, NET-01, NET-02, NET-03",weekly transaction count = 16 (contribution +4.31) [VEL-01 fired] | circular-flow participation = 3 (contribution +0.70) [AML-03 fired] | distinct receivers (28d) = 28 (contribution +0.07) [NET-02 fired] | velocity vs own history = 1.7 (contribution +0.06),4514.0,16.0,New,dev
ALT-W11-09999,11,77,9999,CRITICAL,99.921,Strong,3,7,Velocity anomaly,VEL-01 High absolute velocity,"BEH-02 New-counterparty burst, NET-01 Fan-in collector, NET-02 Fan-out distributor","VEL-01, BEH-02, NET-01, NET-02",weekly transaction count = 23 (contribution +5.08) [VEL-01 fired] | distinct receivers (28d) = 57 (contribution +0.09) [NET-02 fired],6144.66,23.0,New,dev
ALT-W11-09992,11,77,9992,CRITICAL,99.917,Strong,4,7,Velocity anomaly,VEL-01 High absolute velocity,"BEH-02 New-counterparty burst, AML-03 Circular flow, NET-01 Fan-in collector, NET-02 Fan-out distributor, NET-03 Flow centrality (PageRank)","VEL-01, BEH-02, AML-03, NET-01, NET-02, NET-03",weekly transaction count = 19 (contribution +4.67) [VEL-01 fired] | circular-flow participation = 1 (contribution +0.35) [AML-03 fired] | distinct receivers (28d) = 29 (contribution +0.07) [NET-02 fired] | velocity vs own history = 1.538 (contribution +0.03),4915.51,19.0,New,dev
ALT-W11-09998,11,77,9998,HIGH,99.899,Strong,3,7,Velocity anomaly,VEL-01 High absolute velocity,"BEH-02 New-counterparty burst, NET-01 Fan-in collector, NET-02 Fan-out distributor, NET-03 Flow centrality (PageRank)","VEL-01, BEH-02, NET-01, NET-02, NET-03",weekly transaction count = 22 (contribution +4.98) [VEL-01 fired] | distinct receivers (28d) = 56 (contribution +0.09) [NET-02 fired],7060.92,22.0,New,dev
ALT-W11-19640,11,77,19640,HIGH,99.892,Limited,3,1,Velocity anomaly,VEL-01 High absolute velocity,"BEH-01 Velocity spike vs own baseline, BEH-02 New-counterparty burst, NET-02 Fan-out distributor","VEL-01, BEH-01, BEH-02, NET-02",weekly transaction count = 16 (contribution +4.31) [VEL-01 fired] | velocity vs own history = 7 (contribution +0.63) [BEH-01 fired] | distinct receivers (28d) = 10 (contribution +0.04) [NET-02 fired],1665.12,16.0,New,dev
ALT-W11-19987,11,77,19987,HIGH,99.884,Strong,4,7,Velocity anomaly,VEL-01 High absolute velocity,"BEH-02 New-counterparty burst, AML-01 Rapid pass-through, AML-03 Circular flow, NET-01 Fan-in collector, NET-02 Fan-out distributor, NET-03 Flow centrality (PageRank)","VEL-01, BEH-02, AML-01, AML-03, NET-01, NET-02, NET-03",weekly transaction count = 14 (contribution +4.03) [VEL-01 fired] | circular-flow participation = 5 (contribution +0.90) [AML-03 fired] | distinct receivers (28d) = 27 (contribution +0.07) [NET-02 fired],4036.7400000000002,14.0,New,dev
ALT-W11-19990,11,77,19990,HIGH,99.874,Strong,4,5,Velocity anomaly,VEL-01 High absolute velocity,"BEH-02 New-counterparty burst, AML-03 Circular flow, NET-01 Fan-in collector, NET-02 Fan-out distributor, NET-03 Flow centrality (PageRank)","VEL-01, BEH-02, AML-03, NET-01, NET-02, NET-03",weekly transaction count = 15 (contribution +4.18) [VEL-01 fired] | circular-flow participation = 2 (contribution +0.55) [AML-03 fired] | velocity vs own history = 1.895 (contribution +0.09) | distinct receivers (28d) = 28 (contribution +0.07) [NET-02 fired],3856.5,15.0,New,dev
ALT-W11-19994,11,77,19994,HIGH,99.866,Strong,4,4,Velocity anomaly,VEL-01 High absolute velocity,"BEH-02 New-counterparty burst, AML-01 Rapid pass-through, AML-03 Circular flow, NET-01 Fan-in collector, NET-02 Fan-out distributor, NET-03 Flow centrality (PageRank)","VEL-01, BEH-02, AML-01, AML-03, NET-01, NET-02, NET-03",weekly transaction count = 16 (contribution +4.31) [VEL-01 fired] | circular-flow participation = 1 (contribution +0.35) [AML-03 fired] | velocity vs own history = 2.068 (contribution +0.13) | distinct receivers (28d) = 28 (contribution +0.07) [NET-02 fired],4203.91,16.0,New,dev
ALT-W11-09987,11,77,9987,HIGH,99.837,Strong,4,7,Velocity anomaly,VEL-01 High absolute velocity,"BEH-02 New-counterparty burst, AML-03 Circular flow, NET-01 Fan-in collector, NET-02 Fan-out distributor, NET-03 Flow centrality (PageRank)","VEL-01, BEH-02, AML-03, NET-01, NET-02, NET-03",weekly transaction count = 14 (contribution +4.03) [VEL-01 fired] | circular-flow participation = 3 (contribution +0.70) [AML-03 fired] | distinct receivers (28d) = 28 (contribution +0.07) [NET-02 fired],4157.06,14.0,New,dev
ALT-W11-19988,11,77,19988,HIGH,99.832,Strong,4,5,Velocity anomaly,VEL-01 High absolute velocity,"BEH-02 New-counterparty burst, AML-01 Rapid pass-through, AML-03 Circular flow, NET-01 Fan-in collector, NET-02 Fan-out distributor, NET-03 Flow centrality (PageRank)","VEL-01, BEH-02, AML-01, AML-03, NET-01, NET-02, NET-03",weekly transaction count = 13 (contribution +3.88) [VEL-01 fired] | circular-flow participation = 3 (contribution +0.70) [AML-03 fired] | distinct receivers (28d) = 28 (contribution +0.07) [NET-02 fired] | velocity vs own history = 1.429 (contribution +0.00),4188.5,13.0,New,dev
ALT-W11-19996,11,77,19996,HIGH,99.83,Strong,4,4,Velocity anomaly,VEL-01 High absolute velocity,"TXN-01 Large transaction, BEH-02 New-counterparty burst, NET-01 Fan-in collector, NET-02 Fan-out distributor","TXN-01, VEL-01, BEH-02, NET-01, NET-02",weekly transaction count = 16 (contribution +4.31) [VEL-01 fired] | velocity vs own history = 2.957 (contribution +0.26) | distinct receivers (28d) = 28 (contribution +0.07) [NET-02 fired],4403.71,16.0,New,dev
ALT-W11-19982,11,77,19982,HIGH,99.828,Strong,4,4,Velocity anomaly,VEL-01 High absolute velocity,"BEH-02 New-counterparty burst, AML-03 Circular flow, NET-01 Fan-in collector, NET-02 Fan-out distributor, NET-03 Flow centrality (PageRank)","VEL-01, BEH-02, AML-03, NET-01, NET-02, NET-03",weekly transaction count = 13 (contribution +3.88) [VEL-01 fired] | circular-flow participation = 2 (contribution +0.55) [AML-03 fired] | velocity vs own history = 2.085 (contribution +0.13) | distinct receivers (28d) = 27 (contribution +0.07) [NET-02 fired],4509.41,13.0,New,dev
ALT-W11-19979,11,77,19979,HIGH,99.825,Strong,4,5,Velocity anomaly,VEL-01 High absolute velocity,"BEH-02 New-counterparty burst, AML-01 Rapid pass-through, NET-01 Fan-in collector, NET-02 Fan-out distributor, NET-03 Flow centrality (PageRank)","VEL-01, BEH-02, AML-01, NET-01, NET-02, NET-03",weekly transaction count = 17 (contribution +4.44) [VEL-01 fired] | velocity vs own history = 1.946 (contribution +0.10) | distinct receivers (28d) = 28 (contribution +0.07) [NET-02 fired],4826.870000000001,17.0,New,dev
ALT-W11-09994,11,77,9994,HIGH,99.818,Strong,4,7,Velocity anomaly,VEL-01 High absolute velocity,"BEH-02 New-counterparty burst, AML-01 Rapid pass-through, NET-01 Fan-in collector, NET-02 Fan-out distributor, NET-03 Flow centrality (PageRank)","VEL-01, BEH-02, AML-01, NET-01, NET-02, NET-03",weekly transaction count = 17 (contribution +4.44) [VEL-01 fired] | distinct receivers (28d) = 28 (contribution +0.07) [NET-02 fired] | velocity vs own history = 1.588 (contribution +0.04),4826.4,17.0,New,dev
ALT-W11-19981,11,77,19981,HIGH,99.8,Strong,4,4,Velocity anomaly,VEL-01 High absolute velocity,"BEH-02 New-counterparty burst, AML-03 Circular flow, NET-01 Fan-in collector, NET-02 Fan-out distributor","VEL-01, BEH-02, AML-03, NET-01, NET-02",weekly transaction count = 12 (contribution +3.71) [VEL-01 fired] | circular-flow participation = 2 (contribution +0.55) [AML-03 fired] | velocity vs own history = 2.116 (contribution +0.13) | distinct receivers (28d) = 28 (contribution +0.07) [NET-02 fired],3947.87,12.0,New,dev
ALT-W11-19983,11,77,19983,HIGH,99.793,Strong,4,4,Velocity anomaly,VEL-01 High absolute velocity,"BEH-02 New-counterparty burst, AML-03 Circular flow, NET-02 Fan-out distributor","VEL-01, BEH-02, AML-03, NET-02",weekly transaction count = 9 (contribution +3.13) [VEL-01 fired] | circular-flow participation = 8 (contribution +1.10) [AML-03 fired] | distinct receivers (28d) = 28 (contribution +0.07) [NET-02 fired] | velocity vs own history = 1.579 (contribution +0.03),2511.14,9.0,New,dev
ALT-W11-19976,11,77,19976,HIGH,99.788,Strong,4,4,Velocity anomaly,VEL-01 High absolute velocity,"BEH-02 New-counterparty burst, AML-03 Circular flow, NET-01 Fan-in collector, NET-03 Flow centrality (PageRank)","VEL-01, BEH-02, AML-03, NET-01, NET-03",weekly transaction count = 13 (contribution +3.88) [VEL-01 fired] | circular-flow participation = 1 (contribution +0.35) [AML-03 fired] | velocity vs own history = 1.922 (contribution +0.10),3905.63,13.0,New,dev
ALT-W11-09995,11,77,9995,HIGH,99.775,Strong,3,7,Velocity anomaly,VEL-01 High absolute velocity,"BEH-02 New-counterparty burst, NET-01 Fan-in collector, NET-02 Fan-out distributor, NET-03 Flow centrality (PageRank)","VEL-01, BEH-02, NET-01, NET-02, NET-03",weekly transaction count = 15 (contribution +4.18) [VEL-01 fired] | distinct receivers (28d) = 28 (contribution +0.07) [NET-02 fired] | velocity vs own history = 1.582 (contribution +0.03),5056.77,15.0,New,dev
ALT-W11-19980,11,77,19980,HIGH,99.773,Strong,4,5,Velocity anomaly,VEL-01 High absolute velocity,"BEH-02 New-counterparty burst, AML-01 Rapid pass-through, AML-03 Circular flow, NET-01 Fan-in collector, NET-02 Fan-out distributor, NET-03 Flow centrality (PageRank)","VEL-01, BEH-02, AML-01, AML-03, NET-01, NET-02, NET-03",weekly transaction count = 10 (contribution +3.34) [VEL-01 fired] | circular-flow participation = 4 (contribution +0.81) [AML-03 fired] | distinct receivers (28d) = 27 (contribution +0.07) [NET-02 fired] | velocity vs own history = 1.481 (contribution +0.01),2113.65,10.0,New,dev
ALT-W11-19995,11,77,19995,HIGH,99.77,Strong,4,4,Velocity anomaly,VEL-01 High absolute velocity,"BEH-02 New-counterparty burst, AML-01 Rapid pass-through, AML-03 Circular flow, NET-01 Fan-in collector, NET-02 Fan-out distributor, NET-03 Flow centrality (PageRank)","VEL-01, BEH-02, AML-01, AML-03, NET-01, NET-02, NET-03",weekly transaction count = 10 (contribution +3.34) [VEL-01 fired] | circular-flow participation = 3 (contribution +0.70) [AML-03 fired] | velocity vs own history = 2.037 (contribution +0.12) | distinct receivers (28d) = 27 (contribution +0.07) [NET-02 fired],2317.0,10.0,New,dev
ALT-W11-19992,11,77,19992,HIGH,99.768,Strong,3,6,Velocity anomaly,VEL-01 High absolute velocity,"BEH-02 New-counterparty burst, NET-01 Fan-in collector, NET-02 Fan-out distributor, NET-03 Flow centrality (PageRank)","VEL-01, BEH-02, NET-01, NET-02, NET-03",weekly transaction count = 14 (contribution +4.03) [VEL-01 fired] | velocity vs own history = 2.045 (contribution +0.12) | distinct receivers (28d) = 28 (contribution +0.07) [NET-02 fired],4990.6900000000005,14.0,New,dev
ALT-W11-09989,11,77,9989,HIGH,99.75,Strong,3,7,Velocity anomaly,VEL-01 High absolute velocity,"BEH-02 New-counterparty burst, NET-01 Fan-in collector, NET-02 Fan-out distributor, NET-03 Flow centrality (PageRank)","VEL-01, BEH-02, NET-01, NET-02, NET-03",weekly transaction count = 15 (contribution +4.18) [VEL-01 fired] | distinct receivers (28d) = 28 (contribution +0.07) [NET-02 fired],4321.85,15.0,New,dev
ALT-W11-19985,11,77,19985,HIGH,99.744,Strong,4,7,Velocity anomaly,VEL-01 High absolute velocity,"BEH-02 New-counterparty burst, AML-03 Circular flow, NET-01 Fan-in collector, NET-02 Fan-out distributor, NET-03 Flow centrality (PageRank)","VEL-01, BEH-02, AML-03, NET-01, NET-02, NET-03",weekly transaction count = 11 (contribution +3.53) [VEL-01 fired] | circular-flow participation = 2 (contribution +0.55) [AML-03 fired] | distinct receivers (28d) = 28 (contribution +0.07) [NET-02 fired],2232.98,11.0,New,dev
ALT-W11-09996,11,77,9996,HIGH,99.736,Strong,4,7,Velocity anomaly,VEL-01 High absolute velocity,"BEH-02 New-counterparty burst, AML-01 Rapid pass-through, AML-03 Circular flow, NET-01 Fan-in collector, NET-02 Fan-out distributor, NET-03 Flow centrality (PageRank)","VEL-01, BEH-02, AML-01, AML-03, NET-01, NET-02, NET-03",weekly transaction count = 12 (contribution +3.71) [VEL-01 fired] | circular-flow participation = 1 (contribution +0.35) [AML-03 fired] | distinct receivers (28d) = 28 (contribution +0.07) [NET-02 fired],3900.87,12.0,New,dev
ALT-W11-09961,11,77,9961,HIGH,99.712,Moderate,3,2,Velocity anomaly,VEL-01 High absolute velocity,"BEH-02 New-counterparty burst, NET-01 Fan-in collector","VEL-01, BEH-02, NET-01",weekly transaction count = 12 (contribution +3.71) [VEL-01 fired] | velocity vs own history = 3.25 (contribution +0.30),3348.7799999999997,12.0,New,dev
ALT-W11-19986,11,77,19986,HIGH,99.709,Strong,4,5,Velocity anomaly,VEL-01 High absolute velocity,"BEH-02 New-counterparty burst, AML-01 Rapid pass-through, NET-01 Fan-in collector, NET-02 Fan-out distributor, NET-03 Flow centrality (PageRank)","VEL-01, BEH-02, AML-01, NET-01, NET-02, NET-03",weekly transaction count = 13 (contribution +3.88) [VEL-01 fired] | distinct receivers (28d) = 28 (contribution +0.07) [NET-02 fired] | velocity vs own history = 1.443 (contribution +0.01),4055.17,13.0,New,dev
ALT-W11-09997,11,77,9997,HIGH,99.701,Strong,3,7,Velocity anomaly,VEL-01 High absolute velocity,"BEH-02 New-counterparty burst, NET-01 Fan-in collector, NET-02 Fan-out distributor","VEL-01, BEH-02, NET-01, NET-02",weekly transaction count = 13 (contribution +3.88) [VEL-01 fired] | distinct receivers (28d) = 28 (contribution +0.07) [NET-02 fired],3123.28,13.0,New,dev
ALT-W11-19919,11,77,19919,MEDIUM,99.698,Moderate,3,2,Velocity anomaly,VEL-01 High absolute velocity,"BEH-02 New-counterparty burst, NET-02 Fan-out distributor","VEL-01, BEH-02, NET-02",weekly transaction count = 12 (contribution +3.71) [VEL-01 fired] | velocity vs own history = 2.167 (contribution +0.14) | distinct receivers (28d) = 17 (contribution +0.06) [NET-02 fired],2197.24,12.0,New,dev
ALT-W11-09980,11,77,9980,MEDIUM,99.696,Strong,4,7,Velocity anomaly,VEL-01 High absolute velocity,"BEH-02 New-counterparty burst, AML-03 Circular flow, NET-02 Fan-out distributor","VEL-01, BEH-02, AML-03, NET-02",weekly transaction count = 11 (contribution +3.53) [VEL-01 fired] | circular-flow participation = 1 (contribution +0.35) [AML-03 fired] | distinct receivers (28d) = 29 (contribution +0.07) [NET-02 fired],3190.67,11.0,New,dev
ALT-W11-11132,11,77,11132,MEDIUM,99.691,Limited,2,1,Velocity anomaly,VEL-01 High absolute velocity,BEH-01 Velocity spike vs own baseline,"VEL-01, BEH-01",weekly transaction count = 10 (contribution +3.34) [VEL-01 fired] | velocity vs own history = 5.5 (contribution +0.52) [BEH-01 fired] | distinct receivers (28d) = 4 (contribution +0.02),101.4,10.0,New,dev
ALT-W11-09988,11,77,9988,MEDIUM,99.681,Strong,3,7,Velocity anomaly,VEL-01 High absolute velocity,"BEH-02 New-counterparty burst, NET-01 Fan-in collector, NET-02 Fan-out distributor, NET-03 Flow centrality (PageRank)","VEL-01, BEH-02, NET-01, NET-02, NET-03",weekly transaction count = 13 (contribution +3.88) [VEL-01 fired] | distinct receivers (28d) = 28 (contribution +0.07) [NET-02 fired],3921.06,13.0,New,dev
ALT-W11-09990,11,77,9990,MEDIUM,99.68,Strong,3,7,Velocity anomaly,VEL-01 High absolute velocity,"BEH-02 New-counterparty burst, NET-01 Fan-in collector, NET-02 Fan-out distributor, NET-03 Flow centrality (PageRank)","VEL-01, BEH-02, NET-01, NET-02, NET-03",weekly transaction count = 13 (contribution +3.88) [VEL-01 fired] | distinct receivers (28d) = 28 (contribution +0.07) [NET-02 fired],2663.27,13.0,New,dev
ALT-W11-09981,11,77,9981,MEDIUM,99.675,Strong,3,6,Velocity anomaly,VEL-01 High absolute velocity,"BEH-02 New-counterparty burst, NET-02 Fan-out distributor","VEL-01, BEH-02, NET-02",weekly transaction count = 12 (contribution +3.71) [VEL-01 fired] | distinct receivers (28d) = 28 (contribution +0.07) [NET-02 fired] | velocity vs own history = 1.529 (contribution +0.02),2875.84,12.0,New,dev
ALT-W11-09993,11,77,9993,MEDIUM,99.653,Strong,4,7,Velocity anomaly,VEL-01 High absolute velocity,"BEH-02 New-counterparty burst, AML-03 Circular flow, NET-01 Fan-in collector, NET-02 Fan-out distributor, NET-03 Flow centrality (PageRank)","VEL-01, BEH-02, AML-03, NET-01, NET-02, NET-03",weekly transaction count = 9 (contribution +3.13) [VEL-01 fired] | circular-flow participation = 3 (contribution +0.70) [AML-03 fired] | distinct receivers (28d) = 28 (contribution +0.07) [NET-02 fired],2443.3199999999997,9.0,New,dev
ALT-W11-09958,11,77,9958,MEDIUM,99.64,Moderate,3,2,Velocity anomaly,VEL-01 High absolute velocity,"BEH-02 New-counterparty burst, NET-01 Fan-in collector, NET-03 Flow centrality (PageRank)","VEL-01, BEH-02, NET-01, NET-03",weekly transaction count = 11 (contribution +3.53) [VEL-01 fired] | velocity vs own history = 2.1 (contribution +0.13),2996.25,11.0,New,dev
ALT-W11-09978,11,77,9978,MEDIUM,99.61,Strong,3,6,Velocity anomaly,VEL-01 High absolute velocity,"BEH-02 New-counterparty burst, NET-01 Fan-in collector, NET-02 Fan-out distributor, NET-03 Flow centrality (PageRank)","VEL-01, BEH-02, NET-01, NET-02, NET-03",weekly transaction count = 11 (contribution +3.53) [VEL-01 fired] | distinct receivers (28d) = 28 (contribution +0.07) [NET-02 fired],3348.51,11.0,New,dev
ALT-W11-09955,11,77,9955,MEDIUM,99.595,Moderate,3,2,Velocity anomaly,VEL-01 High absolute velocity,"BEH-02 New-counterparty burst, NET-01 Fan-in collector, NET-03 Flow centrality (PageRank)","VEL-01, BEH-02, NET-01, NET-03",weekly transaction count = 10 (contribution +3.34) [VEL-01 fired] | velocity vs own history = 2.245 (contribution +0.15),1354.55,10.0,New,dev
ALT-W11-15888,11,77,15888,MEDIUM,99.555,Limited,2,1,Velocity anomaly,VEL-01 High absolute velocity,BEH-01 Velocity spike vs own baseline,"VEL-01, BEH-01",weekly transaction count = 8 (contribution +2.89) [VEL-01 fired] | velocity vs own history = 4.846 (contribution +0.46) [BEH-01 fired] | distinct receivers (28d) = 3 (contribution +0.01),860.5,8.0,New,dev
ALT-W11-09358,11,77,9358,MEDIUM,99.55,Limited,2,1,Velocity anomaly,VEL-01 High absolute velocity,"BEH-01 Velocity spike vs own baseline, BEH-02 New-counterparty burst","VEL-01, BEH-01, BEH-02",weekly transaction count = 8 (contribution +2.89) [VEL-01 fired] | velocity vs own history = 4.5 (contribution +0.43) [BEH-01 fired] | distinct receivers (28d) = 5 (contribution +0.03),2204.04,8.0,New,dev
ALT-W11-19911,11,77,19911,MEDIUM,99.547,Strong,2,3,Velocity anomaly,VEL-01 High absolute velocity,"NET-01 Fan-in collector, NET-03 Flow centrality (PageRank)","VEL-01, NET-01, NET-03",weekly transaction count = 9 (contribution +3.13) [VEL-01 fired] | velocity vs own history = 2.581 (contribution +0.21) | distinct receivers (28d) = 3 (contribution +0.01),1454.77,9.0,New,dev
ALT-W11-19908,11,77,19908,MEDIUM,99.525,Moderate,3,2,Velocity anomaly,VEL-01 High absolute velocity,"BEH-02 New-counterparty burst, NET-01 Fan-in collector, NET-02 Fan-out distributor","VEL-01, BEH-02, NET-01, NET-02",weekly transaction count = 9 (contribution +3.13) [VEL-01 fired] | velocity vs own history = 2.174 (contribution +0.14) | distinct receivers (28d) = 8 (contribution +0.04) [NET-02 fired],2280.5299999999997,9.0,New,dev
ALT-W11-19573,11,77,19573,MEDIUM,99.524,Limited,2,1,Velocity anomaly,VEL-01 High absolute velocity,"BEH-01 Velocity spike vs own baseline, BEH-02 New-counterparty burst","VEL-01, BEH-01, BEH-02",weekly transaction count = 8 (contribution +2.89) [VEL-01 fired] | velocity vs own history = 4 (contribution +0.38) [BEH-01 fired] | distinct receivers (28d) = 6 (contribution +0.03),1275.54,8.0,New,dev
ALT-W11-09804,11,77,9804,MEDIUM,99.495,Limited,3,1,Velocity anomaly,VEL-01 High absolute velocity,"BEH-01 Velocity spike vs own baseline, BEH-02 New-counterparty burst, NET-02 Fan-out distributor","VEL-01, BEH-01, BEH-02, NET-02",weekly transaction count = 8 (contribution +2.89) [VEL-01 fired] | velocity vs own history = 3.5 (contribution +0.33) [BEH-01 fired] | distinct receivers (28d) = 7 (contribution +0.03) [NET-02 fired],2726.2,8.0,New,dev
ALT-W11-19655,11,77,19655,MEDIUM,99.488,Limited,3,1,Velocity anomaly,VEL-01 High absolute velocity,"BEH-01 Velocity spike vs own baseline, BEH-02 New-counterparty burst, NET-02 Fan-out distributor","VEL-01, BEH-01, BEH-02, NET-02",weekly transaction count = 8 (contribution +2.89) [VEL-01 fired] | velocity vs own history = 3.375 (contribution +0.31) [BEH-01 fired] | distinct receivers (28d) = 8 (contribution +0.04) [NET-02 fired],1844.12,8.0,New,dev
ALT-W11-09985,11,77,9985,MEDIUM,99.484,Strong,4,7,Velocity anomaly,VEL-01 High absolute velocity,"BEH-02 New-counterparty burst, AML-01 Rapid pass-through, NET-01 Fan-in collector, NET-02 Fan-out distributor, NET-03 Flow centrality (PageRank)","VEL-01, BEH-02, AML-01, NET-01, NET-02, NET-03",weekly transaction count = 10 (contribution +3.34) [VEL-01 fired] | distinct receivers (28d) = 28 (contribution +0.07) [NET-02 fired],2909.21,10.0,New,dev
ALT-W11-19921,11,77,19921,MEDIUM,99.481,Strong,2,3,Velocity anomaly,VEL-01 High absolute velocity,"NET-01 Fan-in collector, NET-03 Flow centrality (PageRank)","VEL-01, NET-01, NET-03",weekly transaction count = 9 (contribution +3.13) [VEL-01 fired] | velocity vs own history = 1.8 (contribution +0.08) | distinct receivers (28d) = 5 (contribution +0.03),939.47,9.0,New,dev
ALT-W11-09815,11,77,9815,MEDIUM,99.473,Limited,3,1,Velocity anomaly,VEL-01 High absolute velocity,"BEH-02 New-counterparty burst, NET-02 Fan-out distributor","VEL-01, BEH-02, NET-02",weekly transaction count = 8 (contribution +2.89) [VEL-01 fired] | velocity vs own history = 3.115 (contribution +0.28) | distinct receivers (28d) = 10 (contribution +0.04) [NET-02 fired],2329.08,8.0,New,dev
ALT-W11-09984,11,77,9984,MEDIUM,99.47,Strong,3,7,Velocity anomaly,VEL-01 High absolute velocity,"BEH-02 New-counterparty burst, NET-01 Fan-in collector, NET-02 Fan-out distributor, NET-03 Flow centrality (PageRank)","VEL-01, BEH-02, NET-01, NET-02, NET-03",weekly transaction count = 10 (contribution +3.34) [VEL-01 fired] | distinct receivers (28d) = 28 (contribution +0.07) [NET-02 fired],2553.85,10.0,New,dev
ALT-W11-09982,11,77,9982,MEDIUM,99.46,Strong,3,6,Velocity anomaly,VEL-01 High absolute velocity,"BEH-02 New-counterparty burst, NET-02 Fan-out distributor","VEL-01, BEH-02, NET-02",weekly transaction count = 9 (contribution +3.13) [VEL-01 fired] | distinct receivers (28d) = 28 (contribution +0.07) [NET-02 fired],3481.85,9.0,New,dev
ALT-W11-09983,11,77,9983,MEDIUM,99.451,Strong,3,4,Velocity anomaly,VEL-01 High absolute velocity,"BEH-02 New-counterparty burst, NET-02 Fan-out distributor","VEL-01, BEH-02, NET-02",weekly transaction count = 9 (contribution +3.13) [VEL-01 fired] | distinct receivers (28d) = 28 (contribution +0.07) [NET-02 fired],3308.53,9.0,New,dev
ALT-W11-14886,11,77,14886,MEDIUM,99.45,Limited,1,1,Velocity anomaly,VEL-01 High absolute velocity,,VEL-01,weekly transaction count = 8 (contribution +2.89) [VEL-01 fired] | velocity vs own history = 3 (contribution +0.26) | distinct receivers (28d) = 2 (contribution +0.01),866.87,8.0,New,dev
ALT-W11-09770,11,77,9770,MEDIUM,99.447,Limited,4,1,Velocity anomaly,VEL-01 High absolute velocity,"BEH-02 New-counterparty burst, AML-01 Rapid pass-through, AML-03 Circular flow, NET-02 Fan-out distributor","VEL-01, BEH-02, AML-01, AML-03, NET-02",weekly transaction count = 7 (contribution +2.63) [VEL-01 fired] | circular-flow participation = 1 (contribution +0.35) [AML-03 fired] | velocity vs own history = 2.182 (contribution +0.14) | distinct receivers (28d) = 8 (contribution +0.04) [NET-02 fired],1949.29,7.0,New,dev
ALT-W11-19209,11,77,19209,MEDIUM,99.444,Limited,1,1,Velocity anomaly,VEL-01 High absolute velocity,,VEL-01,weekly transaction count = 8 (contribution +2.89) [VEL-01 fired] | velocity vs own history = 2.812 (contribution +0.24) | distinct receivers (28d) = 5 (contribution +0.03),453.11,8.0,New,dev
ALT-W11-02036,11,77,2036,LOW,99.396,Limited,2,1,Velocity anomaly,VEL-01 High absolute velocity,BEH-01 Velocity spike vs own baseline,"VEL-01, BEH-01",weekly transaction count = 7 (contribution +2.63) [VEL-01 fired] | velocity vs own history = 4.571 (contribution +0.44) [BEH-01 fired] | distinct receivers (28d) = 2 (contribution +0.01),264.64,7.0,New,dev
ALT-W11-19956,11,77,19956,LOW,99.387,Moderate,3,2,Velocity anomaly,VEL-01 High absolute velocity,"BEH-02 New-counterparty burst, NET-01 Fan-in collector","VEL-01, BEH-02, NET-01",weekly transaction count = 8 (contribution +2.89) [VEL-01 fired] | velocity vs own history = 2.314 (contribution +0.17) | distinct receivers (28d) = 2 (contribution +0.01),1932.57,8.0,New,dev
ALT-W11-19910,11,77,19910,LOW,99.375,Strong,3,3,Velocity anomaly,VEL-01 High absolute velocity,"BEH-02 New-counterparty burst, NET-01 Fan-in collector","VEL-01, BEH-02, NET-01",weekly transaction count = 8 (contribution +2.89) [VEL-01 fired] | velocity vs own history = 2.057 (contribution +0.12) | distinct receivers (28d) = 5 (contribution +0.03),2229.9900000000002,8.0,New,dev
ALT-W11-08374,11,77,8374,LOW,99.367,Limited,2,1,Velocity anomaly,VEL-01 High absolute velocity,BEH-01 Velocity spike vs own baseline,"VEL-01, BEH-01",weekly transaction count = 7 (contribution +2.63) [VEL-01 fired] | velocity vs own history = 4 (contribution +0.38) [BEH-01 fired] | distinct receivers (28d) = 3 (contribution +0.01),812.47,7.0,New,dev
ALT-W11-08847,11,77,8847,LOW,99.359,Limited,2,1,Velocity anomaly,VEL-01 High absolute velocity,BEH-01 Velocity spike vs own baseline,"VEL-01, BEH-01",weekly transaction count = 7 (contribution +2.63) [VEL-01 fired] | velocity vs own history = 4 (contribution +0.38) [BEH-01 fired] | distinct receivers (28d) = 2 (contribution +0.01),771.58,7.0,New,dev
ALT-W11-19978,11,77,19978,LOW,99.343,Strong,3,3,Velocity anomaly,VEL-01 High absolute velocity,"BEH-02 New-counterparty burst, NET-01 Fan-in collector, NET-03 Flow centrality (PageRank)","VEL-01, BEH-02, NET-01, NET-03",weekly transaction count = 8 (contribution +2.89) [VEL-01 fired] | velocity vs own history = 2.025 (contribution +0.12),2737.3900000000003,8.0,New,dev
ALT-W11-05928,11,77,5928,LOW,99.34,Limited,2,1,Velocity anomaly,VEL-01 High absolute velocity,BEH-01 Velocity spike vs own baseline,"VEL-01, BEH-01",weekly transaction count = 7 (contribution +2.63) [VEL-01 fired] | velocity vs own history = 3.765 (contribution +0.36) [BEH-01 fired] | distinct receivers (28d) = 3 (contribution +0.01),669.7,7.0,New,dev
ALT-W11-03881,11,77,3881,LOW,99.324,Limited,2,1,Velocity anomaly,VEL-01 High absolute velocity,BEH-01 Velocity spike vs own baseline,"VEL-01, BEH-01",weekly transaction count = 7 (contribution +2.63) [VEL-01 fired] | velocity vs own history = 3.733 (contribution +0.35) [BEH-01 fired] | distinct receivers (28d) = 2 (contribution +0.01),635.87,7.0,New,dev
ALT-W11-14501,11,77,14501,LOW,99.324,Limited,2,1,Velocity anomaly,VEL-01 High absolute velocity,BEH-01 Velocity spike vs own baseline,"VEL-01, BEH-01",weekly transaction count = 7 (contribution +2.63) [VEL-01 fired] | velocity vs own history = 3.733 (contribution +0.35) [BEH-01 fired] | distinct receivers (28d) = 2 (contribution +0.01),664.96,7.0,New,dev
ALT-W11-09960,11,77,9960,LOW,99.316,Limited,3,1,Velocity anomaly,VEL-01 High absolute velocity,"BEH-02 New-counterparty burst, NET-01 Fan-in collector","VEL-01, BEH-02, NET-01",weekly transaction count = 8 (contribution +2.89) [VEL-01 fired] | velocity vs own history = 2.032 (contribution +0.12),2125.46,8.0,New,dev
ALT-W11-18243,11,77,18243,LOW,99.311,Limited,2,1,Velocity anomaly,VEL-01 High absolute velocity,BEH-01 Velocity spike vs own baseline,"VEL-01, BEH-01",weekly transaction count = 7 (contribution +2.63) [VEL-01 fired] | velocity vs own history = 3.765 (contribution +0.36) [BEH-01 fired],852.13,7.0,New,dev
ALT-W11-08366,11,77,8366,LOW,99.308,Moderate,2,2,Velocity anomaly,VEL-01 High absolute velocity,BEH-01 Velocity spike vs own baseline,"VEL-01, BEH-01",weekly transaction count = 7 (contribution +2.63) [VEL-01 fired] | velocity vs own history = 3.5 (contribution +0.33) [BEH-01 fired] | distinct receivers (28d) = 4 (contribution +0.02),325.47,7.0,New,dev
ALT-W11-09883,11,77,9883,LOW,99.302,Limited,2,1,Velocity anomaly,VEL-01 High absolute velocity,BEH-01 Velocity spike vs own baseline,"VEL-01, BEH-01",weekly transaction count = 7 (contribution +2.63) [VEL-01 fired] | velocity vs own history = 3.692 (contribution +0.35) [BEH-01 fired],683.49,7.0,New,dev
ALT-W11-09986,11,77,9986,LOW,99.297,Strong,3,7,Velocity anomaly,VEL-01 High absolute velocity,"BEH-02 New-counterparty burst, NET-01 Fan-in collector, NET-02 Fan-out distributor, NET-03 Flow centrality (PageRank)","VEL-01, BEH-02, NET-01, NET-02, NET-03",weekly transaction count = 9 (contribution +3.13) [VEL-01 fired] | distinct receivers (28d) = 28 (contribution +0.07) [NET-02 fired],1838.77,9.0,New,dev
ALT-W11-19657,11,77,19657,LOW,99.289,Limited,3,1,Velocity anomaly,VEL-01 High absolute velocity,"BEH-02 New-counterparty burst, AML-03 Circular flow","VEL-01, BEH-02, AML-03",weekly transaction count = 6 (contribution +2.33) [VEL-01 fired] | circular-flow participation = 1 (contribution +0.35) [AML-03 fired] | velocity vs own history = 3 (contribution +0.26) | distinct receivers (28d) = 4 (contribution +0.02),1851.7200000000003,6.0,New,dev
ALT-W11-09973,11,77,9973,LOW,99.288,Moderate,3,2,Velocity anomaly,VEL-01 High absolute velocity,"BEH-02 New-counterparty burst, NET-01 Fan-in collector","VEL-01, BEH-02, NET-01",weekly transaction count = 8 (contribution +2.89) [VEL-01 fired] | velocity vs own history = 1.929 (contribution +0.10),2618.99,8.0,New,dev
ALT-W11-09974,11,77,9974,LOW,99.262,Strong,3,3,Velocity anomaly,VEL-01 High absolute velocity,"BEH-02 New-counterparty burst, NET-01 Fan-in collector, NET-03 Flow centrality (PageRank)","VEL-01, BEH-02, NET-01, NET-03",weekly transaction count = 8 (contribution +2.89) [VEL-01 fired] | velocity vs own history = 1.8 (contribution +0.08),2403.14,8.0,New,dev
ALT-W11-18459,11,77,18459,LOW,99.245,Limited,1,1,Velocity anomaly,VEL-01 High absolute velocity,,VEL-01,weekly transaction count = 7 (contribution +2.63) [VEL-01 fired] | velocity vs own history = 3.2 (contribution +0.29) | distinct receivers (28d) = 2 (contribution +0.01),843.29,7.0,New,dev
ALT-W11-19861,11,77,19861,LOW,99.227,Limited,2,1,Velocity anomaly,VEL-01 High absolute velocity,BEH-02 New-counterparty burst,"VEL-01, BEH-02",weekly transaction count = 7 (contribution +2.63) [VEL-01 fired] | velocity vs own history = 3.048 (contribution +0.27) | distinct receivers (28d) = 2 (contribution +0.01),1871.45,7.0,New,dev
ALT-W11-09749,11,77,9749,LOW,99.223,Limited,1,1,Velocity anomaly,VEL-01 High absolute velocity,,VEL-01,weekly transaction count = 7 (contribution +2.63) [VEL-01 fired] | velocity vs own history = 3.111 (contribution +0.28),571.97,7.0,New,dev
ALT-W11-14726,11,77,14726,LOW,99.196,Moderate,1,2,Velocity anomaly,VEL-01 High absolute velocity,,VEL-01,weekly transaction count = 7 (contribution +2.63) [VEL-01 fired] | velocity vs own history = 2.857 (contribution +0.25) | distinct receivers (28d) = 2 (contribution +0.01),695.52,7.0,New,dev
ALT-W11-19962,11,77,19962,LOW,99.194,Limited,2,1,Velocity anomaly,VEL-01 High absolute velocity,BEH-02 New-counterparty burst,"VEL-01, BEH-02",weekly transaction count = 7 (contribution +2.63) [VEL-01 fired] | velocity vs own history = 2.909 (contribution +0.25),2215.83,7.0,New,dev
ALT-W11-14358,11,77,14358,LOW,99.19,Limited,2,1,Velocity anomaly,VEL-01 High absolute velocity,BEH-01 Velocity spike vs own baseline,"VEL-01, BEH-01",weekly transaction count = 6 (contribution +2.33) [VEL-01 fired] | velocity vs own history = 5.6 (contribution +0.53) [BEH-01 fired] | distinct receivers (28d) = 3 (contribution +0.01),127.08,6.0,New,dev
ALT-W11-10415,11,77,10415,LOW,99.188,Limited,2,1,Velocity anomaly,VEL-01 High absolute velocity,BEH-01 Velocity spike vs own baseline,"VEL-01, BEH-01",weekly transaction count = 6 (contribution +2.33) [VEL-01 fired] | velocity vs own history = 5.833 (contribution +0.55) [BEH-01 fired],430.55,6.0,New,dev
ALT-W11-09963,11,77,9963,LOW,99.185,Limited,3,1,Velocity anomaly,VEL-01 High absolute velocity,"BEH-02 New-counterparty burst, NET-01 Fan-in collector","VEL-01, BEH-02, NET-01",weekly transaction count = 7 (contribution +2.63) [VEL-01 fired] | velocity vs own history = 3 (contribution +0.26),1675.8700000000001,7.0,New,dev
ALT-W11-19736,11,77,19736,LOW,99.168,Limited,1,1,Velocity anomaly,VEL-01 High absolute velocity,,VEL-01,weekly transaction count = 7 (contribution +2.63) [VEL-01 fired] | velocity vs own history = 2.5 (contribution +0.19) | distinct receivers (28d) = 3 (contribution +0.01),539.23,7.0,New,dev
ALT-W11-14815,11,77,14815,LOW,99.158,Limited,2,1,Velocity anomaly,VEL-01 High absolute velocity,BEH-01 Velocity spike vs own baseline,"VEL-01, BEH-01",weekly transaction count = 6 (contribution +2.33) [VEL-01 fired] | velocity vs own history = 5.25 (contribution +0.50) [BEH-01 fired],661.34,6.0,New,dev
ALT-W11-06745,11,77,6745,LOW,99.14,Limited,2,1,Velocity anomaly,VEL-01 High absolute velocity,BEH-01 Velocity spike vs own baseline,"VEL-01, BEH-01",weekly transaction count = 6 (contribution +2.33) [VEL-01 fired] | velocity vs own history = 5 (contribution +0.48) [BEH-01 fired],546.1,6.0,New,dev
ALT-W11-09944,11,77,9944,LOW,99.125,Limited,2,1,Velocity anomaly,VEL-01 High absolute velocity,NET-01 Fan-in collector,"VEL-01, NET-01",weekly transaction count = 7 (contribution +2.63) [VEL-01 fired] | velocity vs own history = 2.333 (contribution +0.17),448.84999999999997,7.0,New,dev
ALT-W11-09976,11,77,9976,LOW,99.113,Moderate,3,2,Velocity anomaly,VEL-01 High absolute velocity,"BEH-02 New-counterparty burst, NET-01 Fan-in collector","VEL-01, BEH-02, NET-01",weekly transaction count = 7 (contribution +2.63) [VEL-01 fired] | velocity vs own history = 2.4 (contribution +0.18),1858.5700000000002,7.0,New,dev
ALT-W11-17161,11,77,17161,LOW,99.105,Limited,2,1,Velocity anomaly,VEL-01 High absolute velocity,"BEH-01 Velocity spike vs own baseline, BEH-02 New-counterparty burst","VEL-01, BEH-01, BEH-02",weekly transaction count = 6 (contribution +2.33) [VEL-01 fired] | velocity vs own history = 4.667 (contribution +0.45) [BEH-01 fired],1532.49,6.0,New,dev
ALT-W11-01535,11,77,1535,LOW,99.095,Limited,2,1,Velocity anomaly,VEL-01 High absolute velocity,BEH-01 Velocity spike vs own baseline,"VEL-01, BEH-01",weekly transaction count = 6 (contribution +2.33) [VEL-01 fired] | velocity vs own history = 4.375 (contribution +0.42) [BEH-01 fired] | distinct receivers (28d) = 3 (contribution +0.01),220.46999999999997,6.0,New,dev
ALT-W11-12528,11,77,12528,LOW,99.088,Limited,2,1,Velocity anomaly,VEL-01 High absolute velocity,BEH-01 Velocity spike vs own baseline,"VEL-01, BEH-01",weekly transaction count = 6 (contribution +2.33) [VEL-01 fired] | velocity vs own history = 4.308 (contribution +0.41) [BEH-01 fired] | distinct receivers (28d) = 3 (contribution +0.01),404.52000000000004,6.0,New,dev
ALT-W11-03046,11,77,3046,LOW,99.077,Limited,2,1,Velocity anomaly,VEL-01 High absolute velocity,BEH-01 Velocity spike vs own baseline,"VEL-01, BEH-01",weekly transaction count = 6 (contribution +2.33) [VEL-01 fired] | velocity vs own history = 4.667 (contribution +0.45) [BEH-01 fired],327.32000000000005,6.0,New,dev
ALT-W11-19943,11,77,19943,LOW,99.06,Moderate,3,2,Velocity anomaly,VEL-01 High absolute velocity,"BEH-02 New-counterparty burst, NET-01 Fan-in collector","VEL-01, BEH-02, NET-01",weekly transaction count = 7 (contribution +2.63) [VEL-01 fired] | velocity vs own history = 1.931 (contribution +0.10) | distinct receivers (28d) = 3 (contribution +0.01),1329.9099999999999,7.0,New,dev
ALT-W11-09929,11,77,9929,LOW,99.058,Limited,3,1,Velocity anomaly,VEL-01 High absolute velocity,"BEH-02 New-counterparty burst, NET-01 Fan-in collector","VEL-01, BEH-02, NET-01",weekly transaction count = 7 (contribution +2.63) [VEL-01 fired] | velocity vs own history = 2.154 (contribution +0.14),1817.74,7.0,New,dev
ALT-W11-07484,11,77,7484,LOW,99.054,Limited,2,1,Velocity anomaly,VEL-01 High absolute velocity,BEH-01 Velocity spike vs own baseline,"VEL-01, BEH-01",weekly transaction count = 6 (contribution +2.33) [VEL-01 fired] | velocity vs own history = 4.083 (contribution +0.39) [BEH-01 fired] | distinct receivers (28d) = 3 (contribution +0.01),251.62,6.0,New,dev
ALT-W11-19844,11,77,19844,LOW,99.038,Strong,3,3,Velocity anomaly,VEL-01 High absolute velocity,"BEH-02 New-counterparty burst, NET-01 Fan-in collector, NET-02 Fan-out distributor, NET-03 Flow centrality (PageRank)","VEL-01, BEH-02, NET-01, NET-02, NET-03",weekly transaction count = 7 (contribution +2.63) [VEL-01 fired] | velocity vs own history = 1.697 (contribution +0.06) | distinct receivers (28d) = 9 (contribution +0.04) [NET-02 fired],1977.92,7.0,New,dev
ALT-W11-19942,11,77,19942,LOW,99.03,Strong,4,3,Velocity anomaly,VEL-01 High absolute velocity,"BEH-02 New-counterparty burst, AML-03 Circular flow, NET-01 Fan-in collector, NET-03 Flow centrality (PageRank)","VEL-01, BEH-02, AML-03, NET-01, NET-03",weekly transaction count = 6 (contribution +2.33) [VEL-01 fired] | circular-flow participation = 1 (contribution +0.35) [AML-03 fired] | velocity vs own history = 1.514 (contribution +0.02) | distinct receivers (28d) = 4 (contribution +0.02),1887.98,6.0,New,dev
ALT-W11-13552,11,77,13552,LOW,99.008,Limited,2,1,Velocity anomaly,VEL-01 High absolute velocity,BEH-01 Velocity spike vs own baseline,"VEL-01, BEH-01",weekly transaction count = 6 (contribution +2.33) [VEL-01 fired] | velocity vs own history = 3.769 (contribution +0.36) [BEH-01 fired] | distinct receivers (28d) = 3 (contribution +0.01),205.26000000000002,6.0,New,dev
ALT-W11-14609,11,77,14609,LOW,99.006,Limited,2,1,Velocity anomaly,VEL-01 High absolute velocity,BEH-01 Velocity spike vs own baseline,"VEL-01, BEH-01",weekly transaction count = 6 (contribution +2.33) [VEL-01 fired] | velocity vs own history = 3.733 (contribution +0.35) [BEH-01 fired] | distinct receivers (28d) = 3 (contribution +0.01),295.69,6.0,New,dev
ALT-W12-09998,12,84,9998,CRITICAL,99.992,Strong,4,8,Velocity anomaly,VEL-01 High absolute velocity,"BEH-02 New-counterparty burst, AML-03 Circular flow, NET-01 Fan-in collector, NET-02 Fan-out distributor, NET-03 Flow centrality (PageRank)","VEL-01, BEH-02, AML-03, NET-01, NET-02, NET-03",weekly transaction count = 30 (contribution +5.65) [VEL-01 fired] | circular-flow participation = 1 (contribution +0.35) [AML-03 fired] | distinct receivers (28d) = 56 (contribution +0.09) [NET-02 fired] | velocity vs own history = 1.61 (contribution +0.04),8853.52,30.0,New,dev
ALT-W12-19999,12,84,19999,CRITICAL,99.96,Strong,4,5,Velocity anomaly,VEL-01 High absolute velocity,"BEH-02 New-counterparty burst, AML-03 Circular flow, NET-01 Fan-in collector, NET-02 Fan-out distributor","VEL-01, BEH-02, AML-03, NET-01, NET-02",weekly transaction count = 19 (contribution +4.67) [VEL-01 fired] | circular-flow participation = 3 (contribution +0.70) [AML-03 fired] | distinct receivers (28d) = 56 (contribution +0.09) [NET-02 fired] | velocity vs own history = 1.667 (contribution +0.05),6253.68,19.0,New,dev
ALT-W12-09999,12,84,9999,CRITICAL,99.959,Strong,4,8,Velocity anomaly,VEL-01 High absolute velocity,"BEH-02 New-counterparty burst, AML-03 Circular flow, NET-01 Fan-in collector, NET-02 Fan-out distributor, NET-03 Flow centrality (PageRank)","VEL-01, BEH-02, AML-03, NET-01, NET-02, NET-03",weekly transaction count = 23 (contribution +5.08) [VEL-01 fired] | circular-flow participation = 1 (contribution +0.35) [AML-03 fired] | distinct receivers (28d) = 57 (contribution +0.09) [NET-02 fired],7581.17,23.0,New,dev
ALT-W12-19991,12,84,19991,CRITICAL,99.958,Strong,4,5,Velocity anomaly,VEL-01 High absolute velocity,"BEH-02 New-counterparty burst, AML-03 Circular flow, NET-01 Fan-in collector, NET-02 Fan-out distributor, NET-03 Flow centrality (PageRank)","VEL-01, BEH-02, AML-03, NET-01, NET-02, NET-03",weekly transaction count = 18 (contribution +4.56) [VEL-01 fired] | circular-flow participation = 3 (contribution +0.70) [AML-03 fired] | velocity vs own history = 2.111 (contribution +0.13) | distinct receivers (28d) = 28 (contribution +0.07) [NET-02 fired],4099.22,18.0,New,dev
ALT-W12-19983,12,84,19983,CRITICAL,99.957,Strong,4,5,Velocity anomaly,VEL-01 High absolute velocity,"BEH-02 New-counterparty burst, AML-03 Circular flow, NET-01 Fan-in collector, NET-02 Fan-out distributor","VEL-01, BEH-02, AML-03, NET-01, NET-02",weekly transaction count = 17 (contribution +4.44) [VEL-01 fired] | circular-flow participation = 3 (contribution +0.70) [AML-03 fired] | velocity vs own history = 2.625 (contribution +0.21) | distinct receivers (28d) = 28 (contribution +0.07) [NET-02 fired],5592.68,17.0,New,dev
ALT-W12-19989,12,84,19989,CRITICAL,99.943,Strong,4,5,Velocity anomaly,VEL-01 High absolute velocity,"BEH-02 New-counterparty burst, AML-01 Rapid pass-through, AML-03 Circular flow, NET-01 Fan-in collector, NET-02 Fan-out distributor, NET-03 Flow centrality (PageRank)","VEL-01, BEH-02, AML-01, AML-03, NET-01, NET-02, NET-03",weekly transaction count = 17 (contribution +4.44) [VEL-01 fired] | circular-flow participation = 3 (contribution +0.70) [AML-03 fired] | velocity vs own history = 1.841 (contribution +0.08) | distinct receivers (28d) = 28 (contribution +0.07) [NET-02 fired],5058.17,17.0,New,dev
ALT-W12-19993,12,84,19993,CRITICAL,99.937,Strong,4,5,Velocity anomaly,VEL-01 High absolute velocity,"BEH-02 New-counterparty burst, AML-01 Rapid pass-through, AML-03 Circular flow, NET-01 Fan-in collector, NET-02 Fan-out distributor, NET-03 Flow centrality (PageRank)","VEL-01, BEH-02, AML-01, AML-03, NET-01, NET-02, NET-03",weekly transaction count = 15 (contribution +4.18) [VEL-01 fired] | circular-flow participation = 5 (contribution +0.90) [AML-03 fired] | velocity vs own history = 1.853 (contribution +0.09) | distinct receivers (28d) = 27 (contribution +0.07) [NET-02 fired],4503.17,15.0,New,dev
ALT-W12-19998,12,84,19998,CRITICAL,99.932,Strong,4,5,Velocity anomaly,VEL-01 High absolute velocity,"BEH-02 New-counterparty burst, AML-03 Circular flow, NET-01 Fan-in collector, NET-02 Fan-out distributor","VEL-01, BEH-02, AML-03, NET-01, NET-02",weekly transaction count = 18 (contribution +4.56) [VEL-01 fired] | circular-flow participation = 2 (contribution +0.55) [AML-03 fired] | distinct receivers (28d) = 55 (contribution +0.09) [NET-02 fired] | velocity vs own history = 1.443 (contribution +0.01),4874.76,18.0,New,dev
ALT-W12-19992,12,84,19992,CRITICAL,99.907,Strong,4,7,Velocity anomaly,VEL-01 High absolute velocity,"BEH-02 New-counterparty burst, AML-01 Rapid pass-through, NET-01 Fan-in collector, NET-02 Fan-out distributor, NET-03 Flow centrality (PageRank)","VEL-01, BEH-02, AML-01, NET-01, NET-02, NET-03",weekly transaction count = 20 (contribution +4.78) [VEL-01 fired] | velocity vs own history = 2.593 (contribution +0.21) | distinct receivers (28d) = 28 (contribution +0.07) [NET-02 fired],5943.55,20.0,New,dev
ALT-W12-19987,12,84,19987,CRITICAL,99.904,Strong,4,8,Velocity anomaly,VEL-01 High absolute velocity,"BEH-02 New-counterparty burst, AML-01 Rapid pass-through, AML-03 Circular flow, NET-01 Fan-in collector, NET-02 Fan-out distributor, NET-03 Flow centrality (PageRank)","VEL-01, BEH-02, AML-01, AML-03, NET-01, NET-02, NET-03",weekly transaction count = 16 (contribution +4.31) [VEL-01 fired] | circular-flow participation = 3 (contribution +0.70) [AML-03 fired] | distinct receivers (28d) = 27 (contribution +0.07) [NET-02 fired],4249.65,16.0,New,dev
ALT-W12-19994,12,84,19994,HIGH,99.898,Strong,4,5,Velocity anomaly,VEL-01 High absolute velocity,"BEH-02 New-counterparty burst, AML-01 Rapid pass-through, AML-03 Circular flow, NET-01 Fan-in collector, NET-02 Fan-out distributor, NET-03 Flow centrality (PageRank)","VEL-01, BEH-02, AML-01, AML-03, NET-01, NET-02, NET-03",weekly transaction count = 16 (contribution +4.31) [VEL-01 fired] | circular-flow participation = 2 (contribution +0.55) [AML-03 fired] | velocity vs own history = 1.868 (contribution +0.09) | distinct receivers (28d) = 28 (contribution +0.07) [NET-02 fired],4276.620000000001,16.0,New,dev
ALT-W12-19995,12,84,19995,HIGH,99.897,Strong,4,5,Velocity anomaly,VEL-01 High absolute velocity,"BEH-02 New-counterparty burst, AML-03 Circular flow, NET-01 Fan-in collector, NET-02 Fan-out distributor, NET-03 Flow centrality (PageRank)","VEL-01, BEH-02, AML-03, NET-01, NET-02, NET-03",weekly transaction count = 15 (contribution +4.18) [VEL-01 fired] | circular-flow participation = 2 (contribution +0.55) [AML-03 fired] | velocity vs own history = 2.708 (contribution +0.22) | distinct receivers (28d) = 27 (contribution +0.07) [NET-02 fired],3847.35,15.0,New,dev
ALT-W12-19990,12,84,19990,HIGH,99.895,Strong,3,6,Velocity anomaly,VEL-01 High absolute velocity,"BEH-02 New-counterparty burst, NET-01 Fan-in collector, NET-02 Fan-out distributor, NET-03 Flow centrality (PageRank)","VEL-01, BEH-02, NET-01, NET-02, NET-03",weekly transaction count = 20 (contribution +4.78) [VEL-01 fired] | velocity vs own history = 2.283 (contribution +0.16) | distinct receivers (28d) = 28 (contribution +0.07) [NET-02 fired],4611.39,20.0,New,dev
ALT-W12-19980,12,84,19980,HIGH,99.894,Strong,4,6,Velocity anomaly,VEL-01 High absolute velocity,"BEH-02 New-counterparty burst, AML-03 Circular flow, NET-01 Fan-in collector, NET-02 Fan-out distributor, NET-03 Flow centrality (PageRank)","VEL-01, BEH-02, AML-03, NET-01, NET-02, NET-03",weekly transaction count = 14 (contribution +4.03) [VEL-01 fired] | circular-flow participation = 4 (contribution +0.81) [AML-03 fired] | velocity vs own history = 1.905 (contribution +0.10) | distinct receivers (28d) = 27 (contribution +0.07) [NET-02 fired],2617.33,14.0,New,dev
ALT-W12-09995,12,84,9995,HIGH,99.888,Strong,4,8,Velocity anomaly,VEL-01 High absolute velocity,"BEH-02 New-counterparty burst, AML-01 Rapid pass-through, NET-01 Fan-in collector, NET-02 Fan-out distributor, NET-03 Flow centrality (PageRank)","VEL-01, BEH-02, AML-01, NET-01, NET-02, NET-03",weekly transaction count = 20 (contribution +4.78) [VEL-01 fired] | velocity vs own history = 1.963 (contribution +0.11) | distinct receivers (28d) = 28 (contribution +0.07) [NET-02 fired],6834.25,20.0,New,dev
ALT-W12-19988,12,84,19988,HIGH,99.88,Strong,5,6,Velocity anomaly,VEL-01 High absolute velocity,"TXN-01 Large transaction, BEH-02 New-counterparty burst, AML-01 Rapid pass-through, AML-03 Circular flow, NET-01 Fan-in collector, NET-02 Fan-out distributor, NET-03 Flow centrality (PageRank)","TXN-01, VEL-01, BEH-02, AML-01, AML-03, NET-01, NET-02, NET-03",weekly transaction count = 14 (contribution +4.03) [VEL-01 fired] | circular-flow participation = 4 (contribution +0.81) [AML-03 fired] | distinct receivers (28d) = 28 (contribution +0.07) [NET-02 fired] | velocity vs own history = 1.473 (contribution +0.01),4540.71,14.0,New,dev
ALT-W12-09992,12,84,9992,HIGH,99.847,Strong,3,8,Velocity anomaly,VEL-01 High absolute velocity,"BEH-02 New-counterparty burst, NET-01 Fan-in collector, NET-02 Fan-out distributor, NET-03 Flow centrality (PageRank)","VEL-01, BEH-02, NET-01, NET-02, NET-03",weekly transaction count = 19 (contribution +4.67) [VEL-01 fired] | distinct receivers (28d) = 29 (contribution +0.07) [NET-02 fired] | velocity vs own history = 1.46 (contribution +0.01),4842.23,19.0,New,dev
ALT-W12-09993,12,84,9993,HIGH,99.846,Strong,3,8,Velocity anomaly,VEL-01 High absolute velocity,"BEH-02 New-counterparty burst, NET-01 Fan-in collector, NET-02 Fan-out distributor, NET-03 Flow centrality (PageRank)","VEL-01, BEH-02, NET-01, NET-02, NET-03",weekly transaction count = 19 (contribution +4.67) [VEL-01 fired] | distinct receivers (28d) = 28 (contribution +0.07) [NET-02 fired],4434.65,19.0,New,dev
ALT-W12-09988,12,84,9988,HIGH,99.842,Strong,4,8,Velocity anomaly,VEL-01 High absolute velocity,"BEH-02 New-counterparty burst, AML-01 Rapid pass-through, NET-01 Fan-in collector, NET-02 Fan-out distributor, NET-03 Flow centrality (PageRank)","VEL-01, BEH-02, AML-01, NET-01, NET-02, NET-03",weekly transaction count = 19 (contribution +4.67) [VEL-01 fired] | distinct receivers (28d) = 28 (contribution +0.07) [NET-02 fired],5384.5599999999995,19.0,New,dev
ALT-W12-09996,12,84,9996,HIGH,99.834,Strong,4,8,Velocity anomaly,VEL-01 High absolute velocity,"BEH-02 New-counterparty burst, AML-01 Rapid pass-through, NET-01 Fan-in collector, NET-02 Fan-out distributor, NET-03 Flow centrality (PageRank)","VEL-01, BEH-02, AML-01, NET-01, NET-02, NET-03",weekly transaction count = 18 (contribution +4.56) [VEL-01 fired] | distinct receivers (28d) = 28 (contribution +0.07) [NET-02 fired] | velocity vs own history = 1.644 (contribution +0.05),5456.08,18.0,New,dev
ALT-W12-19981,12,84,19981,HIGH,99.82,Strong,3,5,Velocity anomaly,VEL-01 High absolute velocity,"BEH-02 New-counterparty burst, NET-01 Fan-in collector, NET-02 Fan-out distributor, NET-03 Flow centrality (PageRank)","VEL-01, BEH-02, NET-01, NET-02, NET-03",weekly transaction count = 16 (contribution +4.31) [VEL-01 fired] | velocity vs own history = 2.429 (contribution +0.18) | distinct receivers (28d) = 28 (contribution +0.07) [NET-02 fired],4746.59,16.0,New,dev
ALT-W12-09989,12,84,9989,HIGH,99.802,Strong,4,8,Velocity anomaly,VEL-01 High absolute velocity,"BEH-02 New-counterparty burst, AML-03 Circular flow, NET-01 Fan-in collector, NET-02 Fan-out distributor, NET-03 Flow centrality (PageRank)","VEL-01, BEH-02, AML-03, NET-01, NET-02, NET-03",weekly transaction count = 15 (contribution +4.18) [VEL-01 fired] | circular-flow participation = 1 (contribution +0.35) [AML-03 fired] | distinct receivers (28d) = 28 (contribution +0.07) [NET-02 fired],3927.4800000000005,15.0,New,dev
ALT-W12-19996,12,84,19996,HIGH,99.795,Strong,4,5,Velocity anomaly,VEL-01 High absolute velocity,"BEH-02 New-counterparty burst, AML-01 Rapid pass-through, AML-03 Circular flow, NET-01 Fan-in collector, NET-02 Fan-out distributor","VEL-01, BEH-02, AML-01, AML-03, NET-01, NET-02",weekly transaction count = 12 (contribution +3.71) [VEL-01 fired] | circular-flow participation = 2 (contribution +0.55) [AML-03 fired] | velocity vs own history = 1.857 (contribution +0.09) | distinct receivers (28d) = 28 (contribution +0.07) [NET-02 fired],2927.7200000000003,12.0,New,dev
ALT-W12-19997,12,84,19997,HIGH,99.781,Strong,4,5,Velocity anomaly,VEL-01 High absolute velocity,"BEH-02 New-counterparty burst, AML-03 Circular flow, NET-01 Fan-in collector, NET-02 Fan-out distributor","VEL-01, BEH-02, AML-03, NET-01, NET-02",weekly transaction count = 11 (contribution +3.53) [VEL-01 fired] | circular-flow participation = 3 (contribution +0.70) [AML-03 fired] | distinct receivers (28d) = 28 (contribution +0.07) [NET-02 fired] | velocity vs own history = 1.448 (contribution +0.01),3417.8599999999997,11.0,New,dev
ALT-W12-09990,12,84,9990,HIGH,99.779,Strong,3,8,Velocity anomaly,VEL-01 High absolute velocity,"BEH-02 New-counterparty burst, NET-01 Fan-in collector, NET-02 Fan-out distributor, NET-03 Flow centrality (PageRank)","VEL-01, BEH-02, NET-01, NET-02, NET-03",weekly transaction count = 16 (contribution +4.31) [VEL-01 fired] | distinct receivers (28d) = 28 (contribution +0.07) [NET-02 fired],3600.37,16.0,New,dev
ALT-W12-09994,12,84,9994,HIGH,99.769,Strong,4,8,Velocity anomaly,VEL-01 High absolute velocity,"BEH-02 New-counterparty burst, AML-01 Rapid pass-through, NET-01 Fan-in collector, NET-02 Fan-out distributor, NET-03 Flow centrality (PageRank)","VEL-01, BEH-02, AML-01, NET-01, NET-02, NET-03",weekly transaction count = 15 (contribution +4.18) [VEL-01 fired] | distinct receivers (28d) = 28 (contribution +0.07) [NET-02 fired],4648.51,15.0,New,dev
ALT-W12-09932,12,84,9932,HIGH,99.755,Limited,3,1,Velocity anomaly,VEL-01 High absolute velocity,"BEH-01 Velocity spike vs own baseline, BEH-02 New-counterparty burst, NET-01 Fan-in collector","VEL-01, BEH-01, BEH-02, NET-01",weekly transaction count = 12 (contribution +3.71) [VEL-01 fired] | velocity vs own history = 4.522 (contribution +0.43) [BEH-01 fired],1439.46,12.0,New,dev
ALT-W12-09981,12,84,9981,HIGH,99.754,Strong,4,7,Velocity anomaly,VEL-01 High absolute velocity,"BEH-02 New-counterparty burst, AML-03 Circular flow, NET-01 Fan-in collector, NET-02 Fan-out distributor","VEL-01, BEH-02, AML-03, NET-01, NET-02",weekly transaction count = 12 (contribution +3.71) [VEL-01 fired] | circular-flow participation = 1 (contribution +0.35) [AML-03 fired] | distinct receivers (28d) = 28 (contribution +0.07) [NET-02 fired] | velocity vs own history = 1.444 (contribution +0.01),2989.62,12.0,New,dev
ALT-W12-19986,12,84,19986,HIGH,99.745,Strong,3,6,Velocity anomaly,VEL-01 High absolute velocity,"BEH-02 New-counterparty burst, NET-01 Fan-in collector, NET-02 Fan-out distributor, NET-03 Flow centrality (PageRank)","VEL-01, BEH-02, NET-01, NET-02, NET-03",weekly transaction count = 14 (contribution +4.03) [VEL-01 fired] | distinct receivers (28d) = 28 (contribution +0.07) [NET-02 fired] | velocity vs own history = 1.486 (contribution +0.01),4029.22,14.0,New,dev
ALT-W12-09991,12,84,9991,HIGH,99.718,Strong,4,8,Velocity anomaly,VEL-01 High absolute velocity,"BEH-02 New-counterparty burst, AML-01 Rapid pass-through, NET-01 Fan-in collector, NET-02 Fan-out distributor, NET-03 Flow centrality (PageRank)","VEL-01, BEH-02, AML-01, NET-01, NET-02, NET-03",weekly transaction count = 14 (contribution +4.03) [VEL-01 fired] | distinct receivers (28d) = 29 (contribution +0.07) [NET-02 fired],4923.549999999999,14.0,New,dev
ALT-W12-09978,12,84,9978,HIGH,99.707,Strong,3,7,Velocity anomaly,VEL-01 High absolute velocity,"BEH-02 New-counterparty burst, NET-01 Fan-in collector, NET-02 Fan-out distributor, NET-03 Flow centrality (PageRank)","VEL-01, BEH-02, NET-01, NET-02, NET-03",weekly transaction count = 13 (contribution +3.88) [VEL-01 fired] | distinct receivers (28d) = 28 (contribution +0.07) [NET-02 fired],4050.96,13.0,New,dev
ALT-W12-09590,12,84,9590,MEDIUM,99.699,Limited,3,1,Velocity anomaly,VEL-01 High absolute velocity,"BEH-01 Velocity spike vs own baseline, BEH-02 New-counterparty burst, NET-02 Fan-out distributor","VEL-01, BEH-01, BEH-02, NET-02",weekly transaction count = 11 (contribution +3.53) [VEL-01 fired] | velocity vs own history = 3.6 (contribution +0.34) [BEH-01 fired] | distinct receivers (28d) = 10 (contribution +0.04) [NET-02 fired],1380.02,11.0,New,dev
ALT-W12-19982,12,84,19982,MEDIUM,99.684,Strong,3,5,Velocity anomaly,VEL-01 High absolute velocity,"BEH-02 New-counterparty burst, NET-01 Fan-in collector, NET-02 Fan-out distributor, NET-03 Flow centrality (PageRank)","VEL-01, BEH-02, NET-01, NET-02, NET-03",weekly transaction count = 12 (contribution +3.71) [VEL-01 fired] | distinct receivers (28d) = 27 (contribution +0.07) [NET-02 fired] | velocity vs own history = 1.705 (contribution +0.06),3663.78,12.0,New,dev
ALT-W12-19979,12,84,19979,MEDIUM,99.666,Strong,4,6,Velocity anomaly,VEL-01 High absolute velocity,"BEH-02 New-counterparty burst, AML-01 Rapid pass-through, NET-01 Fan-in collector, NET-02 Fan-out distributor, NET-03 Flow centrality (PageRank)","VEL-01, BEH-02, AML-01, NET-01, NET-02, NET-03",weekly transaction count = 12 (contribution +3.71) [VEL-01 fired] | distinct receivers (28d) = 28 (contribution +0.07) [NET-02 fired],3540.7400000000002,12.0,New,dev
ALT-W12-09980,12,84,9980,MEDIUM,99.663,Strong,3,8,Velocity anomaly,VEL-01 High absolute velocity,"BEH-02 New-counterparty burst, NET-01 Fan-in collector, NET-02 Fan-out distributor","VEL-01, BEH-02, NET-01, NET-02",weekly transaction count = 12 (contribution +3.71) [VEL-01 fired] | distinct receivers (28d) = 29 (contribution +0.07) [NET-02 fired],3238.76,12.0,New,dev
ALT-W12-15268,12,84,15268,MEDIUM,99.654,Limited,2,1,Velocity anomaly,VEL-01 High absolute velocity,BEH-01 Velocity spike vs own baseline,"VEL-01, BEH-01",weekly transaction count = 9 (contribution +3.13) [VEL-01 fired] | velocity vs own history = 6 (contribution +0.56) [BEH-01 fired] | distinct receivers (28d) = 3 (contribution +0.01),564.44,9.0,New,dev
ALT-W12-09931,12,84,9931,MEDIUM,99.65,Limited,2,1,Velocity anomaly,VEL-01 High absolute velocity,"BEH-01 Velocity spike vs own baseline, BEH-02 New-counterparty burst","VEL-01, BEH-01, BEH-02",weekly transaction count = 10 (contribution +3.34) [VEL-01 fired] | velocity vs own history = 3.826 (contribution +0.36) [BEH-01 fired],1197.21,10.0,New,dev
ALT-W12-08058,12,84,8058,MEDIUM,99.644,Limited,2,1,Velocity anomaly,VEL-01 High absolute velocity,BEH-01 Velocity spike vs own baseline,"VEL-01, BEH-01",weekly transaction count = 9 (contribution +3.13) [VEL-01 fired] | velocity vs own history = 5.385 (contribution +0.51) [BEH-01 fired] | distinct receivers (28d) = 6 (contribution +0.03),682.37,9.0,New,dev
ALT-W12-19984,12,84,19984,MEDIUM,99.643,Strong,4,7,Velocity anomaly,VEL-01 High absolute velocity,"BEH-02 New-counterparty burst, AML-03 Circular flow, NET-01 Fan-in collector, NET-02 Fan-out distributor, NET-03 Flow centrality (PageRank)","VEL-01, BEH-02, AML-03, NET-01, NET-02, NET-03",weekly transaction count = 10 (contribution +3.34) [VEL-01 fired] | circular-flow participation = 1 (contribution +0.35) [AML-03 fired] | distinct receivers (28d) = 28 (contribution +0.07) [NET-02 fired],3464.66,10.0,New,dev
ALT-W12-09982,12,84,9982,MEDIUM,99.635,Strong,3,7,Velocity anomaly,VEL-01 High absolute velocity,"BEH-02 New-counterparty burst, NET-02 Fan-out distributor","VEL-01, BEH-02, NET-02",weekly transaction count = 11 (contribution +3.53) [VEL-01 fired] | distinct receivers (28d) = 28 (contribution +0.07) [NET-02 fired] | velocity vs own history = 1.565 (contribution +0.03),4114.610000000001,11.0,New,dev
ALT-W12-09983,12,84,9983,MEDIUM,99.626,Strong,3,5,Velocity anomaly,VEL-01 High absolute velocity,"BEH-02 New-counterparty burst, NET-02 Fan-out distributor","VEL-01, BEH-02, NET-02",weekly transaction count = 11 (contribution +3.53) [VEL-01 fired] | distinct receivers (28d) = 28 (contribution +0.07) [NET-02 fired] | velocity vs own history = 1.477 (contribution +0.01),3858.1000000000004,11.0,New,dev
ALT-W12-01618,12,84,1618,MEDIUM,99.618,Limited,3,1,Velocity anomaly,VEL-01 High absolute velocity,"BEH-01 Velocity spike vs own baseline, AML-03 Circular flow","VEL-01, BEH-01, AML-03",weekly transaction count = 7 (contribution +2.63) [VEL-01 fired] | circular-flow participation = 2 (contribution +0.55) [AML-03 fired] | velocity vs own history = 4 (contribution +0.38) [BEH-01 fired] | distinct receivers (28d) = 4 (contribution +0.02),851.21,7.0,New,dev
ALT-W12-19955,12,84,19955,MEDIUM,99.611,Moderate,3,2,Velocity anomaly,VEL-01 High absolute velocity,"BEH-02 New-counterparty burst, NET-01 Fan-in collector","VEL-01, BEH-02, NET-01",weekly transaction count = 10 (contribution +3.34) [VEL-01 fired] | velocity vs own history = 2.521 (contribution +0.20) | distinct receivers (28d) = 5 (contribution +0.03),1122.82,10.0,New,dev
ALT-W12-19608,12,84,19608,MEDIUM,99.608,Limited,2,1,Velocity anomaly,VEL-01 High absolute velocity,BEH-01 Velocity spike vs own baseline,"VEL-01, BEH-01",weekly transaction count = 9 (contribution +3.13) [VEL-01 fired] | velocity vs own history = 4.286 (contribution +0.41) [BEH-01 fired] | distinct receivers (28d) = 4 (contribution +0.02),1487.6399999999999,9.0,New,dev
ALT-W12-19985,12,84,19985,MEDIUM,99.607,Strong,4,8,Velocity anomaly,VEL-01 High absolute velocity,"BEH-02 New-counterparty burst, AML-01 Rapid pass-through, NET-01 Fan-in collector, NET-02 Fan-out distributor","VEL-01, BEH-02, AML-01, NET-01, NET-02",weekly transaction count = 11 (contribution +3.53) [VEL-01 fired] | distinct receivers (28d) = 28 (contribution +0.07) [NET-02 fired],2397.86,11.0,New,dev
ALT-W12-19748,12,84,19748,MEDIUM,99.593,Limited,3,1,Velocity anomaly,VEL-01 High absolute velocity,"BEH-01 Velocity spike vs own baseline, NET-03 Flow centrality (PageRank)","VEL-01, BEH-01, NET-03",weekly transaction count = 9 (contribution +3.13) [VEL-01 fired] | velocity vs own history = 3.333 (contribution +0.31) [BEH-01 fired] | distinct receivers (28d) = 6 (contribution +0.03),1087.07,9.0,New,dev
ALT-W12-09985,12,84,9985,MEDIUM,99.588,Strong,4,8,Velocity anomaly,VEL-01 High absolute velocity,"BEH-02 New-counterparty burst, AML-01 Rapid pass-through, NET-01 Fan-in collector, NET-02 Fan-out distributor, NET-03 Flow centrality (PageRank)","VEL-01, BEH-02, AML-01, NET-01, NET-02, NET-03",weekly transaction count = 11 (contribution +3.53) [VEL-01 fired] | distinct receivers (28d) = 28 (contribution +0.07) [NET-02 fired],3614.4100000000003,11.0,New,dev
ALT-W12-15856,12,84,15856,MEDIUM,99.587,Limited,2,1,Velocity anomaly,VEL-01 High absolute velocity,BEH-01 Velocity spike vs own baseline,"VEL-01, BEH-01",weekly transaction count = 8 (contribution +2.89) [VEL-01 fired] | velocity vs own history = 5.625 (contribution +0.53) [BEH-01 fired] | distinct receivers (28d) = 5 (contribution +0.03),908.7900000000001,8.0,New,dev
ALT-W12-09987,12,84,9987,MEDIUM,99.585,Strong,3,8,Velocity anomaly,VEL-01 High absolute velocity,"BEH-02 New-counterparty burst, NET-01 Fan-in collector, NET-02 Fan-out distributor, NET-03 Flow centrality (PageRank)","VEL-01, BEH-02, NET-01, NET-02, NET-03",weekly transaction count = 11 (contribution +3.53) [VEL-01 fired] | distinct receivers (28d) = 28 (contribution +0.07) [NET-02 fired],2662.6400000000003,11.0,New,dev
ALT-W12-07800,12,84,7800,MEDIUM,99.58,Limited,3,1,Velocity anomaly,VEL-01 High absolute velocity,"BEH-01 Velocity spike vs own baseline, AML-03 Circular flow","VEL-01, BEH-01, AML-03",weekly transaction count = 7 (contribution +2.63) [VEL-01 fired] | velocity vs own history = 4.571 (contribution +0.44) [BEH-01 fired] | circular-flow participation = 1 (contribution +0.35) [AML-03 fired] | distinct receivers (28d) = 2 (contribution +0.01),564.25,7.0,New,dev
ALT-W12-09986,12,84,9986,MEDIUM,99.579,Strong,4,8,Velocity anomaly,VEL-01 High absolute velocity,"BEH-02 New-counterparty burst, AML-01 Rapid pass-through, NET-01 Fan-in collector, NET-02 Fan-out distributor, NET-03 Flow centrality (PageRank)","VEL-01, BEH-02, AML-01, NET-01, NET-02, NET-03",weekly transaction count = 11 (contribution +3.53) [VEL-01 fired] | distinct receivers (28d) = 28 (contribution +0.07) [NET-02 fired],2597.03,11.0,New,dev
ALT-W12-19860,12,84,19860,MEDIUM,99.575,Limited,3,1,Velocity anomaly,VEL-01 High absolute velocity,"BEH-02 New-counterparty burst, NET-02 Fan-out distributor","VEL-01, BEH-02, NET-02",weekly transaction count = 9 (contribution +3.13) [VEL-01 fired] | velocity vs own history = 2.812 (contribution +0.24) | distinct receivers (28d) = 10 (contribution +0.04) [NET-02 fired],2291.03,9.0,New,dev
ALT-W12-19678,12,84,19678,MEDIUM,99.573,Limited,2,1,Velocity anomaly,VEL-01 High absolute velocity,BEH-01 Velocity spike vs own baseline,"VEL-01, BEH-01",weekly transaction count = 8 (contribution +2.89) [VEL-01 fired] | velocity vs own history = 5.143 (contribution +0.49) [BEH-01 fired] | distinct receivers (28d) = 5 (contribution +0.03),889.69,8.0,New,dev
ALT-W12-19818,12,84,19818,MEDIUM,99.567,Limited,2,1,Velocity anomaly,VEL-01 High absolute velocity,NET-02 Fan-out distributor,"VEL-01, NET-02",weekly transaction count = 9 (contribution +3.13) [VEL-01 fired] | velocity vs own history = 2.727 (contribution +0.23) | distinct receivers (28d) = 10 (contribution +0.04) [NET-02 fired],893.89,9.0,New,dev
ALT-W12-19796,12,84,19796,MEDIUM,99.565,Limited,3,1,Velocity anomaly,VEL-01 High absolute velocity,"BEH-02 New-counterparty burst, NET-01 Fan-in collector","VEL-01, BEH-02, NET-01",weekly transaction count = 9 (contribution +3.13) [VEL-01 fired] | velocity vs own history = 2.8 (contribution +0.24) | distinct receivers (28d) = 6 (contribution +0.03),2720.25,9.0,New,dev
ALT-W12-19775,12,84,19775,MEDIUM,99.562,Limited,2,1,Velocity anomaly,VEL-01 High absolute velocity,NET-02 Fan-out distributor,"VEL-01, NET-02",weekly transaction count = 9 (contribution +3.13) [VEL-01 fired] | velocity vs own history = 2.667 (contribution +0.22) | distinct receivers (28d) = 9 (contribution +0.04) [NET-02 fired],805.95,9.0,New,dev
ALT-W12-09928,12,84,9928,MEDIUM,99.533,Limited,3,1,Velocity anomaly,VEL-01 High absolute velocity,"BEH-02 New-counterparty burst, NET-01 Fan-in collector","VEL-01, BEH-02, NET-01",weekly transaction count = 9 (contribution +3.13) [VEL-01 fired] | velocity vs own history = 2.667 (contribution +0.22),2577.2599999999998,9.0,New,dev
ALT-W12-19974,12,84,19974,MEDIUM,99.528,Strong,3,4,Velocity anomaly,VEL-01 High absolute velocity,"BEH-02 New-counterparty burst, NET-01 Fan-in collector, NET-03 Flow centrality (PageRank)","VEL-01, BEH-02, NET-01, NET-03",weekly transaction count = 10 (contribution +3.34) [VEL-01 fired] | velocity vs own history = 1.419 (contribution +0.00),2428.31,10.0,New,dev
ALT-W12-09801,12,84,9801,MEDIUM,99.505,Limited,2,1,Velocity anomaly,VEL-01 High absolute velocity,BEH-01 Velocity spike vs own baseline,"VEL-01, BEH-01",weekly transaction count = 8 (contribution +2.89) [VEL-01 fired] | velocity vs own history = 4 (contribution +0.38) [BEH-01 fired],928.5799999999999,8.0,New,dev
ALT-W12-06745,12,84,6745,MEDIUM,99.502,Moderate,2,2,Velocity anomaly,VEL-01 High absolute velocity,BEH-01 Velocity spike vs own baseline,"VEL-01, BEH-01",weekly transaction count = 8 (contribution +2.89) [VEL-01 fired] | velocity vs own history = 3.857 (contribution +0.37) [BEH-01 fired] | distinct receivers (28d) = 2 (contribution +0.01),663.98,8.0,New,dev
ALT-W12-19390,12,84,19390,MEDIUM,99.502,Limited,2,1,Velocity anomaly,VEL-01 High absolute velocity,BEH-01 Velocity spike vs own baseline,"VEL-01, BEH-01",weekly transaction count = 8 (contribution +2.89) [VEL-01 fired] | velocity vs own history = 3.857 (contribution +0.37) [BEH-01 fired] | distinct receivers (28d) = 2 (contribution +0.01),717.8199999999999,8.0,New,dev
ALT-W12-18631,12,84,18631,MEDIUM,99.482,Limited,2,1,Velocity anomaly,VEL-01 High absolute velocity,BEH-01 Velocity spike vs own baseline,"VEL-01, BEH-01",weekly transaction count = 8 (contribution +2.89) [VEL-01 fired] | velocity vs own history = 3.375 (contribution +0.31) [BEH-01 fired] | distinct receivers (28d) = 5 (contribution +0.03),1377.85,8.0,New,dev
ALT-W12-19693,12,84,19693,MEDIUM,99.476,Limited,4,1,Velocity anomaly,VEL-01 High absolute velocity,"TXN-01 Large transaction, BEH-01 Velocity spike vs own baseline, BEH-02 New-counterparty burst, AML-01 Rapid pass-through","TXN-01, VEL-01, BEH-01, BEH-02, AML-01",weekly transaction count = 8 (contribution +2.89) [VEL-01 fired] | velocity vs own history = 3.273 (contribution +0.30) [BEH-01 fired] | distinct receivers (28d) = 6 (contribution +0.03),2047.28,8.0,New,dev
ALT-W12-06013,12,84,6013,MEDIUM,99.453,Limited,2,1,Velocity anomaly,VEL-01 High absolute velocity,BEH-01 Velocity spike vs own baseline,"VEL-01, BEH-01",weekly transaction count = 7 (contribution +2.63) [VEL-01 fired] | velocity vs own history = 5.538 (contribution +0.52) [BEH-01 fired] | distinct receivers (28d) = 3 (contribution +0.01),363.2,7.0,New,dev
ALT-W12-19750,12,84,19750,MEDIUM,99.431,Limited,3,1,Velocity anomaly,VEL-01 High absolute velocity,"BEH-02 New-counterparty burst, NET-02 Fan-out distributor","VEL-01, BEH-02, NET-02",weekly transaction count = 8 (contribution +2.89) [VEL-01 fired] | velocity vs own history = 2.571 (contribution +0.21) | distinct receivers (28d) = 7 (contribution +0.03) [NET-02 fired],2471.25,8.0,New,dev
ALT-W12-14766,12,84,14766,MEDIUM,99.43,Limited,2,1,Velocity anomaly,VEL-01 High absolute velocity,BEH-01 Velocity spike vs own baseline,"VEL-01, BEH-01",weekly transaction count = 7 (contribution +2.63) [VEL-01 fired] | velocity vs own history = 5.333 (contribution +0.51) [BEH-01 fired],364.97,7.0,New,dev
ALT-W12-09672,12,84,9672,MEDIUM,99.423,Limited,1,1,Velocity anomaly,VEL-01 High absolute velocity,,VEL-01,weekly transaction count = 8 (contribution +2.89) [VEL-01 fired] | velocity vs own history = 2.769 (contribution +0.23),1065.73,8.0,New,dev
ALT-W12-09946,12,84,9946,MEDIUM,99.423,Limited,1,1,Velocity anomaly,VEL-01 High absolute velocity,,VEL-01,weekly transaction count = 8 (contribution +2.89) [VEL-01 fired] | velocity vs own history = 2.769 (contribution +0.23),996.73,8.0,New,dev
ALT-W12-19746,12,84,19746,MEDIUM,99.413,Limited,1,1,Velocity anomaly,VEL-01 High absolute velocity,,VEL-01,weekly transaction count = 8 (contribution +2.89) [VEL-01 fired] | velocity vs own history = 2.483 (contribution +0.19) | distinct receivers (28d) = 3 (contribution +0.01),1001.9599999999999,8.0,New,dev
ALT-W12-16888,12,84,16888,MEDIUM,99.41,Moderate,3,2,Velocity anomaly,VEL-01 High absolute velocity,"AML-03 Circular flow, NET-03 Flow centrality (PageRank)","VEL-01, AML-03, NET-03",weekly transaction count = 6 (contribution +2.33) [VEL-01 fired] | circular-flow participation = 2 (contribution +0.55) [AML-03 fired] | velocity vs own history = 2.5 (contribution +0.19) | distinct receivers (28d) = 3 (contribution +0.01),489.11,6.0,New,dev
ALT-W12-17211,12,84,17211,MEDIUM,99.404,Limited,2,1,Velocity anomaly,VEL-01 High absolute velocity,BEH-01 Velocity spike vs own baseline,"VEL-01, BEH-01",weekly transaction count = 7 (contribution +2.63) [VEL-01 fired] | velocity vs own history = 4.571 (contribution +0.44) [BEH-01 fired] | distinct receivers (28d) = 3 (contribution +0.01),403.65,7.0,New,dev
ALT-W12-09997,12,84,9997,LOW,99.394,Strong,3,8,Velocity anomaly,VEL-01 High absolute velocity,"BEH-02 New-counterparty burst, NET-01 Fan-in collector, NET-02 Fan-out distributor","VEL-01, BEH-02, NET-01, NET-02",weekly transaction count = 9 (contribution +3.13) [VEL-01 fired] | distinct receivers (28d) = 28 (contribution +0.07) [NET-02 fired],2323.2300000000005,9.0,New,dev
ALT-W12-09540,12,84,9540,LOW,99.377,Strong,1,3,Velocity anomaly,VEL-01 High absolute velocity,,VEL-01,weekly transaction count = 8 (contribution +2.89) [VEL-01 fired] | velocity vs own history = 2.057 (contribution +0.12) | distinct receivers (28d) = 6 (contribution +0.03),617.82,8.0,New,dev
ALT-W12-06621,12,84,6621,LOW,99.376,Limited,2,1,Velocity anomaly,VEL-01 High absolute velocity,BEH-01 Velocity spike vs own baseline,"VEL-01, BEH-01",weekly transaction count = 7 (contribution +2.63) [VEL-01 fired] | velocity vs own history = 4.267 (contribution +0.41) [BEH-01 fired] | distinct receivers (28d) = 2 (contribution +0.01),879.1500000000001,7.0,New,dev
ALT-W12-16055,12,84,16055,LOW,99.359,Moderate,2,2,Velocity anomaly,VEL-01 High absolute velocity,BEH-01 Velocity spike vs own baseline,"VEL-01, BEH-01",weekly transaction count = 7 (contribution +2.63) [VEL-01 fired] | velocity vs own history = 4 (contribution +0.38) [BEH-01 fired] | distinct receivers (28d) = 2 (contribution +0.01),728.34,7.0,New,dev
ALT-W12-18512,12,84,18512,LOW,99.353,Limited,2,1,Velocity anomaly,VEL-01 High absolute velocity,BEH-01 Velocity spike vs own baseline,"VEL-01, BEH-01",weekly transaction count = 7 (contribution +2.63) [VEL-01 fired] | velocity vs own history = 3.789 (contribution +0.36) [BEH-01 fired] | distinct receivers (28d) = 5 (contribution +0.03),553.15,7.0,New,dev
ALT-W12-19317,12,84,19317,LOW,99.345,Limited,2,1,Velocity anomaly,VEL-01 High absolute velocity,"BEH-01 Velocity spike vs own baseline, BEH-02 New-counterparty burst","VEL-01, BEH-01, BEH-02",weekly transaction count = 7 (contribution +2.63) [VEL-01 fired] | velocity vs own history = 3.692 (contribution +0.35) [BEH-01 fired] | distinct receivers (28d) = 5 (contribution +0.03),1731.25,7.0,New,dev
ALT-W12-17873,12,84,17873,LOW,99.342,Limited,2,1,Velocity anomaly,VEL-01 High absolute velocity,BEH-01 Velocity spike vs own baseline,"VEL-01, BEH-01",weekly transaction count = 7 (contribution +2.63) [VEL-01 fired] | velocity vs own history = 3.789 (contribution +0.36) [BEH-01 fired] | distinct receivers (28d) = 3 (contribution +0.01),700.15,7.0,New,dev
ALT-W12-04637,12,84,4637,LOW,99.329,Limited,2,1,Velocity anomaly,VEL-01 High absolute velocity,BEH-01 Velocity spike vs own baseline,"VEL-01, BEH-01",weekly transaction count = 7 (contribution +2.63) [VEL-01 fired] | velocity vs own history = 3.765 (contribution +0.36) [BEH-01 fired] | distinct receivers (28d) = 2 (contribution +0.01),654.46,7.0,New,dev
ALT-W12-19757,12,84,19757,LOW,99.321,Limited,2,1,Velocity anomaly,VEL-01 High absolute velocity,BEH-01 Velocity spike vs own baseline,"VEL-01, BEH-01",weekly transaction count = 7 (contribution +2.63) [VEL-01 fired] | velocity vs own history = 3.826 (contribution +0.36) [BEH-01 fired],733.73,7.0,New,dev
ALT-W12-08351,12,84,8351,LOW,99.271,Limited,1,1,Velocity anomaly,VEL-01 High absolute velocity,,VEL-01,weekly transaction count = 7 (contribution +2.63) [VEL-01 fired] | velocity vs own history = 3.2 (contribution +0.29) | distinct receivers (28d) = 6 (contribution +0.03),414.0,7.0,New,dev
ALT-W12-19345,12,84,19345,LOW,99.257,Limited,1,1,Velocity anomaly,VEL-01 High absolute velocity,,VEL-01,weekly transaction count = 7 (contribution +2.63) [VEL-01 fired] | velocity vs own history = 3.13 (contribution +0.28) | distinct receivers (28d) = 6 (contribution +0.03),315.93,7.0,New,dev
ALT-W12-08864,12,84,8864,LOW,99.255,Limited,1,1,Velocity anomaly,VEL-01 High absolute velocity,,VEL-01,weekly transaction count = 7 (contribution +2.63) [VEL-01 fired] | velocity vs own history = 3.2 (contribution +0.29) | distinct receivers (28d) = 4 (contribution +0.02),1109.1799999999998,7.0,New,dev
ALT-W12-09974,12,84,9974,LOW,99.233,Strong,3,4,Velocity anomaly,VEL-01 High absolute velocity,"BEH-02 New-counterparty burst, NET-01 Fan-in collector, NET-03 Flow centrality (PageRank)","VEL-01, BEH-02, NET-01, NET-03",weekly transaction count = 8 (contribution +2.89) [VEL-01 fired] | velocity vs own history = 1.653 (contribution +0.05),2669.49,8.0,New,dev
ALT-W12-19767,12,84,19767,LOW,99.213,Limited,3,1,Velocity anomaly,VEL-01 High absolute velocity,"BEH-02 New-counterparty burst, NET-02 Fan-out distributor","VEL-01, BEH-02, NET-02",weekly transaction count = 7 (contribution +2.63) [VEL-01 fired] | velocity vs own history = 2.667 (contribution +0.22) | distinct receivers (28d) = 10 (contribution +0.04) [NET-02 fired],1875.78,7.0,New,dev
ALT-W12-19954,12,84,19954,LOW,99.209,Strong,2,3,Velocity anomaly,VEL-01 High absolute velocity,NET-01 Fan-in collector,"VEL-01, NET-01",weekly transaction count = 8 (contribution +2.89) [VEL-01 fired] | velocity vs own history = 1.528 (contribution +0.02),1147.14,8.0,New,dev
ALT-W12-09848,12,84,9848,LOW,99.204,Limited,2,1,Velocity anomaly,VEL-01 High absolute velocity,BEH-02 New-counterparty burst,"VEL-01, BEH-02",weekly transaction count = 7 (contribution +2.63) [VEL-01 fired] | velocity vs own history = 3.13 (contribution +0.28),2810.16,7.0,New,dev
ALT-W12-09522,12,84,9522,LOW,99.202,Moderate,1,2,Velocity anomaly,VEL-01 High absolute velocity,,VEL-01,weekly transaction count = 7 (contribution +2.63) [VEL-01 fired] | velocity vs own history = 2.88 (contribution +0.25) | distinct receivers (28d) = 2 (contribution +0.01),342.78999999999996,7.0,New,dev
ALT-W12-09624,12,84,9624,LOW,99.192,Limited,1,1,Velocity anomaly,VEL-01 High absolute velocity,,VEL-01,weekly transaction count = 7 (contribution +2.63) [VEL-01 fired] | velocity vs own history = 2.667 (contribution +0.22) | distinct receivers (28d) = 5 (contribution +0.03),732.71,7.0,New,dev
ALT-W12-13533,12,84,13533,LOW,99.183,Limited,2,1,Velocity anomaly,VEL-01 High absolute velocity,BEH-01 Velocity spike vs own baseline,"VEL-01, BEH-01",weekly transaction count = 6 (contribution +2.33) [VEL-01 fired] | velocity vs own history = 5.6 (contribution +0.53) [BEH-01 fired] | distinct receivers (28d) = 2 (contribution +0.01),214.99,6.0,New,dev
ALT-W12-00670,12,84,670,LOW,99.182,Limited,2,1,Velocity anomaly,VEL-01 High absolute velocity,BEH-01 Velocity spike vs own baseline,"VEL-01, BEH-01",weekly transaction count = 6 (contribution +2.33) [VEL-01 fired] | velocity vs own history = 5.727 (contribution +0.54) [BEH-01 fired],320.18,6.0,New,dev
ALT-W12-09372,12,84,9372,LOW,99.179,Limited,1,1,Velocity anomaly,VEL-01 High absolute velocity,,VEL-01,weekly transaction count = 7 (contribution +2.63) [VEL-01 fired] | velocity vs own history = 2.5 (contribution +0.19) | distinct receivers (28d) = 6 (contribution +0.03),488.09000000000003,7.0,New,dev
ALT-W12-19918,12,84,19918,LOW,99.172,Limited,1,1,Velocity anomaly,VEL-01 High absolute velocity,,VEL-01,weekly transaction count = 7 (contribution +2.63) [VEL-01 fired] | velocity vs own history = 2.667 (contribution +0.22),491.15000000000003,7.0,New,dev
ALT-W12-09701,12,84,9701,LOW,99.165,Limited,3,1,Velocity anomaly,VEL-01 High absolute velocity,"BEH-02 New-counterparty burst, NET-02 Fan-out distributor","VEL-01, BEH-02, NET-02",weekly transaction count = 7 (contribution +2.63) [VEL-01 fired] | velocity vs own history = 2.323 (contribution +0.17) | distinct receivers (28d) = 9 (contribution +0.04) [NET-02 fired],2190.91,7.0,New,dev
ALT-W12-19754,12,84,19754,LOW,99.162,Limited,3,1,Velocity anomaly,VEL-01 High absolute velocity,"BEH-02 New-counterparty burst, NET-02 Fan-out distributor","VEL-01, BEH-02, NET-02",weekly transaction count = 7 (contribution +2.63) [VEL-01 fired] | velocity vs own history = 2.353 (contribution +0.17) | distinct receivers (28d) = 7 (contribution +0.03) [NET-02 fired],2229.2,7.0,New,dev
ALT-W12-09819,12,84,9819,LOW,99.16,Limited,3,1,Velocity anomaly,VEL-01 High absolute velocity,"BEH-02 New-counterparty burst, NET-02 Fan-out distributor","VEL-01, BEH-02, NET-02",weekly transaction count = 7 (contribution +2.63) [VEL-01 fired] | velocity vs own history = 2.286 (contribution +0.16) | distinct receivers (28d) = 9 (contribution +0.04) [NET-02 fired],2477.12,7.0,New,dev
ALT-W12-10453,12,84,10453,LOW,99.158,Limited,2,1,Velocity anomaly,VEL-01 High absolute velocity,BEH-01 Velocity spike vs own baseline,"VEL-01, BEH-01",weekly transaction count = 6 (contribution +2.33) [VEL-01 fired] | velocity vs own history = 5.25 (contribution +0.50) [BEH-01 fired],349.02,6.0,New,dev
ALT-W12-19787,12,84,19787,LOW,99.154,Limited,2,1,Velocity anomaly,VEL-01 High absolute velocity,BEH-02 New-counterparty burst,"VEL-01, BEH-02",weekly transaction count = 7 (contribution +2.63) [VEL-01 fired] | velocity vs own history = 2.4 (contribution +0.18) | distinct receivers (28d) = 3 (contribution +0.01),1544.44,7.0,New,dev
ALT-W12-16910,12,84,16910,LOW,99.153,Limited,2,1,Velocity anomaly,VEL-01 High absolute velocity,BEH-01 Velocity spike vs own baseline,"VEL-01, BEH-01",weekly transaction count = 6 (contribution +2.33) [VEL-01 fired] | velocity vs own history = 5 (contribution +0.48) [BEH-01 fired] | distinct receivers (28d) = 2 (contribution +0.01),576.28,6.0,New,dev
ALT-W12-09802,12,84,9802,LOW,99.149,Limited,2,1,Velocity anomaly,VEL-01 High absolute velocity,BEH-02 New-counterparty burst,"VEL-01, BEH-02",weekly transaction count = 7 (contribution +2.63) [VEL-01 fired] | velocity vs own history = 2.462 (contribution +0.19),2013.05,7.0,New,dev
ALT-W12-19788,12,84,19788,LOW,99.141,Limited,3,1,Velocity anomaly,VEL-01 High absolute velocity,"TXN-01 Large transaction, BEH-02 New-counterparty burst","TXN-01, VEL-01, BEH-02",weekly transaction count = 7 (contribution +2.63) [VEL-01 fired] | velocity vs own history = 2.222 (contribution +0.15) | distinct receivers (28d) = 5 (contribution +0.03),2520.81,7.0,New,dev
ALT-W12-09838,12,84,9838,LOW,99.121,Limited,4,1,Velocity anomaly,VEL-01 High absolute velocity,"BEH-02 New-counterparty burst, AML-03 Circular flow, NET-02 Fan-out distributor","VEL-01, BEH-02, AML-03, NET-02",weekly transaction count = 6 (contribution +2.33) [VEL-01 fired] | circular-flow participation = 1 (contribution +0.35) [AML-03 fired] | velocity vs own history = 1.69 (contribution +0.06) | distinct receivers (28d) = 13 (contribution +0.05) [NET-02 fired],1207.6200000000001,6.0,New,dev
ALT-W12-05437,12,84,5437,LOW,99.12,Limited,2,1,Velocity anomaly,VEL-01 High absolute velocity,BEH-01 Velocity spike vs own baseline,"VEL-01, BEH-01",weekly transaction count = 6 (contribution +2.33) [VEL-01 fired] | velocity vs own history = 4.667 (contribution +0.45) [BEH-01 fired] | distinct receivers (28d) = 2 (contribution +0.01),228.37,6.0,New,dev
ALT-W12-09913,12,84,9913,LOW,99.111,Limited,4,1,Velocity anomaly,VEL-01 High absolute velocity,"TXN-01 Large transaction, BEH-02 New-counterparty burst, NET-01 Fan-in collector","TXN-01, VEL-01, BEH-02, NET-01",weekly transaction count = 7 (contribution +2.63) [VEL-01 fired] | velocity vs own history = 2.37 (contribution +0.17),1904.01,7.0,New,dev
ALT-W12-02323,12,84,2323,LOW,99.1,Limited,2,1,Velocity anomaly,VEL-01 High absolute velocity,BEH-01 Velocity spike vs own baseline,"VEL-01, BEH-01",weekly transaction count = 6 (contribution +2.33) [VEL-01 fired] | velocity vs own history = 4.5 (contribution +0.43) [BEH-01 fired] | distinct receivers (28d) = 2 (contribution +0.01),197.43,6.0,New,dev
ALT-W12-03261,12,84,3261,LOW,99.095,Limited,2,1,Velocity anomaly,VEL-01 High absolute velocity,BEH-01 Velocity spike vs own baseline,"VEL-01, BEH-01",weekly transaction count = 6 (contribution +2.33) [VEL-01 fired] | velocity vs own history = 4.375 (contribution +0.42) [BEH-01 fired] | distinct receivers (28d) = 3 (contribution +0.01),119.62,6.0,New,dev
ALT-W12-12794,12,84,12794,LOW,99.057,Limited,2,1,Velocity anomaly,VEL-01 High absolute velocity,BEH-01 Velocity spike vs own baseline,"VEL-01, BEH-01",weekly transaction count = 6 (contribution +2.33) [VEL-01 fired] | velocity vs own history = 4.2 (contribution +0.40) [BEH-01 fired] | distinct receivers (28d) = 2 (contribution +0.01),165.64000000000001,6.0,New,dev
ALT-W12-09976,12,84,9976,LOW,99.045,Strong,3,3,Velocity anomaly,VEL-01 High absolute velocity,"BEH-02 New-counterparty burst, NET-01 Fan-in collector, NET-03 Flow centrality (PageRank)","VEL-01, BEH-02, NET-01, NET-03",weekly transaction count = 7 (contribution +2.63) [VEL-01 fired] | velocity vs own history = 2.105 (contribution +0.13),1491.28,7.0,New,dev
ALT-W12-17814,12,84,17814,LOW,99.039,Limited,2,1,Velocity anomaly,VEL-01 High absolute velocity,BEH-01 Velocity spike vs own baseline,"VEL-01, BEH-01",weekly transaction count = 6 (contribution +2.33) [VEL-01 fired] | velocity vs own history = 3.938 (contribution +0.38) [BEH-01 fired] | distinct receivers (28d) = 4 (contribution +0.02),405.52,6.0,New,dev
ALT-W12-09876,12,84,9876,LOW,99.033,Limited,1,1,Velocity anomaly,VEL-01 High absolute velocity,,VEL-01,weekly transaction count = 7 (contribution +2.63) [VEL-01 fired] | velocity vs own history = 1.939 (contribution +0.10),484.31000000000006,7.0,New,dev
ALT-W12-06411,12,84,6411,LOW,99.025,Limited,2,1,Velocity anomaly,VEL-01 High absolute velocity,BEH-01 Velocity spike vs own baseline,"VEL-01, BEH-01",weekly transaction count = 6 (contribution +2.33) [VEL-01 fired] | velocity vs own history = 4.308 (contribution +0.41) [BEH-01 fired],292.54,6.0,New,dev
ALT-W12-03364,12,84,3364,LOW,99.024,Limited,2,1,Velocity anomaly,VEL-01 High absolute velocity,BEH-01 Velocity spike vs own baseline,"VEL-01, BEH-01",weekly transaction count = 6 (contribution +2.33) [VEL-01 fired] | velocity vs own history = 3.889 (contribution +0.37) [BEH-01 fired] | distinct receivers (28d) = 3 (contribution +0.01),195.46,6.0,New,dev
ALT-W12-17035,12,84,17035,LOW,99.021,Limited,2,1,Velocity anomaly,VEL-01 High absolute velocity,"BEH-01 Velocity spike vs own baseline, BEH-02 New-counterparty burst","VEL-01, BEH-01, BEH-02",weekly transaction count = 6 (contribution +2.33) [VEL-01 fired] | velocity vs own history = 3.818 (contribution +0.36) [BEH-01 fired] | distinct receivers (28d) = 4 (contribution +0.02),2109.09,6.0,New,dev
ALT-W12-03940,12,84,3940,LOW,99.019,Limited,2,1,Velocity anomaly,VEL-01 High absolute velocity,BEH-01 Velocity spike vs own baseline,"VEL-01, BEH-01",weekly transaction count = 6 (contribution +2.33) [VEL-01 fired] | velocity vs own history = 3.938 (contribution +0.38) [BEH-01 fired] | distinct receivers (28d) = 2 (contribution +0.01),278.08000000000004,6.0,New,dev
ALT-W12-01015,12,84,1015,LOW,99.016,Limited,2,1,Velocity anomaly,VEL-01 High absolute velocity,BEH-01 Velocity spike vs own baseline,"VEL-01, BEH-01",weekly transaction count = 6 (contribution +2.33) [VEL-01 fired] | velocity vs own history = 3.889 (contribution +0.37) [BEH-01 fired] | distinct receivers (28d) = 2 (contribution +0.01),435.43,6.0,New,dev
ALT-W12-17718,12,84,17718,LOW,99.016,Limited,2,1,Velocity anomaly,VEL-01 High absolute velocity,BEH-01 Velocity spike vs own baseline,"VEL-01, BEH-01",weekly transaction count = 6 (contribution +2.33) [VEL-01 fired] | velocity vs own history = 3.889 (contribution +0.37) [BEH-01 fired] | distinct receivers (28d) = 2 (contribution +0.01),174.73,6.0,New,dev
ALT-W12-18169,12,84,18169,LOW,99.014,Limited,2,1,Velocity anomaly,VEL-01 High absolute velocity,BEH-01 Velocity spike vs own baseline,"VEL-01, BEH-01",weekly transaction count = 6 (contribution +2.33) [VEL-01 fired] | velocity vs own history = 4 (contribution +0.38) [BEH-01 fired],302.03000000000003,6.0,New,dev
ALT-W13-09998,13,91,9998,CRITICAL,99.978,Strong,4,9,Velocity anomaly,VEL-01 High absolute velocity,"BEH-02 New-counterparty burst, AML-03 Circular flow, NET-01 Fan-in collector, NET-02 Fan-out distributor, NET-03 Flow centrality (PageRank)","VEL-01, BEH-02, AML-03, NET-01, NET-02, NET-03",weekly transaction count = 22 (contribution +4.98) [VEL-01 fired] | circular-flow participation = 4 (contribution +0.81) [AML-03 fired] | distinct receivers (28d) = 55 (contribution +0.09) [NET-02 fired],6724.470000000001,22.0,New,test
ALT-W13-19998,13,91,19998,CRITICAL,99.978,Strong,3,6,Velocity anomaly,VEL-01 High absolute velocity,"BEH-02 New-counterparty burst, NET-01 Fan-in collector, NET-02 Fan-out distributor, NET-03 Flow centrality (PageRank)","VEL-01, BEH-02, NET-01, NET-02, NET-03",weekly transaction count = 29 (contribution +5.58) [VEL-01 fired] | velocity vs own history = 2.143 (contribution +0.14) | distinct receivers (28d) = 56 (contribution +0.09) [NET-02 fired],6547.09,29.0,New,test
ALT-W13-09999,13,91,9999,CRITICAL,99.937,Strong,4,9,Velocity anomaly,VEL-01 High absolute velocity,"BEH-02 New-counterparty burst, AML-03 Circular flow, NET-01 Fan-in collector, NET-02 Fan-out distributor, NET-03 Flow centrality (PageRank)","VEL-01, BEH-02, AML-03, NET-01, NET-02, NET-03",weekly transaction count = 21 (contribution +4.88) [VEL-01 fired] | circular-flow participation = 1 (contribution +0.35) [AML-03 fired] | distinct receivers (28d) = 57 (contribution +0.09) [NET-02 fired],6300.33,21.0,New,test
ALT-W13-19991,13,91,19991,CRITICAL,99.922,Strong,4,6,Velocity anomaly,VEL-01 High absolute velocity,"BEH-02 New-counterparty burst, AML-03 Circular flow, NET-01 Fan-in collector, NET-02 Fan-out distributor, NET-03 Flow centrality (PageRank)","VEL-01, BEH-02, AML-03, NET-01, NET-02, NET-03",weekly transaction count = 17 (contribution +4.44) [VEL-01 fired] | circular-flow participation = 2 (contribution +0.55) [AML-03 fired] | velocity vs own history = 1.8 (contribution +0.08) | distinct receivers (28d) = 28 (contribution +0.07) [NET-02 fired],4482.9,17.0,New,test
ALT-W13-09992,13,91,9992,CRITICAL,99.912,Strong,3,9,Velocity anomaly,VEL-01 High absolute velocity,"BEH-02 New-counterparty burst, NET-01 Fan-in collector, NET-02 Fan-out distributor, NET-03 Flow centrality (PageRank)","VEL-01, BEH-02, NET-01, NET-02, NET-03",weekly transaction count = 22 (contribution +4.98) [VEL-01 fired] | distinct receivers (28d) = 29 (contribution +0.07) [NET-02 fired] | velocity vs own history = 1.611 (contribution +0.04),4916.57,22.0,New,test
ALT-W13-19989,13,91,19989,CRITICAL,99.904,Strong,4,6,Velocity anomaly,VEL-01 High absolute velocity,"BEH-02 New-counterparty burst, AML-01 Rapid pass-through, AML-03 Circular flow, NET-01 Fan-in collector, NET-02 Fan-out distributor, NET-03 Flow centrality (PageRank)","VEL-01, BEH-02, AML-01, AML-03, NET-01, NET-02, NET-03",weekly transaction count = 18 (contribution +4.56) [VEL-01 fired] | circular-flow participation = 1 (contribution +0.35) [AML-03 fired] | velocity vs own history = 1.792 (contribution +0.08) | distinct receivers (28d) = 28 (contribution +0.07) [NET-02 fired],6054.700000000001,18.0,New,test
ALT-W13-19999,13,91,19999,HIGH,99.899,Strong,3,6,Velocity anomaly,VEL-01 High absolute velocity,"BEH-02 New-counterparty burst, NET-01 Fan-in collector, NET-02 Fan-out distributor, NET-03 Flow centrality (PageRank)","VEL-01, BEH-02, NET-01, NET-02, NET-03",weekly transaction count = 21 (contribution +4.88) [VEL-01 fired] | distinct receivers (28d) = 56 (contribution +0.09) [NET-02 fired] | velocity vs own history = 1.692 (contribution +0.06),7307.400000000001,21.0,New,test
ALT-W13-19995,13,91,19995,HIGH,99.892,Strong,3,6,Velocity anomaly,VEL-01 High absolute velocity,"BEH-02 New-counterparty burst, NET-01 Fan-in collector, NET-02 Fan-out distributor, NET-03 Flow centrality (PageRank)","VEL-01, BEH-02, NET-01, NET-02, NET-03",weekly transaction count = 19 (contribution +4.67) [VEL-01 fired] | velocity vs own history = 2.963 (contribution +0.26) | distinct receivers (28d) = 27 (contribution +0.07) [NET-02 fired],4117.66,19.0,New,test
ALT-W13-19979,13,91,19979,HIGH,99.863,Strong,4,7,Velocity anomaly,VEL-01 High absolute velocity,"BEH-02 New-counterparty burst, AML-01 Rapid pass-through, NET-01 Fan-in collector, NET-02 Fan-out distributor, NET-03 Flow centrality (PageRank)","VEL-01, BEH-02, AML-01, NET-01, NET-02, NET-03",weekly transaction count = 19 (contribution +4.67) [VEL-01 fired] | velocity vs own history = 1.905 (contribution +0.10) | distinct receivers (28d) = 29 (contribution +0.07) [NET-02 fired],4273.35,19.0,New,test
ALT-W13-19993,13,91,19993,HIGH,99.86,Strong,4,6,Velocity anomaly,VEL-01 High absolute velocity,"BEH-02 New-counterparty burst, AML-01 Rapid pass-through, AML-03 Circular flow, NET-01 Fan-in collector, NET-02 Fan-out distributor, NET-03 Flow centrality (PageRank)","VEL-01, BEH-02, AML-01, AML-03, NET-01, NET-02, NET-03",weekly transaction count = 16 (contribution +4.31) [VEL-01 fired] | circular-flow participation = 1 (contribution +0.35) [AML-03 fired] | velocity vs own history = 1.838 (contribution +0.08) | distinct receivers (28d) = 27 (contribution +0.07) [NET-02 fired],4875.85,16.0,New,test
ALT-W13-09994,13,91,9994,HIGH,99.855,Strong,5,9,Velocity anomaly,VEL-01 High absolute velocity,"TXN-01 Large transaction, BEH-02 New-counterparty burst, AML-01 Rapid pass-through, NET-01 Fan-in collector, NET-02 Fan-out distributor, NET-03 Flow centrality (PageRank)","TXN-01, VEL-01, BEH-02, AML-01, NET-01, NET-02, NET-03",weekly transaction count = 19 (contribution +4.67) [VEL-01 fired] | distinct receivers (28d) = 28 (contribution +0.07) [NET-02 fired] | velocity vs own history = 1.618 (contribution +0.04),5801.1,19.0,New,test
ALT-W13-09993,13,91,9993,HIGH,99.84,Strong,3,9,Velocity anomaly,VEL-01 High absolute velocity,"BEH-02 New-counterparty burst, NET-01 Fan-in collector, NET-02 Fan-out distributor, NET-03 Flow centrality (PageRank)","VEL-01, BEH-02, NET-01, NET-02, NET-03",weekly transaction count = 19 (contribution +4.67) [VEL-01 fired] | distinct receivers (28d) = 28 (contribution +0.07) [NET-02 fired],5184.26,19.0,New,test
ALT-W13-19990,13,91,19990,HIGH,99.839,Strong,3,7,Velocity anomaly,VEL-01 High absolute velocity,"BEH-02 New-counterparty burst, NET-01 Fan-in collector, NET-02 Fan-out distributor, NET-03 Flow centrality (PageRank)","VEL-01, BEH-02, NET-01, NET-02, NET-03",weekly transaction count = 18 (contribution +4.56) [VEL-01 fired] | velocity vs own history = 1.85 (contribution +0.09) | distinct receivers (28d) = 28 (contribution +0.07) [NET-02 fired],4551.84,18.0,New,test
ALT-W13-09988,13,91,9988,HIGH,99.838,Strong,4,9,Velocity anomaly,VEL-01 High absolute velocity,"BEH-02 New-counterparty burst, AML-01 Rapid pass-through, AML-03 Circular flow, NET-01 Fan-in collector, NET-02 Fan-out distributor, NET-03 Flow centrality (PageRank)","VEL-01, BEH-02, AML-01, AML-03, NET-01, NET-02, NET-03",weekly transaction count = 15 (contribution +4.18) [VEL-01 fired] | circular-flow participation = 2 (contribution +0.55) [AML-03 fired] | distinct receivers (28d) = 28 (contribution +0.07) [NET-02 fired],4629.73,15.0,New,test
ALT-W13-09997,13,91,9997,HIGH,99.837,Strong,4,9,Velocity anomaly,VEL-01 High absolute velocity,"TXN-01 Large transaction, BEH-02 New-counterparty burst, NET-01 Fan-in collector, NET-02 Fan-out distributor","TXN-01, VEL-01, BEH-02, NET-01, NET-02",weekly transaction count = 18 (contribution +4.56) [VEL-01 fired] | distinct receivers (28d) = 28 (contribution +0.07) [NET-02 fired] | velocity vs own history = 1.727 (contribution +0.06),5298.34,18.0,New,test
ALT-W13-19997,13,91,19997,HIGH,99.809,Strong,4,6,Velocity anomaly,VEL-01 High absolute velocity,"BEH-02 New-counterparty burst, AML-01 Rapid pass-through, AML-03 Circular flow, NET-01 Fan-in collector, NET-02 Fan-out distributor, NET-03 Flow centrality (PageRank)","VEL-01, BEH-02, AML-01, AML-03, NET-01, NET-02, NET-03",weekly transaction count = 14 (contribution +4.03) [VEL-01 fired] | circular-flow participation = 1 (contribution +0.35) [AML-03 fired] | distinct receivers (28d) = 28 (contribution +0.07) [NET-02 fired] | velocity vs own history = 1.714 (contribution +0.06),4508.4,14.0,New,test
ALT-W13-09991,13,91,9991,HIGH,99.8,Strong,4,9,Velocity anomaly,VEL-01 High absolute velocity,"BEH-02 New-counterparty burst, AML-01 Rapid pass-through, NET-01 Fan-in collector, NET-02 Fan-out distributor, NET-03 Flow centrality (PageRank)","VEL-01, BEH-02, AML-01, NET-01, NET-02, NET-03",weekly transaction count = 17 (contribution +4.44) [VEL-01 fired] | distinct receivers (28d) = 28 (contribution +0.07) [NET-02 fired],5415.82,17.0,New,test
ALT-W13-19992,13,91,19992,HIGH,99.798,Strong,4,8,Velocity anomaly,VEL-01 High absolute velocity,"BEH-02 New-counterparty burst, AML-01 Rapid pass-through, NET-01 Fan-in collector, NET-02 Fan-out distributor, NET-03 Flow centrality (PageRank)","VEL-01, BEH-02, AML-01, NET-01, NET-02, NET-03",weekly transaction count = 16 (contribution +4.31) [VEL-01 fired] | velocity vs own history = 1.833 (contribution +0.08) | distinct receivers (28d) = 28 (contribution +0.07) [NET-02 fired],5300.530000000001,16.0,New,test
ALT-W13-19996,13,91,19996,HIGH,99.793,Strong,3,6,Velocity anomaly,VEL-01 High absolute velocity,"BEH-02 New-counterparty burst, NET-01 Fan-in collector, NET-02 Fan-out distributor, NET-03 Flow centrality (PageRank)","VEL-01, BEH-02, NET-01, NET-02, NET-03",weekly transaction count = 15 (contribution +4.18) [VEL-01 fired] | velocity vs own history = 2.105 (contribution +0.13) | distinct receivers (28d) = 28 (contribution +0.07) [NET-02 fired],3336.67,15.0,New,test
ALT-W13-09980,13,91,9980,HIGH,99.774,Strong,3,9,Velocity anomaly,VEL-01 High absolute velocity,"BEH-02 New-counterparty burst, NET-01 Fan-in collector, NET-02 Fan-out distributor","VEL-01, BEH-02, NET-01, NET-02",weekly transaction count = 15 (contribution +4.18) [VEL-01 fired] | distinct receivers (28d) = 28 (contribution +0.07) [NET-02 fired] | velocity vs own history = 1.485 (contribution +0.01),4664.43,15.0,New,test
ALT-W13-09995,13,91,9995,HIGH,99.773,Strong,4,9,Velocity anomaly,VEL-01 High absolute velocity,"BEH-02 New-counterparty burst, AML-01 Rapid pass-through, NET-01 Fan-in collector, NET-02 Fan-out distributor, NET-03 Flow centrality (PageRank)","VEL-01, BEH-02, AML-01, NET-01, NET-02, NET-03",weekly transaction count = 15 (contribution +4.18) [VEL-01 fired] | distinct receivers (28d) = 28 (contribution +0.07) [NET-02 fired],4708.290000000001,15.0,New,test
ALT-W13-09996,13,91,9996,HIGH,99.766,Strong,4,9,Velocity anomaly,VEL-01 High absolute velocity,"BEH-02 New-counterparty burst, AML-01 Rapid pass-through, NET-01 Fan-in collector, NET-02 Fan-out distributor, NET-03 Flow centrality (PageRank)","VEL-01, BEH-02, AML-01, NET-01, NET-02, NET-03",weekly transaction count = 15 (contribution +4.18) [VEL-01 fired] | distinct receivers (28d) = 28 (contribution +0.07) [NET-02 fired],4737.98,15.0,New,test
ALT-W13-09686,13,91,9686,HIGH,99.759,Moderate,3,2,Velocity anomaly,VEL-01 High absolute velocity,"BEH-01 Velocity spike vs own baseline, BEH-02 New-counterparty burst, NET-02 Fan-out distributor","VEL-01, BEH-01, BEH-02, NET-02",weekly transaction count = 12 (contribution +3.71) [VEL-01 fired] | velocity vs own history = 4.206 (contribution +0.40) [BEH-01 fired] | distinct receivers (28d) = 10 (contribution +0.04) [NET-02 fired],1842.2600000000002,12.0,New,test
ALT-W13-09987,13,91,9987,HIGH,99.759,Strong,3,9,Velocity anomaly,VEL-01 High absolute velocity,"BEH-02 New-counterparty burst, NET-01 Fan-in collector, NET-02 Fan-out distributor, NET-03 Flow centrality (PageRank)","VEL-01, BEH-02, NET-01, NET-02, NET-03",weekly transaction count = 15 (contribution +4.18) [VEL-01 fired] | distinct receivers (28d) = 28 (contribution +0.07) [NET-02 fired],4125.530000000001,15.0,New,test
ALT-W13-09990,13,91,9990,HIGH,99.759,Strong,3,9,Velocity anomaly,VEL-01 High absolute velocity,"BEH-02 New-counterparty burst, NET-01 Fan-in collector, NET-02 Fan-out distributor, NET-03 Flow centrality (PageRank)","VEL-01, BEH-02, NET-01, NET-02, NET-03",weekly transaction count = 15 (contribution +4.18) [VEL-01 fired] | distinct receivers (28d) = 28 (contribution +0.07) [NET-02 fired],3531.21,15.0,New,test
ALT-W13-19980,13,91,19980,HIGH,99.759,Strong,4,7,Velocity anomaly,VEL-01 High absolute velocity,"BEH-02 New-counterparty burst, AML-01 Rapid pass-through, NET-01 Fan-in collector, NET-02 Fan-out distributor, NET-03 Flow centrality (PageRank)","VEL-01, BEH-02, AML-01, NET-01, NET-02, NET-03",weekly transaction count = 14 (contribution +4.03) [VEL-01 fired] | distinct receivers (28d) = 28 (contribution +0.07) [NET-02 fired] | velocity vs own history = 1.731 (contribution +0.06),3180.48,14.0,New,test
ALT-W13-09981,13,91,9981,HIGH,99.755,Strong,3,8,Velocity anomaly,VEL-01 High absolute velocity,"BEH-02 New-counterparty burst, NET-01 Fan-in collector, NET-02 Fan-out distributor, NET-03 Flow centrality (PageRank)","VEL-01, BEH-02, NET-01, NET-02, NET-03",weekly transaction count = 14 (contribution +4.03) [VEL-01 fired] | distinct receivers (28d) = 28 (contribution +0.07) [NET-02 fired] | velocity vs own history = 1.596 (contribution +0.04),3322.06,14.0,New,test
ALT-W13-19981,13,91,19981,HIGH,99.71,Strong,4,6,Velocity anomaly,VEL-01 High absolute velocity,"BEH-02 New-counterparty burst, AML-03 Circular flow, NET-01 Fan-in collector, NET-02 Fan-out distributor, NET-03 Flow centrality (PageRank)","VEL-01, BEH-02, AML-03, NET-01, NET-02, NET-03",weekly transaction count = 11 (contribution +3.53) [VEL-01 fired] | circular-flow participation = 1 (contribution +0.35) [AML-03 fired] | distinct receivers (28d) = 28 (contribution +0.07) [NET-02 fired] | velocity vs own history = 1.479 (contribution +0.01),3835.7,11.0,New,test
ALT-W13-19994,13,91,19994,HIGH,99.708,Strong,4,6,Velocity anomaly,VEL-01 High absolute velocity,"BEH-02 New-counterparty burst, AML-01 Rapid pass-through, NET-01 Fan-in collector, NET-02 Fan-out distributor, NET-03 Flow centrality (PageRank)","VEL-01, BEH-02, AML-01, NET-01, NET-02, NET-03",weekly transaction count = 13 (contribution +3.88) [VEL-01 fired] | distinct receivers (28d) = 28 (contribution +0.07) [NET-02 fired] | velocity vs own history = 1.426 (contribution +0.00),4196.42,13.0,New,test
ALT-W13-19984,13,91,19984,MEDIUM,99.7,Strong,3,8,Velocity anomaly,VEL-01 High absolute velocity,"BEH-02 New-counterparty burst, NET-01 Fan-in collector, NET-02 Fan-out distributor, NET-03 Flow centrality (PageRank)","VEL-01, BEH-02, NET-01, NET-02, NET-03",weekly transaction count = 13 (contribution +3.88) [VEL-01 fired] | distinct receivers (28d) = 28 (contribution +0.07) [NET-02 fired],4233.46,13.0,New,test
ALT-W13-19986,13,91,19986,MEDIUM,99.662,Strong,3,7,Velocity anomaly,VEL-01 High absolute velocity,"BEH-02 New-counterparty burst, NET-01 Fan-in collector, NET-02 Fan-out distributor","VEL-01, BEH-02, NET-01, NET-02",weekly transaction count = 12 (contribution +3.71) [VEL-01 fired] | distinct receivers (28d) = 28 (contribution +0.07) [NET-02 fired],4186.08,12.0,New,test
ALT-W13-09960,13,91,9960,MEDIUM,99.64,Moderate,3,2,Velocity anomaly,VEL-01 High absolute velocity,"BEH-02 New-counterparty burst, NET-01 Fan-in collector, NET-03 Flow centrality (PageRank)","VEL-01, BEH-02, NET-01, NET-03",weekly transaction count = 11 (contribution +3.53) [VEL-01 fired] | velocity vs own history = 2.25 (contribution +0.16),1485.06,11.0,New,test
ALT-W13-09965,13,91,9965,MEDIUM,99.638,Limited,3,1,Velocity anomaly,VEL-01 High absolute velocity,"BEH-01 Velocity spike vs own baseline, BEH-02 New-counterparty burst, NET-01 Fan-in collector, NET-03 Flow centrality (PageRank)","VEL-01, BEH-01, BEH-02, NET-01, NET-03",weekly transaction count = 10 (contribution +3.34) [VEL-01 fired] | velocity vs own history = 3.536 (contribution +0.33) [BEH-01 fired],2401.66,10.0,New,test
ALT-W13-18930,13,91,18930,MEDIUM,99.627,Limited,3,1,Velocity anomaly,VEL-01 High absolute velocity,"BEH-01 Velocity spike vs own baseline, NET-02 Fan-out distributor","VEL-01, BEH-01, NET-02",weekly transaction count = 9 (contribution +3.13) [VEL-01 fired] | velocity vs own history = 4.8 (contribution +0.46) [BEH-01 fired] | distinct receivers (28d) = 8 (contribution +0.04) [NET-02 fired],1607.3200000000002,9.0,New,test
ALT-W13-19982,13,91,19982,MEDIUM,99.624,Strong,3,6,Velocity anomaly,VEL-01 High absolute velocity,"BEH-02 New-counterparty burst, NET-01 Fan-in collector, NET-02 Fan-out distributor, NET-03 Flow centrality (PageRank)","VEL-01, BEH-02, NET-01, NET-02, NET-03",weekly transaction count = 11 (contribution +3.53) [VEL-01 fired] | distinct receivers (28d) = 28 (contribution +0.07) [NET-02 fired] | velocity vs own history = 1.459 (contribution +0.01),3512.53,11.0,New,test
ALT-W13-19983,13,91,19983,MEDIUM,99.624,Strong,3,6,Velocity anomaly,VEL-01 High absolute velocity,"BEH-02 New-counterparty burst, NET-01 Fan-in collector, NET-02 Fan-out distributor","VEL-01, BEH-02, NET-01, NET-02",weekly transaction count = 11 (contribution +3.53) [VEL-01 fired] | distinct receivers (28d) = 28 (contribution +0.07) [NET-02 fired] | velocity vs own history = 1.455 (contribution +0.01),3492.64,11.0,New,test
ALT-W13-19751,13,91,19751,MEDIUM,99.622,Limited,2,1,Velocity anomaly,VEL-01 High absolute velocity,NET-02 Fan-out distributor,"VEL-01, NET-02",weekly transaction count = 10 (contribution +3.34) [VEL-01 fired] | velocity vs own history = 2.75 (contribution +0.23) | distinct receivers (28d) = 8 (contribution +0.04) [NET-02 fired],1359.06,10.0,New,test
ALT-W13-09983,13,91,9983,MEDIUM,99.62,Strong,4,6,Velocity anomaly,VEL-01 High absolute velocity,"TXN-01 Large transaction, BEH-02 New-counterparty burst, NET-02 Fan-out distributor","TXN-01, VEL-01, BEH-02, NET-02",weekly transaction count = 11 (contribution +3.53) [VEL-01 fired] | distinct receivers (28d) = 28 (contribution +0.07) [NET-02 fired],4069.7200000000003,11.0,New,test
ALT-W13-09978,13,91,9978,MEDIUM,99.606,Strong,3,8,Velocity anomaly,VEL-01 High absolute velocity,"BEH-02 New-counterparty burst, NET-01 Fan-in collector, NET-02 Fan-out distributor","VEL-01, BEH-02, NET-01, NET-02",weekly transaction count = 11 (contribution +3.53) [VEL-01 fired] | distinct receivers (28d) = 28 (contribution +0.07) [NET-02 fired],3866.38,11.0,New,test
ALT-W13-19160,13,91,19160,MEDIUM,99.603,Limited,3,1,Velocity anomaly,VEL-01 High absolute velocity,"BEH-01 Velocity spike vs own baseline, AML-01 Rapid pass-through","VEL-01, BEH-01, AML-01",weekly transaction count = 9 (contribution +3.13) [VEL-01 fired] | velocity vs own history = 3.846 (contribution +0.37) [BEH-01 fired] | distinct receivers (28d) = 4 (contribution +0.02),1854.63,9.0,New,test
ALT-W13-18693,13,91,18693,MEDIUM,99.595,Limited,2,1,Velocity anomaly,VEL-01 High absolute velocity,BEH-01 Velocity spike vs own baseline,"VEL-01, BEH-01",weekly transaction count = 9 (contribution +3.13) [VEL-01 fired] | velocity vs own history = 3.667 (contribution +0.35) [BEH-01 fired] | distinct receivers (28d) = 4 (contribution +0.02),1342.24,9.0,New,test
ALT-W13-09989,13,91,9989,MEDIUM,99.58,Strong,3,9,Velocity anomaly,VEL-01 High absolute velocity,"BEH-02 New-counterparty burst, NET-01 Fan-in collector, NET-02 Fan-out distributor, NET-03 Flow centrality (PageRank)","VEL-01, BEH-02, NET-01, NET-02, NET-03",weekly transaction count = 11 (contribution +3.53) [VEL-01 fired] | distinct receivers (28d) = 28 (contribution +0.07) [NET-02 fired],2643.85,11.0,New,test
ALT-W13-09982,13,91,9982,MEDIUM,99.566,Strong,3,8,Velocity anomaly,VEL-01 High absolute velocity,"BEH-02 New-counterparty burst, NET-02 Fan-out distributor","VEL-01, BEH-02, NET-02",weekly transaction count = 10 (contribution +3.34) [VEL-01 fired] | distinct receivers (28d) = 28 (contribution +0.07) [NET-02 fired],3670.67,10.0,New,test
ALT-W13-19985,13,91,19985,MEDIUM,99.534,Strong,3,9,Velocity anomaly,VEL-01 High absolute velocity,"BEH-02 New-counterparty burst, NET-01 Fan-in collector, NET-02 Fan-out distributor, NET-03 Flow centrality (PageRank)","VEL-01, BEH-02, NET-01, NET-02, NET-03",weekly transaction count = 10 (contribution +3.34) [VEL-01 fired] | distinct receivers (28d) = 28 (contribution +0.07) [NET-02 fired],2932.9300000000003,10.0,New,test
ALT-W13-19988,13,91,19988,MEDIUM,99.533,Strong,3,7,Velocity anomaly,VEL-01 High absolute velocity,"BEH-02 New-counterparty burst, NET-01 Fan-in collector, NET-02 Fan-out distributor, NET-03 Flow centrality (PageRank)","VEL-01, BEH-02, NET-01, NET-02, NET-03",weekly transaction count = 10 (contribution +3.34) [VEL-01 fired] | distinct receivers (28d) = 28 (contribution +0.07) [NET-02 fired],3716.4100000000003,10.0,New,test
ALT-W13-05005,13,91,5005,MEDIUM,99.521,Limited,2,1,Velocity anomaly,VEL-01 High absolute velocity,BEH-01 Velocity spike vs own baseline,"VEL-01, BEH-01",weekly transaction count = 8 (contribution +2.89) [VEL-01 fired] | velocity vs own history = 4.05 (contribution +0.39) [BEH-01 fired] | distinct receivers (28d) = 4 (contribution +0.02),1642.3899999999999,8.0,New,test
ALT-W13-12333,13,91,12333,MEDIUM,99.478,Limited,2,1,Velocity anomaly,VEL-01 High absolute velocity,BEH-01 Velocity spike vs own baseline,"VEL-01, BEH-01",weekly transaction count = 7 (contribution +2.63) [VEL-01 fired] | velocity vs own history = 6.222 (contribution +0.58) [BEH-01 fired] | distinct receivers (28d) = 4 (contribution +0.02),380.94000000000005,7.0,New,test
ALT-W13-09986,13,91,9986,MEDIUM,99.473,Strong,3,9,Velocity anomaly,VEL-01 High absolute velocity,"BEH-02 New-counterparty burst, NET-01 Fan-in collector, NET-02 Fan-out distributor, NET-03 Flow centrality (PageRank)","VEL-01, BEH-02, NET-01, NET-02, NET-03",weekly transaction count = 10 (contribution +3.34) [VEL-01 fired] | distinct receivers (28d) = 28 (contribution +0.07) [NET-02 fired],2575.9300000000003,10.0,New,test
ALT-W13-19959,13,91,19959,MEDIUM,99.472,Strong,3,3,Velocity anomaly,VEL-01 High absolute velocity,"BEH-02 New-counterparty burst, NET-01 Fan-in collector","VEL-01, BEH-02, NET-01",weekly transaction count = 9 (contribution +3.13) [VEL-01 fired] | velocity vs own history = 2 (contribution +0.11),2464.53,9.0,New,test
ALT-W13-08847,13,91,8847,MEDIUM,99.47,Moderate,1,2,Velocity anomaly,VEL-01 High absolute velocity,,VEL-01,weekly transaction count = 8 (contribution +2.89) [VEL-01 fired] | velocity vs own history = 3.24 (contribution +0.30) | distinct receivers (28d) = 4 (contribution +0.02),1586.53,8.0,New,test
ALT-W13-09894,13,91,9894,MEDIUM,99.441,Moderate,3,2,Velocity anomaly,VEL-01 High absolute velocity,"BEH-02 New-counterparty burst, NET-01 Fan-in collector","VEL-01, BEH-02, NET-01",weekly transaction count = 8 (contribution +2.89) [VEL-01 fired] | velocity vs own history = 3.176 (contribution +0.29),2608.23,8.0,New,test
ALT-W13-09964,13,91,9964,MEDIUM,99.436,Limited,3,1,Velocity anomaly,VEL-01 High absolute velocity,"BEH-02 New-counterparty burst, NET-01 Fan-in collector","VEL-01, BEH-02, NET-01",weekly transaction count = 8 (contribution +2.89) [VEL-01 fired] | velocity vs own history = 3.115 (contribution +0.28),2265.66,8.0,New,test
ALT-W13-08601,13,91,8601,LOW,99.375,Limited,2,1,Velocity anomaly,VEL-01 High absolute velocity,"BEH-01 Velocity spike vs own baseline, BEH-02 New-counterparty burst","VEL-01, BEH-01, BEH-02",weekly transaction count = 7 (contribution +2.63) [VEL-01 fired] | velocity vs own history = 4 (contribution +0.38) [BEH-01 fired] | distinct receivers (28d) = 6 (contribution +0.03),2389.76,7.0,New,test
ALT-W13-19987,13,91,19987,LOW,99.367,Strong,4,9,Velocity anomaly,VEL-01 High absolute velocity,"BEH-02 New-counterparty burst, AML-01 Rapid pass-through, NET-01 Fan-in collector, NET-02 Fan-out distributor, NET-03 Flow centrality (PageRank)","VEL-01, BEH-02, AML-01, NET-01, NET-02, NET-03",weekly transaction count = 9 (contribution +3.13) [VEL-01 fired] | distinct receivers (28d) = 28 (contribution +0.07) [NET-02 fired],2467.2400000000002,9.0,New,test
ALT-W13-09985,13,91,9985,LOW,99.349,Strong,3,9,Velocity anomaly,VEL-01 High absolute velocity,"BEH-02 New-counterparty burst, NET-01 Fan-in collector, NET-02 Fan-out distributor","VEL-01, BEH-02, NET-01, NET-02",weekly transaction count = 9 (contribution +3.13) [VEL-01 fired] | distinct receivers (28d) = 28 (contribution +0.07) [NET-02 fired],2907.86,9.0,New,test
ALT-W13-07143,13,91,7143,LOW,99.255,Limited,1,1,Velocity anomaly,VEL-01 High absolute velocity,,VEL-01,weekly transaction count = 7 (contribution +2.63) [VEL-01 fired] | velocity vs own history = 3.2 (contribution +0.29) | distinct receivers (28d) = 4 (contribution +0.02),1043.96,7.0,New,test
ALT-W13-19678,13,91,19678,LOW,99.234,Moderate,1,2,Velocity anomaly,VEL-01 High absolute velocity,,VEL-01,weekly transaction count = 7 (contribution +2.63) [VEL-01 fired] | velocity vs own history = 3.13 (contribution +0.28) | distinct receivers (28d) = 2 (contribution +0.01),651.25,7.0,New,test
ALT-W13-06450,13,91,6450,LOW,99.224,Limited,2,1,Velocity anomaly,VEL-01 High absolute velocity,AML-03 Circular flow,"VEL-01, AML-03",weekly transaction count = 6 (contribution +2.33) [VEL-01 fired] | circular-flow participation = 1 (contribution +0.35) [AML-03 fired] | velocity vs own history = 2.655 (contribution +0.22) | distinct receivers (28d) = 2 (contribution +0.01),398.44,6.0,New,test
ALT-W13-19526,13,91,19526,LOW,99.215,Limited,3,1,Velocity anomaly,VEL-01 High absolute velocity,"TXN-01 Large transaction, BEH-02 New-counterparty burst","TXN-01, VEL-01, BEH-02",weekly transaction count = 7 (contribution +2.63) [VEL-01 fired] | velocity vs own history = 2.783 (contribution +0.24) | distinct receivers (28d) = 6 (contribution +0.03),1612.1599999999999,7.0,New,test
ALT-W13-09432,13,91,9432,LOW,99.208,Limited,2,1,Velocity anomaly,VEL-01 High absolute velocity,NET-03 Flow centrality (PageRank),"VEL-01, NET-03",weekly transaction count = 7 (contribution +2.63) [VEL-01 fired] | velocity vs own history = 3 (contribution +0.26),604.43,7.0,New,test
ALT-W13-18603,13,91,18603,LOW,99.192,Limited,1,1,Velocity anomaly,VEL-01 High absolute velocity,,VEL-01,weekly transaction count = 7 (contribution +2.63) [VEL-01 fired] | velocity vs own history = 2.667 (contribution +0.22) | distinct receivers (28d) = 5 (contribution +0.03),567.9699999999999,7.0,New,test
ALT-W13-19525,13,91,19525,LOW,99.188,Moderate,3,2,Velocity anomaly,VEL-01 High absolute velocity,"BEH-02 New-counterparty burst, NET-02 Fan-out distributor","VEL-01, BEH-02, NET-02",weekly transaction count = 7 (contribution +2.63) [VEL-01 fired] | velocity vs own history = 2.581 (contribution +0.21) | distinct receivers (28d) = 8 (contribution +0.04) [NET-02 fired],1490.63,7.0,New,test
ALT-W13-09818,13,91,9818,LOW,99.186,Limited,3,1,Velocity anomaly,VEL-01 High absolute velocity,"BEH-02 New-counterparty burst, NET-02 Fan-out distributor","VEL-01, BEH-02, NET-02",weekly transaction count = 7 (contribution +2.63) [VEL-01 fired] | velocity vs own history = 2.571 (contribution +0.21) | distinct receivers (28d) = 7 (contribution +0.03) [NET-02 fired],2453.96,7.0,New,test
ALT-W13-09190,13,91,9190,LOW,99.174,Moderate,1,2,Velocity anomaly,VEL-01 High absolute velocity,,VEL-01,weekly transaction count = 7 (contribution +2.63) [VEL-01 fired] | velocity vs own history = 2.5 (contribution +0.19) | distinct receivers (28d) = 4 (contribution +0.02),1004.9,7.0,New,test
ALT-W13-17971,13,91,17971,LOW,99.162,Moderate,1,2,Velocity anomaly,VEL-01 High absolute velocity,,VEL-01,weekly transaction count = 7 (contribution +2.63) [VEL-01 fired] | velocity vs own history = 2.545 (contribution +0.20) | distinct receivers (28d) = 2 (contribution +0.01),707.79,7.0,New,test
ALT-W13-06099,13,91,6099,LOW,99.158,Limited,2,1,Velocity anomaly,VEL-01 High absolute velocity,BEH-01 Velocity spike vs own baseline,"VEL-01, BEH-01",weekly transaction count = 6 (contribution +2.33) [VEL-01 fired] | velocity vs own history = 5.25 (contribution +0.50) [BEH-01 fired],207.66,6.0,New,test
ALT-W13-09609,13,91,9609,LOW,99.155,Limited,3,1,Velocity anomaly,VEL-01 High absolute velocity,"BEH-02 New-counterparty burst, NET-02 Fan-out distributor","VEL-01, BEH-02, NET-02",weekly transaction count = 7 (contribution +2.63) [VEL-01 fired] | velocity vs own history = 2.286 (contribution +0.16) | distinct receivers (28d) = 7 (contribution +0.03) [NET-02 fired],2546.07,7.0,New,test
ALT-W13-19767,13,91,19767,LOW,99.144,Moderate,3,2,Velocity anomaly,VEL-01 High absolute velocity,"TXN-01 Large transaction, BEH-02 New-counterparty burst","TXN-01, VEL-01, BEH-02",weekly transaction count = 7 (contribution +2.63) [VEL-01 fired] | velocity vs own history = 2.207 (contribution +0.15) | distinct receivers (28d) = 6 (contribution +0.03),2380.2000000000003,7.0,New,test
ALT-W13-14177,13,91,14177,LOW,99.135,Limited,2,1,Velocity anomaly,VEL-01 High absolute velocity,BEH-01 Velocity spike vs own baseline,"VEL-01, BEH-01",weekly transaction count = 6 (contribution +2.33) [VEL-01 fired] | velocity vs own history = 4.846 (contribution +0.46) [BEH-01 fired] | distinct receivers (28d) = 2 (contribution +0.01),183.0,6.0,New,test
ALT-W13-14144,13,91,14144,LOW,99.122,Limited,2,1,Velocity anomaly,VEL-01 High absolute velocity,BEH-01 Velocity spike vs own baseline,"VEL-01, BEH-01",weekly transaction count = 6 (contribution +2.33) [VEL-01 fired] | velocity vs own history = 4.846 (contribution +0.46) [BEH-01 fired],150.59,6.0,New,test
ALT-W13-00553,13,91,553,LOW,99.105,Limited,2,1,Velocity anomaly,VEL-01 High absolute velocity,BEH-01 Velocity spike vs own baseline,"VEL-01, BEH-01",weekly transaction count = 6 (contribution +2.33) [VEL-01 fired] | velocity vs own history = 4.667 (contribution +0.45) [BEH-01 fired],313.95000000000005,6.0,New,test
ALT-W13-13275,13,91,13275,LOW,99.105,Limited,2,1,Velocity anomaly,VEL-01 High absolute velocity,BEH-01 Velocity spike vs own baseline,"VEL-01, BEH-01",weekly transaction count = 6 (contribution +2.33) [VEL-01 fired] | velocity vs own history = 4.667 (contribution +0.45) [BEH-01 fired],223.17000000000002,6.0,New,test
ALT-W13-06554,13,91,6554,LOW,99.095,Limited,2,1,Velocity anomaly,VEL-01 High absolute velocity,BEH-01 Velocity spike vs own baseline,"VEL-01, BEH-01",weekly transaction count = 6 (contribution +2.33) [VEL-01 fired] | velocity vs own history = 4.375 (contribution +0.42) [BEH-01 fired] | distinct receivers (28d) = 3 (contribution +0.01),372.26,6.0,New,test
ALT-W13-09963,13,91,9963,LOW,99.086,Moderate,3,2,Velocity anomaly,VEL-01 High absolute velocity,"BEH-02 New-counterparty burst, NET-01 Fan-in collector, NET-03 Flow centrality (PageRank)","VEL-01, BEH-02, NET-01, NET-03",weekly transaction count = 7 (contribution +2.63) [VEL-01 fired] | velocity vs own history = 2.256 (contribution +0.16),2069.4,7.0,New,test
ALT-W13-19934,13,91,19934,LOW,99.079,Moderate,1,2,Velocity anomaly,VEL-01 High absolute velocity,,VEL-01,weekly transaction count = 7 (contribution +2.63) [VEL-01 fired] | velocity vs own history = 2.105 (contribution +0.13),606.1,7.0,New,test
ALT-W13-09694,13,91,9694,LOW,99.077,Limited,2,1,Velocity anomaly,VEL-01 High absolute velocity,BEH-01 Velocity spike vs own baseline,"VEL-01, BEH-01",weekly transaction count = 6 (contribution +2.33) [VEL-01 fired] | velocity vs own history = 4.667 (contribution +0.45) [BEH-01 fired],343.79999999999995,6.0,New,test
ALT-W13-08190,13,91,8190,LOW,99.075,Limited,2,1,Velocity anomaly,VEL-01 High absolute velocity,BEH-01 Velocity spike vs own baseline,"VEL-01, BEH-01",weekly transaction count = 6 (contribution +2.33) [VEL-01 fired] | velocity vs own history = 4.308 (contribution +0.41) [BEH-01 fired] | distinct receivers (28d) = 2 (contribution +0.01),427.15999999999997,6.0,New,test
ALT-W13-09962,13,91,9962,LOW,99.03,Limited,3,1,Velocity anomaly,VEL-01 High absolute velocity,"BEH-02 New-counterparty burst, NET-01 Fan-in collector","VEL-01, BEH-02, NET-01",weekly transaction count = 7 (contribution +2.63) [VEL-01 fired] | velocity vs own history = 2.051 (contribution +0.12),1747.9,7.0,New,test
ALT-W13-04227,13,91,4227,LOW,99.016,Limited,2,1,Velocity anomaly,VEL-01 High absolute velocity,BEH-01 Velocity spike vs own baseline,"VEL-01, BEH-01",weekly transaction count = 6 (contribution +2.33) [VEL-01 fired] | velocity vs own history = 3.889 (contribution +0.37) [BEH-01 fired] | distinct receivers (28d) = 2 (contribution +0.01),122.28,6.0,New,test
ALT-W13-09976,13,91,9976,LOW,99.006,Strong,3,4,Velocity anomaly,VEL-01 High absolute velocity,"BEH-02 New-counterparty burst, NET-01 Fan-in collector, NET-03 Flow centrality (PageRank)","VEL-01, BEH-02, NET-01, NET-03",weekly transaction count = 7 (contribution +2.63) [VEL-01 fired] | velocity vs own history = 1.913 (contribution +0.10),2192.87,7.0,New,test
ALT-W14-09998,14,98,9998,CRITICAL,100.0,Strong,4,10,Velocity anomaly,VEL-01 High absolute velocity,"BEH-02 New-counterparty burst, AML-01 Rapid pass-through, AML-03 Circular flow, NET-01 Fan-in collector, NET-02 Fan-out distributor, NET-03 Flow centrality (PageRank)","VEL-01, BEH-02, AML-01, AML-03, NET-01, NET-02, NET-03",weekly transaction count = 36 (contribution +6.04) [VEL-01 fired] | circular-flow participation = 4 (contribution +0.81) [AML-03 fired] | distinct receivers (28d) = 55 (contribution +0.09) [NET-02 fired] | velocity vs own history = 1.779 (contribution +0.07),10674.46,36.0,New,test
ALT-W14-19993,14,98,19993,CRITICAL,100.0,Strong,4,7,Velocity anomaly,VEL-01 High absolute velocity,"BEH-01 Velocity spike vs own baseline, BEH-02 New-counterparty burst, AML-01 Rapid pass-through, AML-03 Circular flow, NET-01 Fan-in collector, NET-02 Fan-out distributor, NET-03 Flow centrality (PageRank)","VEL-01, BEH-01, BEH-02, AML-01, AML-03, NET-01, NET-02, NET-03",weekly transaction count = 36 (contribution +6.04) [VEL-01 fired] | velocity vs own history = 3.758 (contribution +0.36) [BEH-01 fired] | circular-flow participation = 1 (contribution +0.35) [AML-03 fired] | distinct receivers (28d) = 27 (contribution +0.07) [NET-02 fired],7928.610000000001,36.0,New,test
ALT-W14-19998,14,98,19998,CRITICAL,99.982,Strong,4,7,Velocity anomaly,VEL-01 High absolute velocity,"BEH-02 New-counterparty burst, AML-03 Circular flow, NET-01 Fan-in collector, NET-02 Fan-out distributor, NET-03 Flow centrality (PageRank)","VEL-01, BEH-02, AML-03, NET-01, NET-02, NET-03",weekly transaction count = 27 (contribution +5.42) [VEL-01 fired] | circular-flow participation = 1 (contribution +0.35) [AML-03 fired] | distinct receivers (28d) = 56 (contribution +0.09) [NET-02 fired] | velocity vs own history = 1.75 (contribution +0.07),7971.31,27.0,New,test
ALT-W14-19999,14,98,19999,CRITICAL,99.964,Strong,3,7,Velocity anomaly,VEL-01 High absolute velocity,"BEH-02 New-counterparty burst, NET-01 Fan-in collector, NET-02 Fan-out distributor, NET-03 Flow centrality (PageRank)","VEL-01, BEH-02, NET-01, NET-02, NET-03",weekly transaction count = 27 (contribution +5.42) [VEL-01 fired] | velocity vs own history = 2 (contribution +0.11) | distinct receivers (28d) = 56 (contribution +0.09) [NET-02 fired],8530.240000000002,27.0,New,test
ALT-W14-09999,14,98,9999,CRITICAL,99.962,Strong,3,10,Velocity anomaly,VEL-01 High absolute velocity,"BEH-02 New-counterparty burst, NET-01 Fan-in collector, NET-02 Fan-out distributor, NET-03 Flow centrality (PageRank)","VEL-01, BEH-02, NET-01, NET-02, NET-03",weekly transaction count = 28 (contribution +5.50) [VEL-01 fired] | distinct receivers (28d) = 57 (contribution +0.09) [NET-02 fired] | velocity vs own history = 1.429 (contribution +0.00),8928.0,28.0,New,test
ALT-W14-19995,14,98,19995,CRITICAL,99.957,Strong,3,7,Velocity anomaly,VEL-01 High absolute velocity,"BEH-02 New-counterparty burst, NET-01 Fan-in collector, NET-02 Fan-out distributor, NET-03 Flow centrality (PageRank)","VEL-01, BEH-02, NET-01, NET-02, NET-03",weekly transaction count = 23 (contribution +5.08) [VEL-01 fired] | velocity vs own history = 3.089 (contribution +0.28) | distinct receivers (28d) = 28 (contribution +0.07) [NET-02 fired],4650.0599999999995,23.0,New,test
ALT-W14-19997,14,98,19997,CRITICAL,99.957,Strong,3,7,Velocity anomaly,VEL-01 High absolute velocity,"BEH-02 New-counterparty burst, NET-01 Fan-in collector, NET-02 Fan-out distributor, NET-03 Flow centrality (PageRank)","VEL-01, BEH-02, NET-01, NET-02, NET-03",weekly transaction count = 24 (contribution +5.17) [VEL-01 fired] | velocity vs own history = 2.647 (contribution +0.22) | distinct receivers (28d) = 28 (contribution +0.07) [NET-02 fired],6135.25,24.0,New,test
ALT-W14-09997,14,98,9997,CRITICAL,99.902,Strong,4,10,Velocity anomaly,VEL-01 High absolute velocity,"BEH-02 New-counterparty burst, AML-01 Rapid pass-through, NET-01 Fan-in collector, NET-02 Fan-out distributor, NET-03 Flow centrality (PageRank)","VEL-01, BEH-02, AML-01, NET-01, NET-02, NET-03",weekly transaction count = 21 (contribution +4.88) [VEL-01 fired] | velocity vs own history = 1.864 (contribution +0.09) | distinct receivers (28d) = 28 (contribution +0.07) [NET-02 fired],5419.780000000001,21.0,New,test
ALT-W14-09996,14,98,9996,HIGH,99.895,Strong,4,10,Velocity anomaly,VEL-01 High absolute velocity,"BEH-02 New-counterparty burst, AML-01 Rapid pass-through, NET-01 Fan-in collector, NET-02 Fan-out distributor, NET-03 Flow centrality (PageRank)","VEL-01, BEH-02, AML-01, NET-01, NET-02, NET-03",weekly transaction count = 21 (contribution +4.88) [VEL-01 fired] | distinct receivers (28d) = 28 (contribution +0.07) [NET-02 fired] | velocity vs own history = 1.741 (contribution +0.07),6735.08,21.0,New,test
ALT-W14-19992,14,98,19992,HIGH,99.892,Strong,4,9,Velocity anomaly,VEL-01 High absolute velocity,"BEH-02 New-counterparty burst, AML-01 Rapid pass-through, NET-01 Fan-in collector, NET-02 Fan-out distributor, NET-03 Flow centrality (PageRank)","VEL-01, BEH-02, AML-01, NET-01, NET-02, NET-03",weekly transaction count = 20 (contribution +4.78) [VEL-01 fired] | velocity vs own history = 2.118 (contribution +0.13) | distinct receivers (28d) = 28 (contribution +0.07) [NET-02 fired],6398.780000000001,20.0,New,test
ALT-W14-09993,14,98,9993,HIGH,99.883,Strong,4,10,Velocity anomaly,VEL-01 High absolute velocity,"BEH-02 New-counterparty burst, AML-03 Circular flow, NET-01 Fan-in collector, NET-02 Fan-out distributor, NET-03 Flow centrality (PageRank)","VEL-01, BEH-02, AML-03, NET-01, NET-02, NET-03",weekly transaction count = 18 (contribution +4.56) [VEL-01 fired] | circular-flow participation = 1 (contribution +0.35) [AML-03 fired] | distinct receivers (28d) = 28 (contribution +0.07) [NET-02 fired],5512.58,18.0,New,test
ALT-W14-09995,14,98,9995,HIGH,99.858,Strong,4,10,Velocity anomaly,VEL-01 High absolute velocity,"BEH-02 New-counterparty burst, AML-01 Rapid pass-through, NET-01 Fan-in collector, NET-02 Fan-out distributor, NET-03 Flow centrality (PageRank)","VEL-01, BEH-02, AML-01, NET-01, NET-02, NET-03",weekly transaction count = 19 (contribution +4.67) [VEL-01 fired] | distinct receivers (28d) = 28 (contribution +0.07) [NET-02 fired] | velocity vs own history = 1.667 (contribution +0.05),6272.81,19.0,New,test
ALT-W14-19996,14,98,19996,HIGH,99.856,Strong,3,7,Velocity anomaly,VEL-01 High absolute velocity,"BEH-02 New-counterparty burst, NET-01 Fan-in collector, NET-02 Fan-out distributor, NET-03 Flow centrality (PageRank)","VEL-01, BEH-02, NET-01, NET-02, NET-03",weekly transaction count = 18 (contribution +4.56) [VEL-01 fired] | velocity vs own history = 2.272 (contribution +0.16) | distinct receivers (28d) = 28 (contribution +0.07) [NET-02 fired],4958.37,18.0,New,test
ALT-W14-19991,14,98,19991,HIGH,99.837,Strong,3,7,Velocity anomaly,VEL-01 High absolute velocity,"BEH-02 New-counterparty burst, NET-01 Fan-in collector, NET-02 Fan-out distributor, NET-03 Flow centrality (PageRank)","VEL-01, BEH-02, NET-01, NET-02, NET-03",weekly transaction count = 18 (contribution +4.56) [VEL-01 fired] | velocity vs own history = 1.771 (contribution +0.07) | distinct receivers (28d) = 28 (contribution +0.07) [NET-02 fired],4473.42,18.0,New,test
ALT-W14-19981,14,98,19981,HIGH,99.83,Strong,3,7,Velocity anomaly,VEL-01 High absolute velocity,"BEH-02 New-counterparty burst, NET-01 Fan-in collector, NET-02 Fan-out distributor, NET-03 Flow centrality (PageRank)","VEL-01, BEH-02, NET-01, NET-02, NET-03",weekly transaction count = 17 (contribution +4.44) [VEL-01 fired] | velocity vs own history = 2.118 (contribution +0.13) | distinct receivers (28d) = 28 (contribution +0.07) [NET-02 fired],4816.0599999999995,17.0,New,test
ALT-W14-09994,14,98,9994,HIGH,99.828,Strong,4,10,Velocity anomaly,VEL-01 High absolute velocity,"BEH-02 New-counterparty burst, AML-01 Rapid pass-through, NET-01 Fan-in collector, NET-02 Fan-out distributor, NET-03 Flow centrality (PageRank)","VEL-01, BEH-02, AML-01, NET-01, NET-02, NET-03",weekly transaction count = 18 (contribution +4.56) [VEL-01 fired] | distinct receivers (28d) = 28 (contribution +0.07) [NET-02 fired] | velocity vs own history = 1.462 (contribution +0.01),6271.48,18.0,New,test
ALT-W14-09992,14,98,9992,HIGH,99.824,Strong,3,10,Velocity anomaly,VEL-01 High absolute velocity,"BEH-02 New-counterparty burst, NET-01 Fan-in collector, NET-02 Fan-out distributor, NET-03 Flow centrality (PageRank)","VEL-01, BEH-02, NET-01, NET-02, NET-03",weekly transaction count = 18 (contribution +4.56) [VEL-01 fired] | distinct receivers (28d) = 28 (contribution +0.07) [NET-02 fired],4731.13,18.0,New,test
ALT-W14-19994,14,98,19994,HIGH,99.823,Strong,4,7,Velocity anomaly,VEL-01 High absolute velocity,"BEH-02 New-counterparty burst, AML-01 Rapid pass-through, NET-01 Fan-in collector, NET-02 Fan-out distributor, NET-03 Flow centrality (PageRank)","VEL-01, BEH-02, AML-01, NET-01, NET-02, NET-03",weekly transaction count = 17 (contribution +4.44) [VEL-01 fired] | distinct receivers (28d) = 28 (contribution +0.07) [NET-02 fired] | velocity vs own history = 1.77 (contribution +0.07),5212.09,17.0,New,test
ALT-W14-09991,14,98,9991,HIGH,99.793,Strong,4,10,Velocity anomaly,VEL-01 High absolute velocity,"BEH-02 New-counterparty burst, AML-01 Rapid pass-through, AML-03 Circular flow, NET-01 Fan-in collector, NET-02 Fan-out distributor, NET-03 Flow centrality (PageRank)","VEL-01, BEH-02, AML-01, AML-03, NET-01, NET-02, NET-03",weekly transaction count = 14 (contribution +4.03) [VEL-01 fired] | circular-flow participation = 1 (contribution +0.35) [AML-03 fired] | distinct receivers (28d) = 28 (contribution +0.07) [NET-02 fired],4491.9,14.0,New,test
ALT-W14-19987,14,98,19987,HIGH,99.793,Strong,3,10,Velocity anomaly,VEL-01 High absolute velocity,"BEH-02 New-counterparty burst, NET-01 Fan-in collector, NET-02 Fan-out distributor, NET-03 Flow centrality (PageRank)","VEL-01, BEH-02, NET-01, NET-02, NET-03",weekly transaction count = 16 (contribution +4.31) [VEL-01 fired] | distinct receivers (28d) = 29 (contribution +0.07) [NET-02 fired],3870.4700000000003,16.0,New,test
ALT-W14-19979,14,98,19979,HIGH,99.774,Strong,4,8,Velocity anomaly,VEL-01 High absolute velocity,"BEH-02 New-counterparty burst, AML-01 Rapid pass-through, NET-01 Fan-in collector, NET-02 Fan-out distributor, NET-03 Flow centrality (PageRank)","VEL-01, BEH-02, AML-01, NET-01, NET-02, NET-03",weekly transaction count = 15 (contribution +4.18) [VEL-01 fired] | distinct receivers (28d) = 29 (contribution +0.07) [NET-02 fired],4493.620000000001,15.0,New,test
ALT-W14-19983,14,98,19983,HIGH,99.713,Strong,3,7,Velocity anomaly,VEL-01 High absolute velocity,"BEH-02 New-counterparty burst, NET-01 Fan-in collector, NET-02 Fan-out distributor","VEL-01, BEH-02, NET-01, NET-02",weekly transaction count = 13 (contribution +3.88) [VEL-01 fired] | distinct receivers (28d) = 28 (contribution +0.07) [NET-02 fired] | velocity vs own history = 1.615 (contribution +0.04),3833.3399999999997,13.0,New,test
ALT-W14-19980,14,98,19980,HIGH,99.71,Strong,4,8,Velocity anomaly,VEL-01 High absolute velocity,"BEH-02 New-counterparty burst, AML-01 Rapid pass-through, NET-01 Fan-in collector, NET-02 Fan-out distributor, NET-03 Flow centrality (PageRank)","VEL-01, BEH-02, AML-01, NET-01, NET-02, NET-03",weekly transaction count = 13 (contribution +3.88) [VEL-01 fired] | distinct receivers (28d) = 28 (contribution +0.07) [NET-02 fired] | velocity vs own history = 1.505 (contribution +0.02),3444.24,13.0,New,test
ALT-W14-08390,14,98,8390,MEDIUM,99.695,Limited,2,1,Velocity anomaly,VEL-01 High absolute velocity,BEH-01 Velocity spike vs own baseline,"VEL-01, BEH-01",weekly transaction count = 10 (contribution +3.34) [VEL-01 fired] | velocity vs own history = 5.5 (contribution +0.52) [BEH-01 fired] | distinct receivers (28d) = 6 (contribution +0.03),875.31,10.0,New,test
ALT-W14-09836,14,98,9836,MEDIUM,99.684,Moderate,3,2,Velocity anomaly,VEL-01 High absolute velocity,"BEH-02 New-counterparty burst, NET-02 Fan-out distributor","VEL-01, BEH-02, NET-02",weekly transaction count = 11 (contribution +3.53) [VEL-01 fired] | velocity vs own history = 3 (contribution +0.26) | distinct receivers (28d) = 10 (contribution +0.04) [NET-02 fired],2805.47,11.0,New,test
ALT-W14-19977,14,98,19977,MEDIUM,99.682,Strong,3,4,Velocity anomaly,VEL-01 High absolute velocity,"BEH-02 New-counterparty burst, NET-01 Fan-in collector, NET-03 Flow centrality (PageRank)","VEL-01, BEH-02, NET-01, NET-03",weekly transaction count = 12 (contribution +3.71) [VEL-01 fired] | velocity vs own history = 2.241 (contribution +0.15),3380.94,12.0,New,test
ALT-W14-09990,14,98,9990,MEDIUM,99.677,Strong,4,10,Velocity anomaly,VEL-01 High absolute velocity,"BEH-02 New-counterparty burst, AML-01 Rapid pass-through, NET-01 Fan-in collector, NET-02 Fan-out distributor, NET-03 Flow centrality (PageRank)","VEL-01, BEH-02, AML-01, NET-01, NET-02, NET-03",weekly transaction count = 13 (contribution +3.88) [VEL-01 fired] | distinct receivers (28d) = 28 (contribution +0.07) [NET-02 fired],2850.91,13.0,New,test
ALT-W14-19982,14,98,19982,MEDIUM,99.673,Strong,3,7,Velocity anomaly,VEL-01 High absolute velocity,"BEH-02 New-counterparty burst, NET-01 Fan-in collector, NET-02 Fan-out distributor, NET-03 Flow centrality (PageRank)","VEL-01, BEH-02, NET-01, NET-02, NET-03",weekly transaction count = 12 (contribution +3.71) [VEL-01 fired] | distinct receivers (28d) = 28 (contribution +0.07) [NET-02 fired] | velocity vs own history = 1.512 (contribution +0.02),3780.54,12.0,New,test
ALT-W14-19986,14,98,19986,MEDIUM,99.662,Strong,3,8,Velocity anomaly,VEL-01 High absolute velocity,"BEH-02 New-counterparty burst, NET-01 Fan-in collector, NET-02 Fan-out distributor","VEL-01, BEH-02, NET-01, NET-02",weekly transaction count = 12 (contribution +3.71) [VEL-01 fired] | distinct receivers (28d) = 28 (contribution +0.07) [NET-02 fired],4063.43,12.0,New,test
ALT-W14-19988,14,98,19988,MEDIUM,99.662,Strong,3,8,Velocity anomaly,VEL-01 High absolute velocity,"BEH-02 New-counterparty burst, NET-01 Fan-in collector, NET-02 Fan-out distributor","VEL-01, BEH-02, NET-01, NET-02",weekly transaction count = 12 (contribution +3.71) [VEL-01 fired] | distinct receivers (28d) = 28 (contribution +0.07) [NET-02 fired],4610.900000000001,12.0,New,test
ALT-W14-19990,14,98,19990,MEDIUM,99.659,Strong,4,8,Velocity anomaly,VEL-01 High absolute velocity,"BEH-02 New-counterparty burst, AML-01 Rapid pass-through, NET-01 Fan-in collector, NET-02 Fan-out distributor, NET-03 Flow centrality (PageRank)","VEL-01, BEH-02, AML-01, NET-01, NET-02, NET-03",weekly transaction count = 12 (contribution +3.71) [VEL-01 fired] | distinct receivers (28d) = 28 (contribution +0.07) [NET-02 fired],2786.71,12.0,New,test
ALT-W14-09980,14,98,9980,MEDIUM,99.658,Strong,3,10,Velocity anomaly,VEL-01 High absolute velocity,"BEH-02 New-counterparty burst, NET-01 Fan-in collector, NET-02 Fan-out distributor, NET-03 Flow centrality (PageRank)","VEL-01, BEH-02, NET-01, NET-02, NET-03",weekly transaction count = 12 (contribution +3.71) [VEL-01 fired] | distinct receivers (28d) = 28 (contribution +0.07) [NET-02 fired],3521.2799999999997,12.0,New,test
ALT-W14-19989,14,98,19989,MEDIUM,99.658,Strong,4,7,Velocity anomaly,VEL-01 High absolute velocity,"BEH-02 New-counterparty burst, AML-01 Rapid pass-through, NET-01 Fan-in collector, NET-02 Fan-out distributor, NET-03 Flow centrality (PageRank)","VEL-01, BEH-02, AML-01, NET-01, NET-02, NET-03",weekly transaction count = 12 (contribution +3.71) [VEL-01 fired] | distinct receivers (28d) = 28 (contribution +0.07) [NET-02 fired],3801.3,12.0,New,test
ALT-W14-09985,14,98,9985,MEDIUM,99.64,Strong,3,10,Velocity anomaly,VEL-01 High absolute velocity,"BEH-02 New-counterparty burst, NET-02 Fan-out distributor","VEL-01, BEH-02, NET-02",weekly transaction count = 12 (contribution +3.71) [VEL-01 fired] | distinct receivers (28d) = 29 (contribution +0.07) [NET-02 fired],2378.8900000000003,12.0,New,test
ALT-W14-09982,14,98,9982,MEDIUM,99.622,Strong,3,9,Velocity anomaly,VEL-01 High absolute velocity,"BEH-02 New-counterparty burst, NET-02 Fan-out distributor","VEL-01, BEH-02, NET-02",weekly transaction count = 11 (contribution +3.53) [VEL-01 fired] | distinct receivers (28d) = 28 (contribution +0.07) [NET-02 fired] | velocity vs own history = 1.435 (contribution +0.00),3979.89,11.0,New,test
ALT-W14-09983,14,98,9983,MEDIUM,99.62,Strong,3,7,Velocity anomaly,VEL-01 High absolute velocity,"BEH-02 New-counterparty burst, NET-01 Fan-in collector, NET-02 Fan-out distributor","VEL-01, BEH-02, NET-01, NET-02",weekly transaction count = 11 (contribution +3.53) [VEL-01 fired] | distinct receivers (28d) = 28 (contribution +0.07) [NET-02 fired],4015.1000000000004,11.0,New,test
ALT-W14-19963,14,98,19963,MEDIUM,99.607,Limited,3,1,Velocity anomaly,VEL-01 High absolute velocity,"BEH-02 New-counterparty burst, NET-01 Fan-in collector","VEL-01, BEH-02, NET-01",weekly transaction count = 10 (contribution +3.34) [VEL-01 fired] | velocity vs own history = 2.852 (contribution +0.24),2968.4700000000003,10.0,New,test
ALT-W14-09933,14,98,9933,MEDIUM,99.606,Limited,3,1,Velocity anomaly,VEL-01 High absolute velocity,"BEH-01 Velocity spike vs own baseline, BEH-02 New-counterparty burst, NET-01 Fan-in collector","VEL-01, BEH-01, BEH-02, NET-01",weekly transaction count = 9 (contribution +3.13) [VEL-01 fired] | velocity vs own history = 4.545 (contribution +0.44) [BEH-01 fired],2483.5,9.0,New,test
ALT-W14-09988,14,98,9988,MEDIUM,99.606,Strong,4,10,Velocity anomaly,VEL-01 High absolute velocity,"BEH-02 New-counterparty burst, AML-01 Rapid pass-through, AML-03 Circular flow, NET-01 Fan-in collector, NET-02 Fan-out distributor, NET-03 Flow centrality (PageRank)","VEL-01, BEH-02, AML-01, AML-03, NET-01, NET-02, NET-03",weekly transaction count = 9 (contribution +3.13) [VEL-01 fired] | circular-flow participation = 2 (contribution +0.55) [AML-03 fired] | distinct receivers (28d) = 28 (contribution +0.07) [NET-02 fired],3215.9399999999996,9.0,New,test
ALT-W14-09640,14,98,9640,MEDIUM,99.59,Limited,3,1,Velocity anomaly,VEL-01 High absolute velocity,"BEH-01 Velocity spike vs own baseline, BEH-02 New-counterparty burst, AML-01 Rapid pass-through","VEL-01, BEH-01, BEH-02, AML-01",weekly transaction count = 9 (contribution +3.13) [VEL-01 fired] | velocity vs own history = 3.333 (contribution +0.31) [BEH-01 fired] | distinct receivers (28d) = 5 (contribution +0.03),2812.6800000000003,9.0,New,test
ALT-W14-09981,14,98,9981,MEDIUM,99.587,Strong,4,9,Velocity anomaly,VEL-01 High absolute velocity,"BEH-02 New-counterparty burst, AML-03 Circular flow, NET-01 Fan-in collector, NET-02 Fan-out distributor, NET-03 Flow centrality (PageRank)","VEL-01, BEH-02, AML-03, NET-01, NET-02, NET-03",weekly transaction count = 9 (contribution +3.13) [VEL-01 fired] | circular-flow participation = 1 (contribution +0.35) [AML-03 fired] | distinct receivers (28d) = 28 (contribution +0.07) [NET-02 fired],2096.47,9.0,New,test
ALT-W14-09987,14,98,9987,MEDIUM,99.585,Strong,4,10,Velocity anomaly,VEL-01 High absolute velocity,"BEH-02 New-counterparty burst, AML-01 Rapid pass-through, NET-01 Fan-in collector, NET-02 Fan-out distributor, NET-03 Flow centrality (PageRank)","VEL-01, BEH-02, AML-01, NET-01, NET-02, NET-03",weekly transaction count = 11 (contribution +3.53) [VEL-01 fired] | distinct receivers (28d) = 28 (contribution +0.07) [NET-02 fired],2878.01,11.0,New,test
ALT-W14-11773,14,98,11773,MEDIUM,99.581,Limited,2,1,Velocity anomaly,VEL-01 High absolute velocity,BEH-01 Velocity spike vs own baseline,"VEL-01, BEH-01",weekly transaction count = 8 (contribution +2.89) [VEL-01 fired] | velocity vs own history = 5.538 (contribution +0.52) [BEH-01 fired] | distinct receivers (28d) = 3 (contribution +0.01),1029.63,8.0,New,test
ALT-W14-18491,14,98,18491,MEDIUM,99.566,Limited,2,1,Velocity anomaly,VEL-01 High absolute velocity,BEH-01 Velocity spike vs own baseline,"VEL-01, BEH-01",weekly transaction count = 8 (contribution +2.89) [VEL-01 fired] | velocity vs own history = 5.4 (contribution +0.51) [BEH-01 fired],756.07,8.0,New,test
ALT-W14-19985,14,98,19985,MEDIUM,99.534,Strong,3,10,Velocity anomaly,VEL-01 High absolute velocity,"BEH-02 New-counterparty burst, NET-01 Fan-in collector, NET-02 Fan-out distributor","VEL-01, BEH-02, NET-01, NET-02",weekly transaction count = 10 (contribution +3.34) [VEL-01 fired] | distinct receivers (28d) = 28 (contribution +0.07) [NET-02 fired],2341.63,10.0,New,test
ALT-W14-09978,14,98,9978,MEDIUM,99.532,Strong,3,9,Velocity anomaly,VEL-01 High absolute velocity,"BEH-02 New-counterparty burst, NET-01 Fan-in collector, NET-02 Fan-out distributor","VEL-01, BEH-02, NET-01, NET-02",weekly transaction count = 10 (contribution +3.34) [VEL-01 fired] | distinct receivers (28d) = 28 (contribution +0.07) [NET-02 fired],3568.56,10.0,New,test
ALT-W14-19984,14,98,19984,MEDIUM,99.527,Strong,3,9,Velocity anomaly,VEL-01 High absolute velocity,"BEH-02 New-counterparty burst, NET-01 Fan-in collector, NET-02 Fan-out distributor, NET-03 Flow centrality (PageRank)","VEL-01, BEH-02, NET-01, NET-02, NET-03",weekly transaction count = 10 (contribution +3.34) [VEL-01 fired] | distinct receivers (28d) = 28 (contribution +0.07) [NET-02 fired],3311.9399999999996,10.0,New,test
ALT-W14-09932,14,98,9932,MEDIUM,99.524,Moderate,3,2,Velocity anomaly,VEL-01 High absolute velocity,"BEH-02 New-counterparty burst, NET-01 Fan-in collector, NET-03 Flow centrality (PageRank)","VEL-01, BEH-02, NET-01, NET-03",weekly transaction count = 9 (contribution +3.13) [VEL-01 fired] | velocity vs own history = 2.439 (contribution +0.19),2018.93,9.0,New,test
ALT-W14-03209,14,98,3209,MEDIUM,99.521,Moderate,2,2,Velocity anomaly,VEL-01 High absolute velocity,BEH-01 Velocity spike vs own baseline,"VEL-01, BEH-01",weekly transaction count = 8 (contribution +2.89) [VEL-01 fired] | velocity vs own history = 4.05 (contribution +0.39) [BEH-01 fired] | distinct receivers (28d) = 4 (contribution +0.02),714.38,8.0,New,test
ALT-W14-09246,14,98,9246,MEDIUM,99.487,Limited,2,1,Velocity anomaly,VEL-01 High absolute velocity,BEH-01 Velocity spike vs own baseline,"VEL-01, BEH-01",weekly transaction count = 8 (contribution +2.89) [VEL-01 fired] | velocity vs own history = 3.5 (contribution +0.33) [BEH-01 fired] | distinct receivers (28d) = 4 (contribution +0.02),768.9399999999999,8.0,New,test
ALT-W14-09989,14,98,9989,MEDIUM,99.474,Strong,4,10,Velocity anomaly,VEL-01 High absolute velocity,"BEH-02 New-counterparty burst, AML-01 Rapid pass-through, NET-01 Fan-in collector, NET-02 Fan-out distributor, NET-03 Flow centrality (PageRank)","VEL-01, BEH-02, AML-01, NET-01, NET-02, NET-03",weekly transaction count = 10 (contribution +3.34) [VEL-01 fired] | distinct receivers (28d) = 28 (contribution +0.07) [NET-02 fired],2196.9700000000003,10.0,New,test
ALT-W14-19868,14,98,19868,MEDIUM,99.464,Limited,2,1,Velocity anomaly,VEL-01 High absolute velocity,BEH-01 Velocity spike vs own baseline,"VEL-01, BEH-01",weekly transaction count = 8 (contribution +2.89) [VEL-01 fired] | velocity vs own history = 3.375 (contribution +0.31) [BEH-01 fired],1225.61,8.0,New,test
ALT-W14-11335,14,98,11335,MEDIUM,99.458,Limited,2,1,Velocity anomaly,VEL-01 High absolute velocity,BEH-01 Velocity spike vs own baseline,"VEL-01, BEH-01",weekly transaction count = 7 (contribution +2.63) [VEL-01 fired] | velocity vs own history = 5.818 (contribution +0.55) [BEH-01 fired] | distinct receivers (28d) = 2 (contribution +0.01),652.13,7.0,New,test
ALT-W14-16553,14,98,16553,MEDIUM,99.436,Moderate,1,2,Velocity anomaly,VEL-01 High absolute velocity,,VEL-01,weekly transaction count = 8 (contribution +2.89) [VEL-01 fired] | velocity vs own history = 2.864 (contribution +0.25) | distinct receivers (28d) = 2 (contribution +0.01),752.97,8.0,New,test
ALT-W14-14264,14,98,14264,MEDIUM,99.423,Limited,2,1,Velocity anomaly,VEL-01 High absolute velocity,BEH-01 Velocity spike vs own baseline,"VEL-01, BEH-01",weekly transaction count = 7 (contribution +2.63) [VEL-01 fired] | velocity vs own history = 5.091 (contribution +0.49) [BEH-01 fired] | distinct receivers (28d) = 2 (contribution +0.01),476.53999999999996,7.0,New,test
ALT-W14-18634,14,98,18634,MEDIUM,99.418,Limited,2,1,Velocity anomaly,VEL-01 High absolute velocity,BEH-01 Velocity spike vs own baseline,"VEL-01, BEH-01",weekly transaction count = 7 (contribution +2.63) [VEL-01 fired] | velocity vs own history = 4.706 (contribution +0.45) [BEH-01 fired] | distinct receivers (28d) = 5 (contribution +0.03),830.9200000000001,7.0,New,test
ALT-W14-07579,14,98,7579,MEDIUM,99.408,Limited,2,1,Velocity anomaly,VEL-01 High absolute velocity,BEH-01 Velocity spike vs own baseline,"VEL-01, BEH-01",weekly transaction count = 7 (contribution +2.63) [VEL-01 fired] | velocity vs own history = 4.889 (contribution +0.47) [BEH-01 fired],478.12,7.0,New,test
ALT-W14-09964,14,98,9964,LOW,99.393,Moderate,3,2,Velocity anomaly,VEL-01 High absolute velocity,"BEH-02 New-counterparty burst, NET-01 Fan-in collector, NET-03 Flow centrality (PageRank)","VEL-01, BEH-02, NET-01, NET-03",weekly transaction count = 8 (contribution +2.89) [VEL-01 fired] | velocity vs own history = 2.571 (contribution +0.21),2466.81,8.0,New,test
ALT-W14-06012,14,98,6012,LOW,99.385,Limited,2,1,Velocity anomaly,VEL-01 High absolute velocity,BEH-01 Velocity spike vs own baseline,"VEL-01, BEH-01",weekly transaction count = 7 (contribution +2.63) [VEL-01 fired] | velocity vs own history = 4.4 (contribution +0.42) [BEH-01 fired] | distinct receivers (28d) = 2 (contribution +0.01),313.5,7.0,New,test
ALT-W14-19781,14,98,19781,LOW,99.382,Limited,3,1,Velocity anomaly,VEL-01 High absolute velocity,"TXN-01 Large transaction, AML-01 Rapid pass-through","TXN-01, VEL-01, AML-01",weekly transaction count = 8 (contribution +2.89) [VEL-01 fired] | velocity vs own history = 2.143 (contribution +0.14) | distinct receivers (28d) = 5 (contribution +0.03),1285.3700000000001,8.0,New,test
ALT-W14-09963,14,98,9963,LOW,99.368,Strong,3,3,Velocity anomaly,VEL-01 High absolute velocity,"BEH-02 New-counterparty burst, NET-01 Fan-in collector, NET-03 Flow centrality (PageRank)","VEL-01, BEH-02, NET-01, NET-03",weekly transaction count = 8 (contribution +2.89) [VEL-01 fired] | velocity vs own history = 2.298 (contribution +0.16),2327.0,8.0,New,test
ALT-W14-03307,14,98,3307,LOW,99.367,Moderate,2,2,Velocity anomaly,VEL-01 High absolute velocity,BEH-01 Velocity spike vs own baseline,"VEL-01, BEH-01",weekly transaction count = 7 (contribution +2.63) [VEL-01 fired] | velocity vs own history = 4 (contribution +0.38) [BEH-01 fired] | distinct receivers (28d) = 3 (contribution +0.01),714.88,7.0,New,test
ALT-W14-19887,14,98,19887,LOW,99.319,Limited,2,1,Velocity anomaly,VEL-01 High absolute velocity,"BEH-01 Velocity spike vs own baseline, BEH-02 New-counterparty burst","VEL-01, BEH-01, BEH-02",weekly transaction count = 7 (contribution +2.63) [VEL-01 fired] | velocity vs own history = 4 (contribution +0.38) [BEH-01 fired],1661.6100000000001,7.0,New,test
ALT-W14-17197,14,98,17197,LOW,99.31,Limited,2,1,Velocity anomaly,VEL-01 High absolute velocity,AML-03 Circular flow,"VEL-01, AML-03",weekly transaction count = 6 (contribution +2.33) [VEL-01 fired] | circular-flow participation = 1 (contribution +0.35) [AML-03 fired] | velocity vs own history = 3.062 (contribution +0.27) | distinct receivers (28d) = 5 (contribution +0.03),489.11,6.0,New,test
ALT-W14-06562,14,98,6562,LOW,99.255,Limited,1,1,Velocity anomaly,VEL-01 High absolute velocity,,VEL-01,weekly transaction count = 7 (contribution +2.63) [VEL-01 fired] | velocity vs own history = 3.2 (contribution +0.29) | distinct receivers (28d) = 4 (contribution +0.02),654.54,7.0,New,test
ALT-W14-07352,14,98,7352,LOW,99.25,Moderate,1,2,Velocity anomaly,VEL-01 High absolute velocity,,VEL-01,weekly transaction count = 7 (contribution +2.63) [VEL-01 fired] | velocity vs own history = 3.143 (contribution +0.28) | distinct receivers (28d) = 5 (contribution +0.03),349.37,7.0,New,test
ALT-W14-19978,14,98,19978,LOW,99.247,Strong,3,4,Velocity anomaly,VEL-01 High absolute velocity,"BEH-02 New-counterparty burst, NET-01 Fan-in collector, NET-03 Flow centrality (PageRank)","VEL-01, BEH-02, NET-01, NET-03",weekly transaction count = 8 (contribution +2.89) [VEL-01 fired] | velocity vs own history = 1.742 (contribution +0.07),1795.02,8.0,New,test
ALT-W14-18577,14,98,18577,LOW,99.241,Limited,1,1,Velocity anomaly,VEL-01 High absolute velocity,,VEL-01,weekly transaction count = 7 (contribution +2.63) [VEL-01 fired] | velocity vs own history = 3 (contribution +0.26) | distinct receivers (28d) = 6 (contribution +0.03),562.86,7.0,New,test
ALT-W14-19662,14,98,19662,LOW,99.232,Limited,2,1,Velocity anomaly,VEL-01 High absolute velocity,BEH-01 Velocity spike vs own baseline,"VEL-01, BEH-01",weekly transaction count = 7 (contribution +2.63) [VEL-01 fired] | velocity vs own history = 3.368 (contribution +0.31) [BEH-01 fired],592.5300000000001,7.0,New,test
ALT-W14-09961,14,98,9961,LOW,99.229,Strong,3,3,Velocity anomaly,VEL-01 High absolute velocity,"BEH-02 New-counterparty burst, NET-01 Fan-in collector, NET-03 Flow centrality (PageRank)","VEL-01, BEH-02, NET-01, NET-03",weekly transaction count = 8 (contribution +2.89) [VEL-01 fired] | velocity vs own history = 1.636 (contribution +0.05),2809.59,8.0,New,test
ALT-W14-09481,14,98,9481,LOW,99.22,Limited,1,1,Velocity anomaly,VEL-01 High absolute velocity,,VEL-01,weekly transaction count = 7 (contribution +2.63) [VEL-01 fired] | velocity vs own history = 3.077 (contribution +0.27),559.52,7.0,New,test
ALT-W14-06183,14,98,6183,LOW,99.196,Limited,1,1,Velocity anomaly,VEL-01 High absolute velocity,,VEL-01,weekly transaction count = 7 (contribution +2.63) [VEL-01 fired] | velocity vs own history = 2.857 (contribution +0.25) | distinct receivers (28d) = 2 (contribution +0.01),562.89,7.0,New,test
ALT-W14-09958,14,98,9958,LOW,99.194,Strong,2,3,Velocity anomaly,VEL-01 High absolute velocity,NET-01 Fan-in collector,"VEL-01, NET-01",weekly transaction count = 8 (contribution +2.89) [VEL-01 fired] | velocity vs own history = 1.475 (contribution +0.01),877.98,8.0,New,test
ALT-W14-06580,14,98,6580,LOW,99.179,Moderate,1,2,Velocity anomaly,VEL-01 High absolute velocity,,VEL-01,weekly transaction count = 7 (contribution +2.63) [VEL-01 fired] | velocity vs own history = 2.667 (contribution +0.22) | distinct receivers (28d) = 3 (contribution +0.01),274.78,7.0,New,test
ALT-W14-19928,14,98,19928,LOW,99.176,Limited,1,1,Velocity anomaly,VEL-01 High absolute velocity,,VEL-01,weekly transaction count = 7 (contribution +2.63) [VEL-01 fired] | velocity vs own history = 2.743 (contribution +0.23),856.72,7.0,New,test
ALT-W14-09526,14,98,9526,LOW,99.174,Limited,3,1,Velocity anomaly,VEL-01 High absolute velocity,"BEH-02 New-counterparty burst, NET-02 Fan-out distributor","VEL-01, BEH-02, NET-02",weekly transaction count = 7 (contribution +2.63) [VEL-01 fired] | velocity vs own history = 2.424 (contribution +0.18) | distinct receivers (28d) = 7 (contribution +0.03) [NET-02 fired],1621.27,7.0,New,test
ALT-W14-19867,14,98,19867,LOW,99.174,Limited,3,1,Velocity anomaly,VEL-01 High absolute velocity,"BEH-02 New-counterparty burst, NET-02 Fan-out distributor","VEL-01, BEH-02, NET-02",weekly transaction count = 7 (contribution +2.63) [VEL-01 fired] | velocity vs own history = 2.4 (contribution +0.18) | distinct receivers (28d) = 9 (contribution +0.04) [NET-02 fired],1594.65,7.0,New,test
ALT-W14-19871,14,98,19871,LOW,99.158,Limited,4,1,Velocity anomaly,VEL-01 High absolute velocity,"BEH-02 New-counterparty burst, AML-01 Rapid pass-through, NET-02 Fan-out distributor","VEL-01, BEH-02, AML-01, NET-02",weekly transaction count = 7 (contribution +2.63) [VEL-01 fired] | velocity vs own history = 2.24 (contribution +0.15) | distinct receivers (28d) = 11 (contribution +0.05) [NET-02 fired],1622.54,7.0,New,test
ALT-W14-19886,14,98,19886,LOW,99.153,Limited,3,1,Velocity anomaly,VEL-01 High absolute velocity,"BEH-02 New-counterparty burst, NET-01 Fan-in collector","VEL-01, BEH-02, NET-01",weekly transaction count = 7 (contribution +2.63) [VEL-01 fired] | velocity vs own history = 2.667 (contribution +0.22),1744.81,7.0,New,test
ALT-W14-19880,14,98,19880,LOW,99.145,Limited,3,1,Velocity anomaly,VEL-01 High absolute velocity,"BEH-02 New-counterparty burst, NET-01 Fan-in collector","VEL-01, BEH-02, NET-01",weekly transaction count = 7 (contribution +2.63) [VEL-01 fired] | velocity vs own history = 2.588 (contribution +0.21),1872.51,7.0,New,test
ALT-W14-19170,14,98,19170,LOW,99.137,Limited,1,1,Velocity anomaly,VEL-01 High absolute velocity,,VEL-01,weekly transaction count = 7 (contribution +2.63) [VEL-01 fired] | velocity vs own history = 2.2 (contribution +0.15) | distinct receivers (28d) = 5 (contribution +0.03),853.6600000000001,7.0,New,test
ALT-W14-03835,14,98,3835,LOW,99.135,Limited,2,1,Velocity anomaly,VEL-01 High absolute velocity,BEH-01 Velocity spike vs own baseline,"VEL-01, BEH-01",weekly transaction count = 6 (contribution +2.33) [VEL-01 fired] | velocity vs own history = 4.812 (contribution +0.46) [BEH-01 fired] | distinct receivers (28d) = 2 (contribution +0.01),208.84,6.0,New,test
ALT-W14-09986,14,98,9986,LOW,99.135,Strong,4,10,Velocity anomaly,VEL-01 High absolute velocity,"BEH-02 New-counterparty burst, AML-03 Circular flow, NET-02 Fan-out distributor","VEL-01, BEH-02, AML-03, NET-02",weekly transaction count = 7 (contribution +2.63) [VEL-01 fired] | circular-flow participation = 1 (contribution +0.35) [AML-03 fired] | distinct receivers (28d) = 28 (contribution +0.07) [NET-02 fired],1513.89,7.0,New,test
ALT-W14-15518,14,98,15518,LOW,99.12,Limited,2,1,Velocity anomaly,VEL-01 High absolute velocity,BEH-01 Velocity spike vs own baseline,"VEL-01, BEH-01",weekly transaction count = 6 (contribution +2.33) [VEL-01 fired] | velocity vs own history = 4.667 (contribution +0.45) [BEH-01 fired] | distinct receivers (28d) = 2 (contribution +0.01),306.29,6.0,New,test
ALT-W14-02017,14,98,2017,LOW,99.113,Limited,2,1,Velocity anomaly,VEL-01 High absolute velocity,BEH-01 Velocity spike vs own baseline,"VEL-01, BEH-01",weekly transaction count = 6 (contribution +2.33) [VEL-01 fired] | velocity vs own history = 4.55 (contribution +0.44) [BEH-01 fired] | distinct receivers (28d) = 3 (contribution +0.01),168.44,6.0,New,test
ALT-W14-19917,14,98,19917,LOW,99.113,Limited,3,1,Velocity anomaly,VEL-01 High absolute velocity,"BEH-02 New-counterparty burst, NET-01 Fan-in collector","VEL-01, BEH-02, NET-01",weekly transaction count = 7 (contribution +2.63) [VEL-01 fired] | velocity vs own history = 2.4 (contribution +0.18),1796.09,7.0,New,test
ALT-W14-06779,14,98,6779,LOW,99.089,Limited,2,1,Velocity anomaly,VEL-01 High absolute velocity,BEH-01 Velocity spike vs own baseline,"VEL-01, BEH-01",weekly transaction count = 6 (contribution +2.33) [VEL-01 fired] | velocity vs own history = 4.2 (contribution +0.40) [BEH-01 fired] | distinct receivers (28d) = 5 (contribution +0.03),274.34,6.0,New,test
ALT-W14-12970,14,98,12970,LOW,99.088,Limited,2,1,Velocity anomaly,VEL-01 High absolute velocity,BEH-01 Velocity spike vs own baseline,"VEL-01, BEH-01",weekly transaction count = 6 (contribution +2.33) [VEL-01 fired] | velocity vs own history = 4.308 (contribution +0.41) [BEH-01 fired] | distinct receivers (28d) = 3 (contribution +0.01),427.53000000000003,6.0,New,test
ALT-W14-09979,14,98,9979,LOW,99.058,Limited,3,1,Velocity anomaly,VEL-01 High absolute velocity,"BEH-02 New-counterparty burst, NET-01 Fan-in collector","VEL-01, BEH-02, NET-01",weekly transaction count = 7 (contribution +2.63) [VEL-01 fired] | velocity vs own history = 2.162 (contribution +0.14),2275.42,7.0,New,test
ALT-W14-10915,14,98,10915,LOW,99.057,Limited,2,1,Velocity anomaly,VEL-01 High absolute velocity,BEH-01 Velocity spike vs own baseline,"VEL-01, BEH-01",weekly transaction count = 6 (contribution +2.33) [VEL-01 fired] | velocity vs own history = 4.2 (contribution +0.40) [BEH-01 fired] | distinct receivers (28d) = 2 (contribution +0.01),535.74,6.0,New,test
ALT-W14-14376,14,98,14376,LOW,99.054,Limited,2,1,Velocity anomaly,VEL-01 High absolute velocity,BEH-01 Velocity spike vs own baseline,"VEL-01, BEH-01",weekly transaction count = 6 (contribution +2.33) [VEL-01 fired] | velocity vs own history = 4.083 (contribution +0.39) [BEH-01 fired] | distinct receivers (28d) = 3 (contribution +0.01),661.25,6.0,New,test
ALT-W14-19932,14,98,19932,LOW,99.044,Moderate,1,2,Velocity anomaly,VEL-01 High absolute velocity,,VEL-01,weekly transaction count = 7 (contribution +2.63) [VEL-01 fired] | velocity vs own history = 1.778 (contribution +0.07) | distinct receivers (28d) = 6 (contribution +0.03),597.89,7.0,New,test
ALT-W15-09998,15,105,9998,CRITICAL,100.0,Strong,4,11,Velocity anomaly,VEL-01 High absolute velocity,"BEH-02 New-counterparty burst, AML-01 Rapid pass-through, AML-03 Circular flow, NET-01 Fan-in collector, NET-02 Fan-out distributor, NET-03 Flow centrality (PageRank)","VEL-01, BEH-02, AML-01, AML-03, NET-01, NET-02, NET-03",weekly transaction count = 33 (contribution +5.85) [VEL-01 fired] | circular-flow participation = 4 (contribution +0.81) [AML-03 fired] | distinct receivers (28d) = 55 (contribution +0.09) [NET-02 fired] | velocity vs own history = 1.527 (contribution +0.02),9395.44,33.0,New,test
ALT-W15-19998,15,105,19998,CRITICAL,99.981,Strong,4,8,Velocity anomaly,VEL-01 High absolute velocity,"BEH-02 New-counterparty burst, AML-01 Rapid pass-through, AML-03 Circular flow, NET-01 Fan-in collector, NET-02 Fan-out distributor, NET-03 Flow centrality (PageRank)","VEL-01, BEH-02, AML-01, AML-03, NET-01, NET-02, NET-03",weekly transaction count = 27 (contribution +5.42) [VEL-01 fired] | circular-flow participation = 1 (contribution +0.35) [AML-03 fired] | distinct receivers (28d) = 56 (contribution +0.09) [NET-02 fired] | velocity vs own history = 1.615 (contribution +0.04),7510.39,27.0,New,test
ALT-W15-19999,15,105,19999,CRITICAL,99.966,Strong,3,8,Velocity anomaly,VEL-01 High absolute velocity,"BEH-02 New-counterparty burst, NET-01 Fan-in collector, NET-02 Fan-out distributor, NET-03 Flow centrality (PageRank)","VEL-01, BEH-02, NET-01, NET-02, NET-03",weekly transaction count = 28 (contribution +5.50) [VEL-01 fired] | velocity vs own history = 1.883 (contribution +0.09) | distinct receivers (28d) = 56 (contribution +0.09) [NET-02 fired],7472.140000000001,28.0,New,test
ALT-W15-09999,15,105,9999,CRITICAL,99.964,Strong,4,11,Velocity anomaly,VEL-01 High absolute velocity,"BEH-02 New-counterparty burst, AML-03 Circular flow, NET-01 Fan-in collector, NET-02 Fan-out distributor, NET-03 Flow centrality (PageRank)","VEL-01, BEH-02, AML-03, NET-01, NET-02, NET-03",weekly transaction count = 25 (contribution +5.26) [VEL-01 fired] | circular-flow participation = 1 (contribution +0.35) [AML-03 fired] | distinct receivers (28d) = 56 (contribution +0.09) [NET-02 fired],7561.93,25.0,New,test
ALT-W15-09995,15,105,9995,CRITICAL,99.957,Strong,4,11,Velocity anomaly,VEL-01 High absolute velocity,"BEH-02 New-counterparty burst, AML-01 Rapid pass-through, NET-01 Fan-in collector, NET-02 Fan-out distributor, NET-03 Flow centrality (PageRank)","VEL-01, BEH-02, AML-01, NET-01, NET-02, NET-03",weekly transaction count = 25 (contribution +5.26) [VEL-01 fired] | velocity vs own history = 2.061 (contribution +0.12) | distinct receivers (28d) = 29 (contribution +0.07) [NET-02 fired],5828.530000000001,25.0,New,test
ALT-W15-19979,15,105,19979,CRITICAL,99.955,Strong,4,9,Velocity anomaly,VEL-01 High absolute velocity,"BEH-02 New-counterparty burst, AML-01 Rapid pass-through, AML-03 Circular flow, NET-01 Fan-in collector, NET-02 Fan-out distributor, NET-03 Flow centrality (PageRank)","VEL-01, BEH-02, AML-01, AML-03, NET-01, NET-02, NET-03",weekly transaction count = 21 (contribution +4.88) [VEL-01 fired] | circular-flow participation = 1 (contribution +0.35) [AML-03 fired] | velocity vs own history = 1.872 (contribution +0.09) | distinct receivers (28d) = 29 (contribution +0.07) [NET-02 fired],4427.82,21.0,New,test
ALT-W15-09996,15,105,9996,CRITICAL,99.95,Strong,4,11,Velocity anomaly,VEL-01 High absolute velocity,"BEH-02 New-counterparty burst, AML-03 Circular flow, NET-01 Fan-in collector, NET-02 Fan-out distributor, NET-03 Flow centrality (PageRank)","VEL-01, BEH-02, AML-03, NET-01, NET-02, NET-03",weekly transaction count = 21 (contribution +4.88) [VEL-01 fired] | circular-flow participation = 1 (contribution +0.35) [AML-03 fired] | distinct receivers (28d) = 28 (contribution +0.07) [NET-02 fired] | velocity vs own history = 1.64 (contribution +0.05),5610.83,21.0,New,test
ALT-W15-19996,15,105,19996,CRITICAL,99.92,Strong,3,8,Velocity anomaly,VEL-01 High absolute velocity,"BEH-02 New-counterparty burst, NET-01 Fan-in collector, NET-02 Fan-out distributor, NET-03 Flow centrality (PageRank)","VEL-01, BEH-02, NET-01, NET-02, NET-03",weekly transaction count = 21 (contribution +4.88) [VEL-01 fired] | velocity vs own history = 2.378 (contribution +0.18) | distinct receivers (28d) = 28 (contribution +0.07) [NET-02 fired],5491.610000000001,21.0,New,test
ALT-W15-19995,15,105,19995,HIGH,99.898,Strong,3,8,Velocity anomaly,VEL-01 High absolute velocity,"BEH-02 New-counterparty burst, NET-01 Fan-in collector, NET-02 Fan-out distributor, NET-03 Flow centrality (PageRank)","VEL-01, BEH-02, NET-01, NET-02, NET-03",weekly transaction count = 20 (contribution +4.78) [VEL-01 fired] | velocity vs own history = 2.352 (contribution +0.17) | distinct receivers (28d) = 29 (contribution +0.07) [NET-02 fired],5179.6900000000005,20.0,New,test
ALT-W15-09997,15,105,9997,HIGH,99.874,Strong,3,11,Velocity anomaly,VEL-01 High absolute velocity,"BEH-02 New-counterparty burst, NET-01 Fan-in collector, NET-02 Fan-out distributor, NET-03 Flow centrality (PageRank)","VEL-01, BEH-02, NET-01, NET-02, NET-03",weekly transaction count = 20 (contribution +4.78) [VEL-01 fired] | distinct receivers (28d) = 28 (contribution +0.07) [NET-02 fired] | velocity vs own history = 1.65 (contribution +0.05),6323.870000000001,20.0,New,test
ALT-W15-19981,15,105,19981,HIGH,99.87,Strong,4,8,Velocity anomaly,VEL-01 High absolute velocity,"BEH-02 New-counterparty burst, AML-01 Rapid pass-through, NET-01 Fan-in collector, NET-02 Fan-out distributor, NET-03 Flow centrality (PageRank)","VEL-01, BEH-02, AML-01, NET-01, NET-02, NET-03",weekly transaction count = 19 (contribution +4.67) [VEL-01 fired] | velocity vs own history = 2.136 (contribution +0.14) | distinct receivers (28d) = 28 (contribution +0.07) [NET-02 fired],5027.370000000001,19.0,New,test
ALT-W15-09991,15,105,9991,HIGH,99.865,Strong,4,11,Velocity anomaly,VEL-01 High absolute velocity,"BEH-02 New-counterparty burst, AML-01 Rapid pass-through, NET-01 Fan-in collector, NET-02 Fan-out distributor, NET-03 Flow centrality (PageRank)","VEL-01, BEH-02, AML-01, NET-01, NET-02, NET-03",weekly transaction count = 20 (contribution +4.78) [VEL-01 fired] | distinct receivers (28d) = 28 (contribution +0.07) [NET-02 fired] | velocity vs own history = 1.429 (contribution +0.00),5118.969999999999,20.0,New,test
ALT-W15-19994,15,105,19994,HIGH,99.86,Strong,3,8,Velocity anomaly,VEL-01 High absolute velocity,"BEH-02 New-counterparty burst, NET-01 Fan-in collector, NET-02 Fan-out distributor, NET-03 Flow centrality (PageRank)","VEL-01, BEH-02, NET-01, NET-02, NET-03",weekly transaction count = 19 (contribution +4.67) [VEL-01 fired] | velocity vs own history = 1.857 (contribution +0.09) | distinct receivers (28d) = 28 (contribution +0.07) [NET-02 fired],5865.610000000001,19.0,New,test
ALT-W15-19997,15,105,19997,HIGH,99.837,Strong,3,8,Velocity anomaly,VEL-01 High absolute velocity,"BEH-02 New-counterparty burst, NET-01 Fan-in collector, NET-02 Fan-out distributor, NET-03 Flow centrality (PageRank)","VEL-01, BEH-02, NET-01, NET-02, NET-03",weekly transaction count = 18 (contribution +4.56) [VEL-01 fired] | distinct receivers (28d) = 28 (contribution +0.07) [NET-02 fired] | velocity vs own history = 1.727 (contribution +0.06),5242.93,18.0,New,test
ALT-W15-09981,15,105,9981,HIGH,99.833,Strong,4,10,Velocity anomaly,VEL-01 High absolute velocity,"BEH-02 New-counterparty burst, AML-01 Rapid pass-through, AML-03 Circular flow, NET-01 Fan-in collector, NET-02 Fan-out distributor, NET-03 Flow centrality (PageRank)","VEL-01, BEH-02, AML-01, AML-03, NET-01, NET-02, NET-03",weekly transaction count = 14 (contribution +4.03) [VEL-01 fired] | circular-flow participation = 2 (contribution +0.55) [AML-03 fired] | distinct receivers (28d) = 28 (contribution +0.07) [NET-02 fired] | velocity vs own history = 1.513 (contribution +0.02),3479.26,14.0,New,test
ALT-W15-19982,15,105,19982,HIGH,99.826,Strong,4,8,Velocity anomaly,VEL-01 High absolute velocity,"BEH-02 New-counterparty burst, AML-01 Rapid pass-through, NET-01 Fan-in collector, NET-02 Fan-out distributor, NET-03 Flow centrality (PageRank)","VEL-01, BEH-02, AML-01, NET-01, NET-02, NET-03",weekly transaction count = 17 (contribution +4.44) [VEL-01 fired] | velocity vs own history = 2 (contribution +0.11) | distinct receivers (28d) = 28 (contribution +0.07) [NET-02 fired],5773.210000000001,17.0,New,test
ALT-W15-19980,15,105,19980,HIGH,99.824,Strong,4,9,Velocity anomaly,VEL-01 High absolute velocity,"BEH-02 New-counterparty burst, AML-01 Rapid pass-through, NET-01 Fan-in collector, NET-02 Fan-out distributor, NET-03 Flow centrality (PageRank)","VEL-01, BEH-02, AML-01, NET-01, NET-02, NET-03",weekly transaction count = 17 (contribution +4.44) [VEL-01 fired] | velocity vs own history = 1.85 (contribution +0.09) | distinct receivers (28d) = 28 (contribution +0.07) [NET-02 fired],2744.79,17.0,New,test
ALT-W15-09983,15,105,9983,HIGH,99.798,Strong,3,8,Velocity anomaly,VEL-01 High absolute velocity,"BEH-02 New-counterparty burst, NET-01 Fan-in collector, NET-02 Fan-out distributor, NET-03 Flow centrality (PageRank)","VEL-01, BEH-02, NET-01, NET-02, NET-03",weekly transaction count = 16 (contribution +4.31) [VEL-01 fired] | velocity vs own history = 1.851 (contribution +0.09) | distinct receivers (28d) = 28 (contribution +0.07) [NET-02 fired],5266.290000000001,16.0,New,test
ALT-W15-09980,15,105,9980,HIGH,99.793,Strong,4,11,Velocity anomaly,VEL-01 High absolute velocity,"BEH-02 New-counterparty burst, AML-01 Rapid pass-through, NET-01 Fan-in collector, NET-02 Fan-out distributor, NET-03 Flow centrality (PageRank)","VEL-01, BEH-02, AML-01, NET-01, NET-02, NET-03",weekly transaction count = 16 (contribution +4.31) [VEL-01 fired] | distinct receivers (28d) = 28 (contribution +0.07) [NET-02 fired] | velocity vs own history = 1.484 (contribution +0.01),4747.85,16.0,New,test
ALT-W15-09992,15,105,9992,HIGH,99.793,Strong,4,11,Velocity anomaly,VEL-01 High absolute velocity,"BEH-02 New-counterparty burst, AML-03 Circular flow, NET-01 Fan-in collector, NET-02 Fan-out distributor, NET-03 Flow centrality (PageRank)","VEL-01, BEH-02, AML-03, NET-01, NET-02, NET-03",weekly transaction count = 14 (contribution +4.03) [VEL-01 fired] | circular-flow participation = 1 (contribution +0.35) [AML-03 fired] | distinct receivers (28d) = 28 (contribution +0.07) [NET-02 fired],3167.92,14.0,New,test
ALT-W15-19990,15,105,19990,HIGH,99.793,Strong,4,9,Velocity anomaly,VEL-01 High absolute velocity,"BEH-02 New-counterparty burst, AML-01 Rapid pass-through, NET-01 Fan-in collector, NET-02 Fan-out distributor, NET-03 Flow centrality (PageRank)","VEL-01, BEH-02, AML-01, NET-01, NET-02, NET-03",weekly transaction count = 16 (contribution +4.31) [VEL-01 fired] | distinct receivers (28d) = 28 (contribution +0.07) [NET-02 fired] | velocity vs own history = 1.524 (contribution +0.02),4230.03,16.0,New,test
ALT-W15-19983,15,105,19983,HIGH,99.783,Strong,4,8,Velocity anomaly,VEL-01 High absolute velocity,"BEH-02 New-counterparty burst, AML-01 Rapid pass-through, NET-01 Fan-in collector, NET-02 Fan-out distributor, NET-03 Flow centrality (PageRank)","VEL-01, BEH-02, AML-01, NET-01, NET-02, NET-03",weekly transaction count = 15 (contribution +4.18) [VEL-01 fired] | distinct receivers (28d) = 28 (contribution +0.07) [NET-02 fired] | velocity vs own history = 1.739 (contribution +0.07),4745.7,15.0,New,test
ALT-W15-09978,15,105,9978,HIGH,99.774,Strong,3,10,Velocity anomaly,VEL-01 High absolute velocity,"BEH-02 New-counterparty burst, NET-01 Fan-in collector, NET-02 Fan-out distributor, NET-03 Flow centrality (PageRank)","VEL-01, BEH-02, NET-01, NET-02, NET-03",weekly transaction count = 15 (contribution +4.18) [VEL-01 fired] | distinct receivers (28d) = 28 (contribution +0.07) [NET-02 fired] | velocity vs own history = 1.492 (contribution +0.02),4742.52,15.0,New,test
ALT-W15-19987,15,105,19987,HIGH,99.763,Strong,3,11,Velocity anomaly,VEL-01 High absolute velocity,"BEH-02 New-counterparty burst, NET-01 Fan-in collector, NET-02 Fan-out distributor","VEL-01, BEH-02, NET-01, NET-02",weekly transaction count = 15 (contribution +4.18) [VEL-01 fired] | distinct receivers (28d) = 30 (contribution +0.07) [NET-02 fired],2668.83,15.0,New,test
ALT-W15-09994,15,105,9994,HIGH,99.722,Strong,4,11,Velocity anomaly,VEL-01 High absolute velocity,"BEH-02 New-counterparty burst, AML-01 Rapid pass-through, NET-01 Fan-in collector, NET-02 Fan-out distributor, NET-03 Flow centrality (PageRank)","VEL-01, BEH-02, AML-01, NET-01, NET-02, NET-03",weekly transaction count = 14 (contribution +4.03) [VEL-01 fired] | distinct receivers (28d) = 28 (contribution +0.07) [NET-02 fired],4477.73,14.0,New,test
ALT-W15-19950,15,105,19950,HIGH,99.717,Limited,3,1,Velocity anomaly,VEL-01 High absolute velocity,"BEH-02 New-counterparty burst, NET-01 Fan-in collector","VEL-01, BEH-02, NET-01",weekly transaction count = 12 (contribution +3.71) [VEL-01 fired] | velocity vs own history = 3.25 (contribution +0.30),1508.7,12.0,New,test
ALT-W15-19989,15,105,19989,MEDIUM,99.696,Strong,3,8,Velocity anomaly,VEL-01 High absolute velocity,"BEH-02 New-counterparty burst, NET-01 Fan-in collector, NET-02 Fan-out distributor, NET-03 Flow centrality (PageRank)","VEL-01, BEH-02, NET-01, NET-02, NET-03",weekly transaction count = 13 (contribution +3.88) [VEL-01 fired] | distinct receivers (28d) = 29 (contribution +0.07) [NET-02 fired],2813.8999999999996,13.0,New,test
ALT-W15-09973,15,105,9973,MEDIUM,99.695,Strong,2,3,Velocity anomaly,VEL-01 High absolute velocity,NET-01 Fan-in collector,"VEL-01, NET-01",weekly transaction count = 12 (contribution +3.71) [VEL-01 fired] | velocity vs own history = 2.485 (contribution +0.19),502.47,12.0,New,test
ALT-W15-09225,15,105,9225,MEDIUM,99.667,Limited,2,1,Velocity anomaly,VEL-01 High absolute velocity,BEH-01 Velocity spike vs own baseline,"VEL-01, BEH-01",weekly transaction count = 10 (contribution +3.34) [VEL-01 fired] | velocity vs own history = 4.714 (contribution +0.45) [BEH-01 fired],33.370000000000005,10.0,New,test
ALT-W15-09993,15,105,9993,MEDIUM,99.667,Strong,4,11,Velocity anomaly,VEL-01 High absolute velocity,"BEH-02 New-counterparty burst, AML-03 Circular flow, NET-01 Fan-in collector, NET-02 Fan-out distributor, NET-03 Flow centrality (PageRank)","VEL-01, BEH-02, AML-03, NET-01, NET-02, NET-03",weekly transaction count = 11 (contribution +3.53) [VEL-01 fired] | circular-flow participation = 1 (contribution +0.35) [AML-03 fired] | distinct receivers (28d) = 28 (contribution +0.07) [NET-02 fired],2749.34,11.0,New,test
ALT-W15-09934,15,105,9934,MEDIUM,99.662,Limited,2,1,Velocity anomaly,VEL-01 High absolute velocity,"BEH-01 Velocity spike vs own baseline, BEH-02 New-counterparty burst","VEL-01, BEH-01, BEH-02",weekly transaction count = 10 (contribution +3.34) [VEL-01 fired] | velocity vs own history = 4.231 (contribution +0.41) [BEH-01 fired],1298.91,10.0,New,test
ALT-W15-19991,15,105,19991,MEDIUM,99.658,Strong,3,8,Velocity anomaly,VEL-01 High absolute velocity,"BEH-02 New-counterparty burst, NET-01 Fan-in collector, NET-02 Fan-out distributor, NET-03 Flow centrality (PageRank)","VEL-01, BEH-02, NET-01, NET-02, NET-03",weekly transaction count = 12 (contribution +3.71) [VEL-01 fired] | distinct receivers (28d) = 28 (contribution +0.07) [NET-02 fired],2387.12,12.0,New,test
ALT-W15-09960,15,105,9960,MEDIUM,99.639,Strong,3,3,Velocity anomaly,VEL-01 High absolute velocity,"BEH-02 New-counterparty burst, NET-01 Fan-in collector, NET-03 Flow centrality (PageRank)","VEL-01, BEH-02, NET-01, NET-03",weekly transaction count = 11 (contribution +3.53) [VEL-01 fired] | velocity vs own history = 2.062 (contribution +0.12),1096.35,11.0,New,test
ALT-W15-09818,15,105,9818,MEDIUM,99.635,Moderate,2,2,Velocity anomaly,VEL-01 High absolute velocity,BEH-02 New-counterparty burst,"VEL-01, BEH-02",weekly transaction count = 10 (contribution +3.34) [VEL-01 fired] | velocity vs own history = 3.025 (contribution +0.27) | distinct receivers (28d) = 6 (contribution +0.03),1171.0700000000002,10.0,New,test
ALT-W15-06089,15,105,6089,MEDIUM,99.622,Limited,2,1,Velocity anomaly,VEL-01 High absolute velocity,BEH-01 Velocity spike vs own baseline,"VEL-01, BEH-01",weekly transaction count = 9 (contribution +3.13) [VEL-01 fired] | velocity vs own history = 4.706 (contribution +0.45) [BEH-01 fired] | distinct receivers (28d) = 5 (contribution +0.03),1140.21,9.0,New,test
ALT-W15-09965,15,105,9965,MEDIUM,99.62,Moderate,3,2,Velocity anomaly,VEL-01 High absolute velocity,"BEH-02 New-counterparty burst, NET-01 Fan-in collector, NET-03 Flow centrality (PageRank)","VEL-01, BEH-02, NET-01, NET-03",weekly transaction count = 10 (contribution +3.34) [VEL-01 fired] | velocity vs own history = 2.951 (contribution +0.26),1931.6399999999999,10.0,New,test
ALT-W15-09982,15,105,9982,MEDIUM,99.62,Strong,3,10,Velocity anomaly,VEL-01 High absolute velocity,"BEH-02 New-counterparty burst, NET-01 Fan-in collector, NET-02 Fan-out distributor","VEL-01, BEH-02, NET-01, NET-02",weekly transaction count = 11 (contribution +3.53) [VEL-01 fired] | distinct receivers (28d) = 28 (contribution +0.07) [NET-02 fired],3817.02,11.0,New,test
ALT-W15-18636,15,105,18636,MEDIUM,99.61,Limited,2,1,Velocity anomaly,VEL-01 High absolute velocity,BEH-01 Velocity spike vs own baseline,"VEL-01, BEH-01",weekly transaction count = 9 (contribution +3.13) [VEL-01 fired] | velocity vs own history = 4.211 (contribution +0.40) [BEH-01 fired] | distinct receivers (28d) = 6 (contribution +0.03),1022.79,9.0,New,test
ALT-W15-19992,15,105,19992,MEDIUM,99.606,Strong,4,10,Velocity anomaly,VEL-01 High absolute velocity,"BEH-02 New-counterparty burst, AML-01 Rapid pass-through, NET-01 Fan-in collector, NET-02 Fan-out distributor, NET-03 Flow centrality (PageRank)","VEL-01, BEH-02, AML-01, NET-01, NET-02, NET-03",weekly transaction count = 11 (contribution +3.53) [VEL-01 fired] | distinct receivers (28d) = 28 (contribution +0.07) [NET-02 fired],3959.3,11.0,New,test
ALT-W15-15132,15,105,15132,MEDIUM,99.589,Limited,2,1,Velocity anomaly,VEL-01 High absolute velocity,BEH-01 Velocity spike vs own baseline,"VEL-01, BEH-01",weekly transaction count = 8 (contribution +2.89) [VEL-01 fired] | velocity vs own history = 5.786 (contribution +0.54) [BEH-01 fired] | distinct receivers (28d) = 4 (contribution +0.02),1752.43,8.0,New,test
ALT-W15-19967,15,105,19967,MEDIUM,99.571,Limited,3,1,Velocity anomaly,VEL-01 High absolute velocity,"BEH-01 Velocity spike vs own baseline, NET-01 Fan-in collector","VEL-01, BEH-01, NET-01",weekly transaction count = 9 (contribution +3.13) [VEL-01 fired] | velocity vs own history = 3.333 (contribution +0.31) [BEH-01 fired],937.99,9.0,New,test
ALT-W15-19655,15,105,19655,MEDIUM,99.564,Moderate,1,2,Velocity anomaly,VEL-01 High absolute velocity,,VEL-01,weekly transaction count = 9 (contribution +3.13) [VEL-01 fired] | velocity vs own history = 2.857 (contribution +0.25) | distinct receivers (28d) = 4 (contribution +0.02),722.9499999999999,9.0,New,test
ALT-W15-09966,15,105,9966,MEDIUM,99.536,Limited,3,1,Velocity anomaly,VEL-01 High absolute velocity,"BEH-02 New-counterparty burst, NET-01 Fan-in collector, NET-03 Flow centrality (PageRank)","VEL-01, BEH-02, NET-01, NET-03",weekly transaction count = 9 (contribution +3.13) [VEL-01 fired] | velocity vs own history = 2.791 (contribution +0.24),1521.65,9.0,New,test
ALT-W15-19985,15,105,19985,MEDIUM,99.533,Strong,3,11,Velocity anomaly,VEL-01 High absolute velocity,"BEH-02 New-counterparty burst, NET-02 Fan-out distributor","VEL-01, BEH-02, NET-02",weekly transaction count = 10 (contribution +3.34) [VEL-01 fired] | distinct receivers (28d) = 28 (contribution +0.07) [NET-02 fired],1909.18,10.0,New,test
ALT-W15-04924,15,105,4924,MEDIUM,99.532,Limited,3,1,Velocity anomaly,VEL-01 High absolute velocity,"BEH-01 Velocity spike vs own baseline, AML-03 Circular flow","VEL-01, BEH-01, AML-03",weekly transaction count = 7 (contribution +2.63) [VEL-01 fired] | circular-flow participation = 1 (contribution +0.35) [AML-03 fired] | velocity vs own history = 3.667 (contribution +0.35) [BEH-01 fired],620.78,7.0,New,test
ALT-W15-09988,15,105,9988,MEDIUM,99.521,Strong,4,11,Velocity anomaly,VEL-01 High absolute velocity,"BEH-02 New-counterparty burst, AML-03 Circular flow, NET-01 Fan-in collector, NET-02 Fan-out distributor","VEL-01, BEH-02, AML-03, NET-01, NET-02",weekly transaction count = 8 (contribution +2.89) [VEL-01 fired] | circular-flow participation = 2 (contribution +0.55) [AML-03 fired] | distinct receivers (28d) = 28 (contribution +0.07) [NET-02 fired],2961.23,8.0,New,test
ALT-W15-19993,15,105,19993,MEDIUM,99.518,Strong,4,8,Velocity anomaly,VEL-01 High absolute velocity,"BEH-02 New-counterparty burst, AML-01 Rapid pass-through, NET-01 Fan-in collector, NET-02 Fan-out distributor, NET-03 Flow centrality (PageRank)","VEL-01, BEH-02, AML-01, NET-01, NET-02, NET-03",weekly transaction count = 10 (contribution +3.34) [VEL-01 fired] | distinct receivers (28d) = 28 (contribution +0.07) [NET-02 fired],3382.1299999999997,10.0,New,test
ALT-W15-14337,15,105,14337,MEDIUM,99.49,Limited,2,1,Velocity anomaly,VEL-01 High absolute velocity,BEH-01 Velocity spike vs own baseline,"VEL-01, BEH-01",weekly transaction count = 8 (contribution +2.89) [VEL-01 fired] | velocity vs own history = 3.667 (contribution +0.35) [BEH-01 fired] | distinct receivers (28d) = 2 (contribution +0.01),30.700000000000003,8.0,New,test
ALT-W15-09989,15,105,9989,MEDIUM,99.478,Strong,4,11,Velocity anomaly,VEL-01 High absolute velocity,"TXN-01 Large transaction, BEH-02 New-counterparty burst, NET-01 Fan-in collector, NET-02 Fan-out distributor","TXN-01, VEL-01, BEH-02, NET-01, NET-02",weekly transaction count = 10 (contribution +3.34) [VEL-01 fired] | distinct receivers (28d) = 28 (contribution +0.07) [NET-02 fired],2841.1800000000003,10.0,New,test
ALT-W15-19213,15,105,19213,MEDIUM,99.47,Limited,2,1,Velocity anomaly,VEL-01 High absolute velocity,BEH-01 Velocity spike vs own baseline,"VEL-01, BEH-01",weekly transaction count = 8 (contribution +2.89) [VEL-01 fired] | velocity vs own history = 3.333 (contribution +0.31) [BEH-01 fired] | distinct receivers (28d) = 3 (contribution +0.01),458.39,8.0,New,test
ALT-W15-09846,15,105,9846,MEDIUM,99.458,Limited,2,1,Velocity anomaly,VEL-01 High absolute velocity,BEH-01 Velocity spike vs own baseline,"VEL-01, BEH-01",weekly transaction count = 8 (contribution +2.89) [VEL-01 fired] | velocity vs own history = 3.414 (contribution +0.32) [BEH-01 fired],1009.4300000000001,8.0,New,test
ALT-W15-19532,15,105,19532,MEDIUM,99.458,Limited,1,1,Velocity anomaly,VEL-01 High absolute velocity,,VEL-01,weekly transaction count = 8 (contribution +2.89) [VEL-01 fired] | velocity vs own history = 3 (contribution +0.26) | distinct receivers (28d) = 4 (contribution +0.02),610.89,8.0,New,test
ALT-W15-19916,15,105,19916,MEDIUM,99.435,Limited,3,1,Velocity anomaly,VEL-01 High absolute velocity,"BEH-02 New-counterparty burst, NET-01 Fan-in collector","VEL-01, BEH-02, NET-01",weekly transaction count = 8 (contribution +2.89) [VEL-01 fired] | velocity vs own history = 3.094 (contribution +0.28),2199.81,8.0,New,test
ALT-W15-16658,15,105,16658,MEDIUM,99.421,Limited,3,1,Velocity anomaly,VEL-01 High absolute velocity,"BEH-01 Velocity spike vs own baseline, AML-01 Rapid pass-through","VEL-01, BEH-01, AML-01",weekly transaction count = 7 (contribution +2.63) [VEL-01 fired] | velocity vs own history = 5.053 (contribution +0.48) [BEH-01 fired] | distinct receivers (28d) = 2 (contribution +0.01),434.69000000000005,7.0,New,test
ALT-W15-03955,15,105,3955,MEDIUM,99.414,Limited,3,1,Velocity anomaly,VEL-01 High absolute velocity,"BEH-01 Velocity spike vs own baseline, AML-03 Circular flow","VEL-01, BEH-01, AML-03",weekly transaction count = 6 (contribution +2.33) [VEL-01 fired] | velocity vs own history = 4.333 (contribution +0.42) [BEH-01 fired] | circular-flow participation = 1 (contribution +0.35) [AML-03 fired] | distinct receivers (28d) = 2 (contribution +0.01),447.91999999999996,6.0,New,test
ALT-W15-19988,15,105,19988,LOW,99.4,Strong,3,9,Velocity anomaly,VEL-01 High absolute velocity,"BEH-02 New-counterparty burst, NET-01 Fan-in collector, NET-02 Fan-out distributor, NET-03 Flow centrality (PageRank)","VEL-01, BEH-02, NET-01, NET-02, NET-03",weekly transaction count = 9 (contribution +3.13) [VEL-01 fired] | distinct receivers (28d) = 28 (contribution +0.07) [NET-02 fired],3350.3100000000004,9.0,New,test
ALT-W15-19986,15,105,19986,LOW,99.398,Strong,3,9,Velocity anomaly,VEL-01 High absolute velocity,"BEH-02 New-counterparty burst, NET-01 Fan-in collector, NET-02 Fan-out distributor","VEL-01, BEH-02, NET-01, NET-02",weekly transaction count = 9 (contribution +3.13) [VEL-01 fired] | distinct receivers (28d) = 28 (contribution +0.07) [NET-02 fired],3075.7,9.0,New,test
ALT-W15-18232,15,105,18232,LOW,99.348,Limited,2,1,Velocity anomaly,VEL-01 High absolute velocity,BEH-01 Velocity spike vs own baseline,"VEL-01, BEH-01",weekly transaction count = 7 (contribution +2.63) [VEL-01 fired] | velocity vs own history = 4 (contribution +0.38) [BEH-01 fired],638.75,7.0,New,test
ALT-W15-09987,15,105,9987,LOW,99.342,Strong,4,11,Velocity anomaly,VEL-01 High absolute velocity,"BEH-02 New-counterparty burst, AML-01 Rapid pass-through, NET-01 Fan-in collector, NET-02 Fan-out distributor","VEL-01, BEH-02, AML-01, NET-01, NET-02",weekly transaction count = 9 (contribution +3.13) [VEL-01 fired] | distinct receivers (28d) = 28 (contribution +0.07) [NET-02 fired],2305.33,9.0,New,test
ALT-W15-06968,15,105,6968,LOW,99.333,Limited,2,1,Velocity anomaly,VEL-01 High absolute velocity,BEH-01 Velocity spike vs own baseline,"VEL-01, BEH-01",weekly transaction count = 7 (contribution +2.63) [VEL-01 fired] | velocity vs own history = 3.81 (contribution +0.36) [BEH-01 fired] | distinct receivers (28d) = 2 (contribution +0.01),665.49,7.0,New,test
ALT-W15-09567,15,105,9567,LOW,99.333,Limited,3,1,Velocity anomaly,VEL-01 High absolute velocity,"BEH-01 Velocity spike vs own baseline, BEH-02 New-counterparty burst, NET-02 Fan-out distributor","VEL-01, BEH-01, BEH-02, NET-02",weekly transaction count = 7 (contribution +2.63) [VEL-01 fired] | velocity vs own history = 3.52 (contribution +0.33) [BEH-01 fired] | distinct receivers (28d) = 8 (contribution +0.04) [NET-02 fired],1264.1799999999998,7.0,New,test
ALT-W15-09986,15,105,9986,LOW,99.333,Strong,3,11,Velocity anomaly,VEL-01 High absolute velocity,"BEH-02 New-counterparty burst, NET-02 Fan-out distributor","VEL-01, BEH-02, NET-02",weekly transaction count = 9 (contribution +3.13) [VEL-01 fired] | distinct receivers (28d) = 28 (contribution +0.07) [NET-02 fired],1839.8000000000002,9.0,New,test
ALT-W15-09990,15,105,9990,LOW,99.333,Strong,4,11,Velocity anomaly,VEL-01 High absolute velocity,"BEH-02 New-counterparty burst, AML-01 Rapid pass-through, NET-01 Fan-in collector, NET-02 Fan-out distributor, NET-03 Flow centrality (PageRank)","VEL-01, BEH-02, AML-01, NET-01, NET-02, NET-03",weekly transaction count = 9 (contribution +3.13) [VEL-01 fired] | distinct receivers (28d) = 28 (contribution +0.07) [NET-02 fired],2158.69,9.0,New,test
ALT-W15-08284,15,105,8284,LOW,99.331,Limited,2,1,Velocity anomaly,VEL-01 High absolute velocity,BEH-01 Velocity spike vs own baseline,"VEL-01, BEH-01",weekly transaction count = 7 (contribution +2.63) [VEL-01 fired] | velocity vs own history = 3.636 (contribution +0.34) [BEH-01 fired] | distinct receivers (28d) = 4 (contribution +0.02),442.12,7.0,New,test
ALT-W15-09011,15,105,9011,LOW,99.321,Limited,2,1,Velocity anomaly,VEL-01 High absolute velocity,BEH-01 Velocity spike vs own baseline,"VEL-01, BEH-01",weekly transaction count = 7 (contribution +2.63) [VEL-01 fired] | velocity vs own history = 3.826 (contribution +0.36) [BEH-01 fired],931.21,7.0,New,test
ALT-W15-06573,15,105,6573,LOW,99.319,Limited,2,1,Velocity anomaly,VEL-01 High absolute velocity,BEH-01 Velocity spike vs own baseline,"VEL-01, BEH-01",weekly transaction count = 7 (contribution +2.63) [VEL-01 fired] | velocity vs own history = 3.636 (contribution +0.34) [BEH-01 fired] | distinct receivers (28d) = 3 (contribution +0.01),586.3299999999999,7.0,New,test
ALT-W15-09407,15,105,9407,LOW,99.303,Limited,2,1,Velocity anomaly,VEL-01 High absolute velocity,BEH-01 Velocity spike vs own baseline,"VEL-01, BEH-01",weekly transaction count = 7 (contribution +2.63) [VEL-01 fired] | velocity vs own history = 3.478 (contribution +0.32) [BEH-01 fired] | distinct receivers (28d) = 4 (contribution +0.02),555.87,7.0,New,test
ALT-W15-17298,15,105,17298,LOW,99.294,Moderate,2,2,Velocity anomaly,VEL-01 High absolute velocity,BEH-01 Velocity spike vs own baseline,"VEL-01, BEH-01",weekly transaction count = 7 (contribution +2.63) [VEL-01 fired] | velocity vs own history = 3.556 (contribution +0.33) [BEH-01 fired] | distinct receivers (28d) = 2 (contribution +0.01),772.36,7.0,New,test
ALT-W15-09953,15,105,9953,LOW,99.262,Moderate,1,2,Velocity anomaly,VEL-01 High absolute velocity,,VEL-01,weekly transaction count = 8 (contribution +2.89) [VEL-01 fired] | velocity vs own history = 1.696 (contribution +0.06),986.69,8.0,New,test
ALT-W15-07884,15,105,7884,LOW,99.248,Limited,2,1,Velocity anomaly,VEL-01 High absolute velocity,BEH-01 Velocity spike vs own baseline,"VEL-01, BEH-01",weekly transaction count = 7 (contribution +2.63) [VEL-01 fired] | velocity vs own history = 3.273 (contribution +0.30) [BEH-01 fired] | distinct receivers (28d) = 2 (contribution +0.01),617.24,7.0,New,test
ALT-W15-08909,15,105,8909,LOW,99.245,Limited,1,1,Velocity anomaly,VEL-01 High absolute velocity,,VEL-01,weekly transaction count = 7 (contribution +2.63) [VEL-01 fired] | velocity vs own history = 3.097 (contribution +0.28) | distinct receivers (28d) = 4 (contribution +0.02),711.23,7.0,New,test
ALT-W15-18951,15,105,18951,LOW,99.236,Limited,2,1,Velocity anomaly,VEL-01 High absolute velocity,BEH-01 Velocity spike vs own baseline,"VEL-01, BEH-01",weekly transaction count = 7 (contribution +2.63) [VEL-01 fired] | velocity vs own history = 3.429 (contribution +0.32) [BEH-01 fired],605.62,7.0,New,test
ALT-W15-03626,15,105,3626,LOW,99.233,Moderate,2,2,Velocity anomaly,VEL-01 High absolute velocity,BEH-01 Velocity spike vs own baseline,"VEL-01, BEH-01",weekly transaction count = 7 (contribution +2.63) [VEL-01 fired] | velocity vs own history = 3.385 (contribution +0.31) [BEH-01 fired],749.51,7.0,New,test
ALT-W15-08852,15,105,8852,LOW,99.213,Limited,1,1,Velocity anomaly,VEL-01 High absolute velocity,,VEL-01,weekly transaction count = 7 (contribution +2.63) [VEL-01 fired] | velocity vs own history = 2.88 (contribution +0.25) | distinct receivers (28d) = 3 (contribution +0.01),937.19,7.0,New,test
ALT-W15-19500,15,105,19500,LOW,99.179,Limited,3,1,Velocity anomaly,VEL-01 High absolute velocity,"BEH-02 New-counterparty burst, NET-02 Fan-out distributor","VEL-01, BEH-02, NET-02",weekly transaction count = 7 (contribution +2.63) [VEL-01 fired] | velocity vs own history = 2.462 (contribution +0.19) | distinct receivers (28d) = 10 (contribution +0.04) [NET-02 fired],980.76,7.0,New,test
ALT-W15-19674,15,105,19674,LOW,99.174,Limited,2,1,Velocity anomaly,VEL-01 High absolute velocity,NET-02 Fan-out distributor,"VEL-01, NET-02",weekly transaction count = 7 (contribution +2.63) [VEL-01 fired] | velocity vs own history = 2.4 (contribution +0.18) | distinct receivers (28d) = 8 (contribution +0.04) [NET-02 fired],731.29,7.0,New,test
ALT-W15-10896,15,105,10896,LOW,99.16,Limited,2,1,Velocity anomaly,VEL-01 High absolute velocity,BEH-01 Velocity spike vs own baseline,"VEL-01, BEH-01",weekly transaction count = 6 (contribution +2.33) [VEL-01 fired] | velocity vs own history = 5.133 (contribution +0.49) [BEH-01 fired] | distinct receivers (28d) = 3 (contribution +0.01),609.38,6.0,New,test
ALT-W15-09566,15,105,9566,LOW,99.158,Limited,1,1,Velocity anomaly,VEL-01 High absolute velocity,,VEL-01,weekly transaction count = 7 (contribution +2.63) [VEL-01 fired] | velocity vs own history = 2.444 (contribution +0.19) | distinct receivers (28d) = 3 (contribution +0.01),439.36,7.0,New,test
ALT-W15-19724,15,105,19724,LOW,99.153,Limited,3,1,Velocity anomaly,VEL-01 High absolute velocity,"BEH-02 New-counterparty burst, NET-02 Fan-out distributor","VEL-01, BEH-02, NET-02",weekly transaction count = 7 (contribution +2.63) [VEL-01 fired] | velocity vs own history = 2.207 (contribution +0.15) | distinct receivers (28d) = 9 (contribution +0.04) [NET-02 fired],2190.5299999999997,7.0,New,test
ALT-W15-19984,15,105,19984,LOW,99.15,Strong,3,10,Velocity anomaly,VEL-01 High absolute velocity,"BEH-02 New-counterparty burst, NET-02 Fan-out distributor","VEL-01, BEH-02, NET-02",weekly transaction count = 8 (contribution +2.89) [VEL-01 fired] | distinct receivers (28d) = 28 (contribution +0.07) [NET-02 fired],2769.5699999999997,8.0,New,test
ALT-W15-19966,15,105,19966,LOW,99.135,Limited,3,1,Velocity anomaly,VEL-01 High absolute velocity,"BEH-02 New-counterparty burst, NET-01 Fan-in collector","VEL-01, BEH-02, NET-01",weekly transaction count = 7 (contribution +2.63) [VEL-01 fired] | velocity vs own history = 2.5 (contribution +0.19),2538.6,7.0,New,test
ALT-W15-13154,15,105,13154,LOW,99.134,Limited,2,1,Velocity anomaly,VEL-01 High absolute velocity,BEH-01 Velocity spike vs own baseline,"VEL-01, BEH-01",weekly transaction count = 6 (contribution +2.33) [VEL-01 fired] | velocity vs own history = 4.789 (contribution +0.46) [BEH-01 fired] | distinct receivers (28d) = 2 (contribution +0.01),545.93,6.0,New,test
ALT-W15-19657,15,105,19657,LOW,99.126,Moderate,3,2,Velocity anomaly,VEL-01 High absolute velocity,"BEH-02 New-counterparty burst, NET-02 Fan-out distributor","VEL-01, BEH-02, NET-02",weekly transaction count = 7 (contribution +2.63) [VEL-01 fired] | velocity vs own history = 2.074 (contribution +0.13) | distinct receivers (28d) = 8 (contribution +0.04) [NET-02 fired],1702.37,7.0,New,test
ALT-W15-10638,15,105,10638,LOW,99.122,Limited,2,1,Velocity anomaly,VEL-01 High absolute velocity,BEH-01 Velocity spike vs own baseline,"VEL-01, BEH-01",weekly transaction count = 6 (contribution +2.33) [VEL-01 fired] | velocity vs own history = 5.091 (contribution +0.49) [BEH-01 fired],410.81,6.0,New,test
ALT-W15-19961,15,105,19961,LOW,99.097,Limited,3,1,Velocity anomaly,VEL-01 High absolute velocity,"BEH-02 New-counterparty burst, NET-01 Fan-in collector","VEL-01, BEH-02, NET-01",weekly transaction count = 7 (contribution +2.63) [VEL-01 fired] | velocity vs own history = 2.311 (contribution +0.17),2048.7,7.0,New,test
ALT-W15-09496,15,105,9496,LOW,99.091,Moderate,1,2,Velocity anomaly,VEL-01 High absolute velocity,,VEL-01,weekly transaction count = 7 (contribution +2.63) [VEL-01 fired] | velocity vs own history = 2 (contribution +0.11) | distinct receivers (28d) = 4 (contribution +0.02),660.45,7.0,New,test
ALT-W15-04623,15,105,4623,LOW,99.09,Limited,2,1,Velocity anomaly,VEL-01 High absolute velocity,BEH-01 Velocity spike vs own baseline,"VEL-01, BEH-01",weekly transaction count = 6 (contribution +2.33) [VEL-01 fired] | velocity vs own history = 4.278 (contribution +0.41) [BEH-01 fired] | distinct receivers (28d) = 4 (contribution +0.02),472.32,6.0,New,test
ALT-W15-14975,15,105,14975,LOW,99.081,Limited,2,1,Velocity anomaly,VEL-01 High absolute velocity,BEH-01 Velocity spike vs own baseline,"VEL-01, BEH-01",weekly transaction count = 6 (contribution +2.33) [VEL-01 fired] | velocity vs own history = 4.2 (contribution +0.40) [BEH-01 fired] | distinct receivers (28d) = 4 (contribution +0.02),383.3,6.0,New,test
ALT-W15-10330,15,105,10330,LOW,99.077,Limited,2,1,Velocity anomaly,VEL-01 High absolute velocity,BEH-01 Velocity spike vs own baseline,"VEL-01, BEH-01",weekly transaction count = 6 (contribution +2.33) [VEL-01 fired] | velocity vs own history = 4.455 (contribution +0.43) [BEH-01 fired],447.21,6.0,New,test
ALT-W15-04412,15,105,4412,LOW,99.063,Limited,2,1,Velocity anomaly,VEL-01 High absolute velocity,BEH-01 Velocity spike vs own baseline,"VEL-01, BEH-01",weekly transaction count = 6 (contribution +2.33) [VEL-01 fired] | velocity vs own history = 4.278 (contribution +0.41) [BEH-01 fired] | distinct receivers (28d) = 2 (contribution +0.01),321.24,6.0,New,test
ALT-W15-03270,15,105,3270,LOW,99.057,Limited,2,1,Velocity anomaly,VEL-01 High absolute velocity,BEH-01 Velocity spike vs own baseline,"VEL-01, BEH-01",weekly transaction count = 6 (contribution +2.33) [VEL-01 fired] | velocity vs own history = 4.2 (contribution +0.40) [BEH-01 fired] | distinct receivers (28d) = 2 (contribution +0.01),154.20000000000002,6.0,New,test
ALT-W15-09967,15,105,9967,LOW,99.057,Limited,3,1,Velocity anomaly,VEL-01 High absolute velocity,"BEH-02 New-counterparty burst, NET-01 Fan-in collector","VEL-01, BEH-02, NET-01",weekly transaction count = 7 (contribution +2.63) [VEL-01 fired] | velocity vs own history = 2.146 (contribution +0.14),1482.64,7.0,New,test
ALT-W15-01895,15,105,1895,LOW,99.045,Limited,2,1,Velocity anomaly,VEL-01 High absolute velocity,BEH-01 Velocity spike vs own baseline,"VEL-01, BEH-01",weekly transaction count = 6 (contribution +2.33) [VEL-01 fired] | velocity vs own history = 4.261 (contribution +0.41) [BEH-01 fired],447.21,6.0,New,test
ALT-W15-09944,15,105,9944,LOW,99.044,Moderate,3,2,Velocity anomaly,VEL-01 High absolute velocity,"BEH-02 New-counterparty burst, NET-01 Fan-in collector","VEL-01, BEH-02, NET-01",weekly transaction count = 7 (contribution +2.63) [VEL-01 fired] | velocity vs own history = 2.095 (contribution +0.13),1567.6299999999999,7.0,New,test
ALT-W15-19962,15,105,19962,LOW,99.035,Moderate,3,2,Velocity anomaly,VEL-01 High absolute velocity,"BEH-02 New-counterparty burst, NET-01 Fan-in collector","VEL-01, BEH-02, NET-01",weekly transaction count = 7 (contribution +2.63) [VEL-01 fired] | velocity vs own history = 2.065 (contribution +0.12),1739.2,7.0,New,test
ALT-W15-11520,15,105,11520,LOW,99.03,Limited,2,1,Velocity anomaly,VEL-01 High absolute velocity,BEH-01 Velocity spike vs own baseline,"VEL-01, BEH-01",weekly transaction count = 6 (contribution +2.33) [VEL-01 fired] | velocity vs own history = 4.053 (contribution +0.39) [BEH-01 fired] | distinct receivers (28d) = 2 (contribution +0.01),230.20999999999998,6.0,New,test
ALT-W15-04164,15,105,4164,LOW,99.017,Limited,2,1,Velocity anomaly,VEL-01 High absolute velocity,BEH-01 Velocity spike vs own baseline,"VEL-01, BEH-01",weekly transaction count = 6 (contribution +2.33) [VEL-01 fired] | velocity vs own history = 3.85 (contribution +0.37) [BEH-01 fired] | distinct receivers (28d) = 3 (contribution +0.01),532.4499999999999,6.0,New,test
ALT-W15-15379,15,105,15379,LOW,99.007,Limited,2,1,Velocity anomaly,VEL-01 High absolute velocity,BEH-01 Velocity spike vs own baseline,"VEL-01, BEH-01",weekly transaction count = 6 (contribution +2.33) [VEL-01 fired] | velocity vs own history = 3.706 (contribution +0.35) [BEH-01 fired] | distinct receivers (28d) = 4 (contribution +0.02),152.39,6.0,New,test
ALT-W16-19998,16,112,19998,CRITICAL,99.999,Strong,5,9,Velocity anomaly,VEL-01 High absolute velocity,"TXN-01 Large transaction, BEH-02 New-counterparty burst, AML-03 Circular flow, NET-01 Fan-in collector, NET-02 Fan-out distributor, NET-03 Flow centrality (PageRank)","TXN-01, VEL-01, BEH-02, AML-03, NET-01, NET-02, NET-03",weekly transaction count = 36 (contribution +6.04) [VEL-01 fired] | circular-flow participation = 1 (contribution +0.35) [AML-03 fired] | velocity vs own history = 2.011 (contribution +0.12) | distinct receivers (28d) = 56 (contribution +0.09) [NET-02 fired],11099.66,36.0,New,test
ALT-W16-09998,16,112,9998,CRITICAL,99.997,Strong,5,12,Velocity anomaly,VEL-01 High absolute velocity,"TXN-01 Large transaction, BEH-02 New-counterparty burst, AML-01 Rapid pass-through, AML-03 Circular flow, NET-01 Fan-in collector, NET-02 Fan-out distributor, NET-03 Flow centrality (PageRank)","TXN-01, VEL-01, BEH-02, AML-01, AML-03, NET-01, NET-02, NET-03",weekly transaction count = 32 (contribution +5.79) [VEL-01 fired] | circular-flow participation = 2 (contribution +0.55) [AML-03 fired] | distinct receivers (28d) = 55 (contribution +0.09) [NET-02 fired] | velocity vs own history = 1.419 (contribution +0.00),10628.380000000001,32.0,New,test
ALT-W16-09999,16,112,9999,CRITICAL,99.992,Strong,4,12,Velocity anomaly,VEL-01 High absolute velocity,"BEH-02 New-counterparty burst, AML-01 Rapid pass-through, NET-01 Fan-in collector, NET-02 Fan-out distributor, NET-03 Flow centrality (PageRank)","VEL-01, BEH-02, AML-01, NET-01, NET-02, NET-03",weekly transaction count = 36 (contribution +6.04) [VEL-01 fired] | distinct receivers (28d) = 56 (contribution +0.09) [NET-02 fired] | velocity vs own history = 1.721 (contribution +0.06),11039.98,36.0,New,test
ALT-W16-19999,16,112,19999,CRITICAL,99.992,Strong,3,9,Velocity anomaly,VEL-01 High absolute velocity,"BEH-02 New-counterparty burst, NET-01 Fan-in collector, NET-02 Fan-out distributor, NET-03 Flow centrality (PageRank)","VEL-01, BEH-02, NET-01, NET-02, NET-03",weekly transaction count = 35 (contribution +5.98) [VEL-01 fired] | velocity vs own history = 2.164 (contribution +0.14) | distinct receivers (28d) = 56 (contribution +0.09) [NET-02 fired],11268.060000000001,35.0,New,test
ALT-W16-19993,16,112,19993,CRITICAL,99.94,Strong,5,9,Velocity anomaly,VEL-01 High absolute velocity,"TXN-01 Large transaction, BEH-02 New-counterparty burst, AML-01 Rapid pass-through, NET-01 Fan-in collector, NET-02 Fan-out distributor, NET-03 Flow centrality (PageRank)","TXN-01, VEL-01, BEH-02, AML-01, NET-01, NET-02, NET-03",weekly transaction count = 23 (contribution +5.08) [VEL-01 fired] | velocity vs own history = 2.045 (contribution +0.12) | distinct receivers (28d) = 31 (contribution +0.07) [NET-02 fired],4759.72,23.0,New,test
ALT-W16-09997,16,112,9997,HIGH,99.889,Strong,4,12,Velocity anomaly,VEL-01 High absolute velocity,"BEH-02 New-counterparty burst, AML-03 Circular flow, NET-01 Fan-in collector, NET-02 Fan-out distributor, NET-03 Flow centrality (PageRank)","VEL-01, BEH-02, AML-03, NET-01, NET-02, NET-03",weekly transaction count = 18 (contribution +4.56) [VEL-01 fired] | circular-flow participation = 1 (contribution +0.35) [AML-03 fired] | distinct receivers (28d) = 28 (contribution +0.07) [NET-02 fired],4680.67,18.0,New,test
ALT-W16-19981,16,112,19981,HIGH,99.889,Strong,3,9,Velocity anomaly,VEL-01 High absolute velocity,"BEH-02 New-counterparty burst, NET-01 Fan-in collector, NET-02 Fan-out distributor, NET-03 Flow centrality (PageRank)","VEL-01, BEH-02, NET-01, NET-02, NET-03",weekly transaction count = 20 (contribution +4.78) [VEL-01 fired] | velocity vs own history = 2.049 (contribution +0.12) | distinct receivers (28d) = 28 (contribution +0.07) [NET-02 fired],4270.4400000000005,20.0,New,test
ALT-W16-19997,16,112,19997,HIGH,99.88,Strong,3,9,Velocity anomaly,VEL-01 High absolute velocity,"BEH-02 New-counterparty burst, NET-01 Fan-in collector, NET-02 Fan-out distributor, NET-03 Flow centrality (PageRank)","VEL-01, BEH-02, NET-01, NET-02, NET-03",weekly transaction count = 20 (contribution +4.78) [VEL-01 fired] | velocity vs own history = 1.791 (contribution +0.08) | distinct receivers (28d) = 28 (contribution +0.07) [NET-02 fired],5190.75,20.0,New,test
ALT-W16-19996,16,112,19996,HIGH,99.839,Strong,3,9,Velocity anomaly,VEL-01 High absolute velocity,"BEH-02 New-counterparty burst, NET-01 Fan-in collector, NET-02 Fan-out distributor, NET-03 Flow centrality (PageRank)","VEL-01, BEH-02, NET-01, NET-02, NET-03",weekly transaction count = 18 (contribution +4.56) [VEL-01 fired] | velocity vs own history = 1.857 (contribution +0.09) | distinct receivers (28d) = 28 (contribution +0.07) [NET-02 fired],4069.5299999999997,18.0,New,test
ALT-W16-09993,16,112,9993,HIGH,99.838,Strong,4,12,Velocity anomaly,VEL-01 High absolute velocity,"BEH-02 New-counterparty burst, AML-03 Circular flow, NET-01 Fan-in collector, NET-02 Fan-out distributor, NET-03 Flow centrality (PageRank)","VEL-01, BEH-02, AML-03, NET-01, NET-02, NET-03",weekly transaction count = 15 (contribution +4.18) [VEL-01 fired] | circular-flow participation = 2 (contribution +0.55) [AML-03 fired] | distinct receivers (28d) = 28 (contribution +0.07) [NET-02 fired],4187.58,15.0,New,test
ALT-W16-19992,16,112,19992,HIGH,99.837,Strong,4,11,Velocity anomaly,VEL-01 High absolute velocity,"BEH-02 New-counterparty burst, AML-01 Rapid pass-through, NET-01 Fan-in collector, NET-02 Fan-out distributor, NET-03 Flow centrality (PageRank)","VEL-01, BEH-02, AML-01, NET-01, NET-02, NET-03",weekly transaction count = 18 (contribution +4.56) [VEL-01 fired] | distinct receivers (28d) = 28 (contribution +0.07) [NET-02 fired] | velocity vs own history = 1.75 (contribution +0.07),5949.74,18.0,New,test
ALT-W16-09980,16,112,9980,HIGH,99.833,Strong,5,12,Velocity anomaly,VEL-01 High absolute velocity,"TXN-01 Large transaction, BEH-02 New-counterparty burst, AML-01 Rapid pass-through, NET-01 Fan-in collector, NET-02 Fan-out distributor, NET-03 Flow centrality (PageRank)","TXN-01, VEL-01, BEH-02, AML-01, NET-01, NET-02, NET-03",weekly transaction count = 18 (contribution +4.56) [VEL-01 fired] | distinct receivers (28d) = 28 (contribution +0.07) [NET-02 fired] | velocity vs own history = 1.594 (contribution +0.04),5549.17,18.0,New,test
ALT-W16-09983,16,112,9983,HIGH,99.797,Strong,3,9,Velocity anomaly,VEL-01 High absolute velocity,"BEH-02 New-counterparty burst, NET-01 Fan-in collector, NET-02 Fan-out distributor, NET-03 Flow centrality (PageRank)","VEL-01, BEH-02, NET-01, NET-02, NET-03",weekly transaction count = 16 (contribution +4.31) [VEL-01 fired] | distinct receivers (28d) = 28 (contribution +0.07) [NET-02 fired] | velocity vs own history = 1.729 (contribution +0.06),5131.73,16.0,New,test
ALT-W16-19995,16,112,19995,HIGH,99.797,Strong,3,9,Velocity anomaly,VEL-01 High absolute velocity,"BEH-02 New-counterparty burst, NET-01 Fan-in collector, NET-02 Fan-out distributor, NET-03 Flow centrality (PageRank)","VEL-01, BEH-02, NET-01, NET-02, NET-03",weekly transaction count = 16 (contribution +4.31) [VEL-01 fired] | distinct receivers (28d) = 29 (contribution +0.07) [NET-02 fired] | velocity vs own history = 1.747 (contribution +0.07),3991.2799999999997,16.0,New,test
ALT-W16-09994,16,112,9994,HIGH,99.793,Strong,4,12,Velocity anomaly,VEL-01 High absolute velocity,"BEH-02 New-counterparty burst, AML-01 Rapid pass-through, NET-01 Fan-in collector, NET-02 Fan-out distributor, NET-03 Flow centrality (PageRank)","VEL-01, BEH-02, AML-01, NET-01, NET-02, NET-03",weekly transaction count = 16 (contribution +4.31) [VEL-01 fired] | distinct receivers (28d) = 28 (contribution +0.07) [NET-02 fired],4626.11,16.0,New,test
ALT-W16-09982,16,112,9982,HIGH,99.788,Strong,3,11,Velocity anomaly,VEL-01 High absolute velocity,"BEH-02 New-counterparty burst, NET-01 Fan-in collector, NET-02 Fan-out distributor, NET-03 Flow centrality (PageRank)","VEL-01, BEH-02, NET-01, NET-02, NET-03",weekly transaction count = 15 (contribution +4.18) [VEL-01 fired] | velocity vs own history = 1.793 (contribution +0.08) | distinct receivers (28d) = 28 (contribution +0.07) [NET-02 fired],4616.55,15.0,New,test
ALT-W16-19983,16,112,19983,HIGH,99.777,Strong,4,9,Velocity anomaly,VEL-01 High absolute velocity,"BEH-02 New-counterparty burst, AML-01 Rapid pass-through, NET-01 Fan-in collector, NET-02 Fan-out distributor, NET-03 Flow centrality (PageRank)","VEL-01, BEH-02, AML-01, NET-01, NET-02, NET-03",weekly transaction count = 15 (contribution +4.18) [VEL-01 fired] | distinct receivers (28d) = 28 (contribution +0.07) [NET-02 fired] | velocity vs own history = 1.63 (contribution +0.04),5112.01,15.0,New,test
ALT-W16-09981,16,112,9981,HIGH,99.774,Strong,4,11,Velocity anomaly,VEL-01 High absolute velocity,"BEH-02 New-counterparty burst, AML-01 Rapid pass-through, NET-01 Fan-in collector, NET-02 Fan-out distributor, NET-03 Flow centrality (PageRank)","VEL-01, BEH-02, AML-01, NET-01, NET-02, NET-03",weekly transaction count = 15 (contribution +4.18) [VEL-01 fired] | distinct receivers (28d) = 28 (contribution +0.07) [NET-02 fired] | velocity vs own history = 1.552 (contribution +0.03),3658.1,15.0,New,test
ALT-W16-19994,16,112,19994,HIGH,99.774,Strong,3,9,Velocity anomaly,VEL-01 High absolute velocity,"BEH-02 New-counterparty burst, NET-01 Fan-in collector, NET-02 Fan-out distributor, NET-03 Flow centrality (PageRank)","VEL-01, BEH-02, NET-01, NET-02, NET-03",weekly transaction count = 15 (contribution +4.18) [VEL-01 fired] | distinct receivers (28d) = 28 (contribution +0.07) [NET-02 fired],4657.0,15.0,New,test
ALT-W16-09996,16,112,9996,HIGH,99.761,Strong,4,12,Velocity anomaly,VEL-01 High absolute velocity,"TXN-01 Large transaction, BEH-02 New-counterparty burst, NET-01 Fan-in collector, NET-02 Fan-out distributor, NET-03 Flow centrality (PageRank)","TXN-01, VEL-01, BEH-02, NET-01, NET-02, NET-03",weekly transaction count = 15 (contribution +4.18) [VEL-01 fired] | distinct receivers (28d) = 28 (contribution +0.07) [NET-02 fired],4759.950000000001,15.0,New,test
ALT-W16-07430,16,112,7430,HIGH,99.746,Limited,2,1,Velocity anomaly,VEL-01 High absolute velocity,BEH-01 Velocity spike vs own baseline,"VEL-01, BEH-01",weekly transaction count = 11 (contribution +3.53) [VEL-01 fired] | velocity vs own history = 6.5 (contribution +0.60) [BEH-01 fired],332.78,11.0,New,test
ALT-W16-09978,16,112,9978,HIGH,99.738,Strong,3,11,Velocity anomaly,VEL-01 High absolute velocity,"BEH-02 New-counterparty burst, NET-01 Fan-in collector, NET-02 Fan-out distributor, NET-03 Flow centrality (PageRank)","VEL-01, BEH-02, NET-01, NET-02, NET-03",weekly transaction count = 14 (contribution +4.03) [VEL-01 fired] | distinct receivers (28d) = 28 (contribution +0.07) [NET-02 fired],4256.860000000001,14.0,New,test
ALT-W16-09995,16,112,9995,HIGH,99.722,Strong,4,12,Velocity anomaly,VEL-01 High absolute velocity,"BEH-02 New-counterparty burst, AML-01 Rapid pass-through, NET-01 Fan-in collector, NET-02 Fan-out distributor, NET-03 Flow centrality (PageRank)","VEL-01, BEH-02, AML-01, NET-01, NET-02, NET-03",weekly transaction count = 14 (contribution +4.03) [VEL-01 fired] | distinct receivers (28d) = 29 (contribution +0.07) [NET-02 fired],4869.85,14.0,New,test
ALT-W16-09988,16,112,9988,HIGH,99.717,Strong,4,12,Velocity anomaly,VEL-01 High absolute velocity,"BEH-02 New-counterparty burst, AML-03 Circular flow, NET-01 Fan-in collector, NET-02 Fan-out distributor","VEL-01, BEH-02, AML-03, NET-01, NET-02",weekly transaction count = 11 (contribution +3.53) [VEL-01 fired] | circular-flow participation = 2 (contribution +0.55) [AML-03 fired] | distinct receivers (28d) = 28 (contribution +0.07) [NET-02 fired],3498.55,11.0,New,test
ALT-W16-09992,16,112,9992,HIGH,99.717,Strong,4,12,Velocity anomaly,VEL-01 High absolute velocity,"TXN-01 Large transaction, BEH-02 New-counterparty burst, NET-01 Fan-in collector, NET-02 Fan-out distributor, NET-03 Flow centrality (PageRank)","TXN-01, VEL-01, BEH-02, NET-01, NET-02, NET-03",weekly transaction count = 14 (contribution +4.03) [VEL-01 fired] | distinct receivers (28d) = 28 (contribution +0.07) [NET-02 fired],3314.8199999999997,14.0,New,test
ALT-W16-19982,16,112,19982,HIGH,99.708,Strong,3,9,Velocity anomaly,VEL-01 High absolute velocity,"BEH-02 New-counterparty burst, NET-01 Fan-in collector, NET-02 Fan-out distributor, NET-03 Flow centrality (PageRank)","VEL-01, BEH-02, NET-01, NET-02, NET-03",weekly transaction count = 13 (contribution +3.88) [VEL-01 fired] | distinct receivers (28d) = 28 (contribution +0.07) [NET-02 fired] | velocity vs own history = 1.436 (contribution +0.00),3379.29,13.0,New,test
ALT-W16-09987,16,112,9987,MEDIUM,99.681,Strong,3,12,Velocity anomaly,VEL-01 High absolute velocity,"BEH-02 New-counterparty burst, NET-01 Fan-in collector, NET-02 Fan-out distributor","VEL-01, BEH-02, NET-01, NET-02",weekly transaction count = 13 (contribution +3.88) [VEL-01 fired] | distinct receivers (28d) = 28 (contribution +0.07) [NET-02 fired],1804.39,13.0,New,test
ALT-W16-19989,16,112,19989,MEDIUM,99.657,Strong,3,9,Velocity anomaly,VEL-01 High absolute velocity,"BEH-02 New-counterparty burst, NET-01 Fan-in collector, NET-02 Fan-out distributor, NET-03 Flow centrality (PageRank)","VEL-01, BEH-02, NET-01, NET-02, NET-03",weekly transaction count = 12 (contribution +3.71) [VEL-01 fired] | distinct receivers (28d) = 29 (contribution +0.07) [NET-02 fired],3530.09,12.0,New,test
ALT-W16-19990,16,112,19990,MEDIUM,99.657,Strong,5,10,Velocity anomaly,VEL-01 High absolute velocity,"TXN-01 Large transaction, BEH-02 New-counterparty burst, AML-01 Rapid pass-through, NET-01 Fan-in collector, NET-02 Fan-out distributor, NET-03 Flow centrality (PageRank)","TXN-01, VEL-01, BEH-02, AML-01, NET-01, NET-02, NET-03",weekly transaction count = 12 (contribution +3.71) [VEL-01 fired] | distinct receivers (28d) = 28 (contribution +0.07) [NET-02 fired],3578.24,12.0,New,test
ALT-W16-09729,16,112,9729,MEDIUM,99.624,Moderate,1,2,Velocity anomaly,VEL-01 High absolute velocity,,VEL-01,weekly transaction count = 10 (contribution +3.34) [VEL-01 fired] | velocity vs own history = 3.143 (contribution +0.28),120.19999999999999,10.0,New,test
ALT-W16-09243,16,112,9243,MEDIUM,99.613,Limited,2,1,Velocity anomaly,VEL-01 High absolute velocity,BEH-01 Velocity spike vs own baseline,"VEL-01, BEH-01",weekly transaction count = 9 (contribution +3.13) [VEL-01 fired] | velocity vs own history = 4.286 (contribution +0.41) [BEH-01 fired] | distinct receivers (28d) = 6 (contribution +0.03),1088.33,9.0,New,test
ALT-W16-09278,16,112,9278,MEDIUM,99.607,Limited,2,1,Velocity anomaly,VEL-01 High absolute velocity,BEH-01 Velocity spike vs own baseline,"VEL-01, BEH-01",weekly transaction count = 9 (contribution +3.13) [VEL-01 fired] | velocity vs own history = 4.231 (contribution +0.41) [BEH-01 fired] | distinct receivers (28d) = 4 (contribution +0.02),1122.98,9.0,New,test
ALT-W16-19980,16,112,19980,MEDIUM,99.606,Strong,4,10,Velocity anomaly,VEL-01 High absolute velocity,"BEH-02 New-counterparty burst, AML-01 Rapid pass-through, NET-01 Fan-in collector, NET-02 Fan-out distributor, NET-03 Flow centrality (PageRank)","VEL-01, BEH-02, AML-01, NET-01, NET-02, NET-03",weekly transaction count = 11 (contribution +3.53) [VEL-01 fired] | distinct receivers (28d) = 28 (contribution +0.07) [NET-02 fired],2831.77,11.0,New,test
ALT-W16-19988,16,112,19988,MEDIUM,99.606,Strong,3,10,Velocity anomaly,VEL-01 High absolute velocity,"BEH-02 New-counterparty burst, NET-01 Fan-in collector, NET-02 Fan-out distributor","VEL-01, BEH-02, NET-01, NET-02",weekly transaction count = 11 (contribution +3.53) [VEL-01 fired] | distinct receivers (28d) = 28 (contribution +0.07) [NET-02 fired],3704.1900000000005,11.0,New,test
ALT-W16-19991,16,112,19991,MEDIUM,99.603,Strong,4,9,Velocity anomaly,VEL-01 High absolute velocity,"TXN-01 Large transaction, BEH-02 New-counterparty burst, NET-01 Fan-in collector, NET-02 Fan-out distributor, NET-03 Flow centrality (PageRank)","TXN-01, VEL-01, BEH-02, NET-01, NET-02, NET-03",weekly transaction count = 11 (contribution +3.53) [VEL-01 fired] | distinct receivers (28d) = 28 (contribution +0.07) [NET-02 fired],2935.6400000000003,11.0,New,test
ALT-W16-19979,16,112,19979,MEDIUM,99.597,Strong,3,10,Velocity anomaly,VEL-01 High absolute velocity,"BEH-02 New-counterparty burst, NET-01 Fan-in collector, NET-02 Fan-out distributor, NET-03 Flow centrality (PageRank)","VEL-01, BEH-02, NET-01, NET-02, NET-03",weekly transaction count = 11 (contribution +3.53) [VEL-01 fired] | distinct receivers (28d) = 29 (contribution +0.07) [NET-02 fired],3217.9000000000005,11.0,New,test
ALT-W16-09991,16,112,9991,MEDIUM,99.585,Strong,4,12,Velocity anomaly,VEL-01 High absolute velocity,"BEH-02 New-counterparty burst, AML-01 Rapid pass-through, NET-01 Fan-in collector, NET-02 Fan-out distributor, NET-03 Flow centrality (PageRank)","VEL-01, BEH-02, AML-01, NET-01, NET-02, NET-03",weekly transaction count = 11 (contribution +3.53) [VEL-01 fired] | distinct receivers (28d) = 28 (contribution +0.07) [NET-02 fired],3584.92,11.0,New,test
ALT-W16-19897,16,112,19897,MEDIUM,99.583,Strong,2,3,Velocity anomaly,VEL-01 High absolute velocity,NET-01 Fan-in collector,"VEL-01, NET-01",weekly transaction count = 10 (contribution +3.34) [VEL-01 fired] | velocity vs own history = 2.062 (contribution +0.12),1720.11,10.0,New,test
ALT-W16-14009,16,112,14009,MEDIUM,99.557,Limited,2,1,Velocity anomaly,VEL-01 High absolute velocity,BEH-01 Velocity spike vs own baseline,"VEL-01, BEH-01",weekly transaction count = 8 (contribution +2.89) [VEL-01 fired] | velocity vs own history = 4.909 (contribution +0.47) [BEH-01 fired] | distinct receivers (28d) = 3 (contribution +0.01),1166.05,8.0,New,test
ALT-W16-19901,16,112,19901,MEDIUM,99.537,Limited,2,1,Velocity anomaly,VEL-01 High absolute velocity,"NET-01 Fan-in collector, NET-03 Flow centrality (PageRank)","VEL-01, NET-01, NET-03",weekly transaction count = 9 (contribution +3.13) [VEL-01 fired] | velocity vs own history = 2.821 (contribution +0.24),1282.73,9.0,New,test
ALT-W16-17535,16,112,17535,MEDIUM,99.534,Limited,2,1,Velocity anomaly,VEL-01 High absolute velocity,BEH-01 Velocity spike vs own baseline,"VEL-01, BEH-01",weekly transaction count = 8 (contribution +2.89) [VEL-01 fired] | velocity vs own history = 4.5 (contribution +0.43) [BEH-01 fired] | distinct receivers (28d) = 2 (contribution +0.01),1047.74,8.0,New,test
ALT-W16-19967,16,112,19967,MEDIUM,99.524,Moderate,3,2,Velocity anomaly,VEL-01 High absolute velocity,"BEH-02 New-counterparty burst, NET-01 Fan-in collector, NET-03 Flow centrality (PageRank)","VEL-01, BEH-02, NET-01, NET-03",weekly transaction count = 9 (contribution +3.13) [VEL-01 fired] | velocity vs own history = 2.581 (contribution +0.21),2561.78,9.0,New,test
ALT-W16-07783,16,112,7783,MEDIUM,99.502,Moderate,2,2,Velocity anomaly,VEL-01 High absolute velocity,BEH-01 Velocity spike vs own baseline,"VEL-01, BEH-01",weekly transaction count = 8 (contribution +2.89) [VEL-01 fired] | velocity vs own history = 3.656 (contribution +0.34) [BEH-01 fired] | distinct receivers (28d) = 6 (contribution +0.03),1114.8100000000002,8.0,New,test
ALT-W16-19962,16,112,19962,MEDIUM,99.502,Strong,3,3,Velocity anomaly,VEL-01 High absolute velocity,"BEH-02 New-counterparty burst, NET-01 Fan-in collector","VEL-01, BEH-02, NET-01",weekly transaction count = 9 (contribution +3.13) [VEL-01 fired] | velocity vs own history = 2.308 (contribution +0.16),2354.05,9.0,New,test
ALT-W16-19646,16,112,19646,MEDIUM,99.492,Limited,4,1,Velocity anomaly,VEL-01 High absolute velocity,"TXN-01 Large transaction, BEH-01 Velocity spike vs own baseline, BEH-02 New-counterparty burst, AML-01 Rapid pass-through","TXN-01, VEL-01, BEH-01, BEH-02, AML-01",weekly transaction count = 8 (contribution +2.89) [VEL-01 fired] | velocity vs own history = 3.522 (contribution +0.33) [BEH-01 fired] | distinct receivers (28d) = 6 (contribution +0.03),2654.4700000000003,8.0,New,test
ALT-W16-09990,16,112,9990,MEDIUM,99.487,Strong,4,12,Velocity anomaly,VEL-01 High absolute velocity,"BEH-02 New-counterparty burst, AML-01 Rapid pass-through, NET-01 Fan-in collector, NET-02 Fan-out distributor, NET-03 Flow centrality (PageRank)","VEL-01, BEH-02, AML-01, NET-01, NET-02, NET-03",weekly transaction count = 10 (contribution +3.34) [VEL-01 fired] | distinct receivers (28d) = 28 (contribution +0.07) [NET-02 fired],2716.77,10.0,New,test
ALT-W16-09989,16,112,9989,MEDIUM,99.478,Strong,3,12,Velocity anomaly,VEL-01 High absolute velocity,"BEH-02 New-counterparty burst, NET-02 Fan-out distributor","VEL-01, BEH-02, NET-02",weekly transaction count = 10 (contribution +3.34) [VEL-01 fired] | distinct receivers (28d) = 28 (contribution +0.07) [NET-02 fired],2738.9300000000003,10.0,New,test
ALT-W16-09935,16,112,9935,MEDIUM,99.474,Limited,3,1,Velocity anomaly,VEL-01 High absolute velocity,"BEH-01 Velocity spike vs own baseline, BEH-02 New-counterparty burst, NET-01 Fan-in collector","VEL-01, BEH-01, BEH-02, NET-01",weekly transaction count = 8 (contribution +2.89) [VEL-01 fired] | velocity vs own history = 3.724 (contribution +0.35) [BEH-01 fired],1933.7,8.0,New,test
ALT-W16-14477,16,112,14477,MEDIUM,99.463,Limited,2,1,Velocity anomaly,VEL-01 High absolute velocity,BEH-01 Velocity spike vs own baseline,"VEL-01, BEH-01",weekly transaction count = 7 (contribution +2.63) [VEL-01 fired] | velocity vs own history = 5.714 (contribution +0.54) [BEH-01 fired] | distinct receivers (28d) = 5 (contribution +0.03),656.22,7.0,New,test
ALT-W16-09771,16,112,9771,MEDIUM,99.45,Limited,3,1,Velocity anomaly,VEL-01 High absolute velocity,"BEH-02 New-counterparty burst, NET-02 Fan-out distributor","VEL-01, BEH-02, NET-02",weekly transaction count = 8 (contribution +2.89) [VEL-01 fired] | velocity vs own history = 2.769 (contribution +0.23) | distinct receivers (28d) = 8 (contribution +0.04) [NET-02 fired],2862.67,8.0,New,test
ALT-W16-19977,16,112,19977,MEDIUM,99.433,Strong,3,5,Velocity anomaly,VEL-01 High absolute velocity,"BEH-02 New-counterparty burst, NET-01 Fan-in collector, NET-03 Flow centrality (PageRank)","VEL-01, BEH-02, NET-01, NET-03",weekly transaction count = 9 (contribution +3.13) [VEL-01 fired] | velocity vs own history = 1.579 (contribution +0.03),2110.8199999999997,9.0,New,test
ALT-W16-09897,16,112,9897,MEDIUM,99.408,Limited,1,1,Velocity anomaly,VEL-01 High absolute velocity,,VEL-01,weekly transaction count = 8 (contribution +2.89) [VEL-01 fired] | velocity vs own history = 2.543 (contribution +0.20),602.95,8.0,New,test
ALT-W16-07091,16,112,7091,MEDIUM,99.404,Limited,3,1,Velocity anomaly,VEL-01 High absolute velocity,"BEH-01 Velocity spike vs own baseline, NET-02 Fan-out distributor","VEL-01, BEH-01, NET-02",weekly transaction count = 7 (contribution +2.63) [VEL-01 fired] | velocity vs own history = 4.364 (contribution +0.42) [BEH-01 fired] | distinct receivers (28d) = 7 (contribution +0.03) [NET-02 fired],908.44,7.0,New,test
ALT-W16-04266,16,112,4266,LOW,99.4,Limited,2,1,Velocity anomaly,VEL-01 High absolute velocity,BEH-01 Velocity spike vs own baseline,"VEL-01, BEH-01",weekly transaction count = 7 (contribution +2.63) [VEL-01 fired] | velocity vs own history = 4.632 (contribution +0.44) [BEH-01 fired] | distinct receivers (28d) = 2 (contribution +0.01),481.85,7.0,New,test
ALT-W16-19724,16,112,19724,LOW,99.4,Moderate,2,2,Velocity anomaly,VEL-01 High absolute velocity,NET-02 Fan-out distributor,"VEL-01, NET-02",weekly transaction count = 8 (contribution +2.89) [VEL-01 fired] | velocity vs own history = 2.189 (contribution +0.15) | distinct receivers (28d) = 10 (contribution +0.04) [NET-02 fired],915.26,8.0,New,test
ALT-W16-19984,16,112,19984,LOW,99.398,Strong,3,11,Velocity anomaly,VEL-01 High absolute velocity,"BEH-02 New-counterparty burst, NET-02 Fan-out distributor","VEL-01, BEH-02, NET-02",weekly transaction count = 9 (contribution +3.13) [VEL-01 fired] | distinct receivers (28d) = 28 (contribution +0.07) [NET-02 fired],3234.71,9.0,New,test
ALT-W16-19215,16,112,19215,LOW,99.396,Limited,2,1,Velocity anomaly,VEL-01 High absolute velocity,BEH-01 Velocity spike vs own baseline,"VEL-01, BEH-01",weekly transaction count = 7 (contribution +2.63) [VEL-01 fired] | velocity vs own history = 4.706 (contribution +0.45) [BEH-01 fired],473.32,7.0,New,test
ALT-W16-15648,16,112,15648,LOW,99.377,Limited,2,1,Velocity anomaly,VEL-01 High absolute velocity,BEH-01 Velocity spike vs own baseline,"VEL-01, BEH-01",weekly transaction count = 7 (contribution +2.63) [VEL-01 fired] | velocity vs own history = 4.211 (contribution +0.40) [BEH-01 fired] | distinct receivers (28d) = 3 (contribution +0.01),726.6500000000001,7.0,New,test
ALT-W16-09341,16,112,9341,LOW,99.345,Limited,2,1,Velocity anomaly,VEL-01 High absolute velocity,"BEH-01 Velocity spike vs own baseline, BEH-02 New-counterparty burst","VEL-01, BEH-01, BEH-02",weekly transaction count = 7 (contribution +2.63) [VEL-01 fired] | velocity vs own history = 4.19 (contribution +0.40) [BEH-01 fired],1663.37,7.0,New,test
ALT-W16-07811,16,112,7811,LOW,99.296,Limited,2,1,Velocity anomaly,VEL-01 High absolute velocity,BEH-01 Velocity spike vs own baseline,"VEL-01, BEH-01",weekly transaction count = 7 (contribution +2.63) [VEL-01 fired] | velocity vs own history = 3.429 (contribution +0.32) [BEH-01 fired] | distinct receivers (28d) = 4 (contribution +0.02),608.14,7.0,New,test
ALT-W16-09948,16,112,9948,LOW,99.293,Limited,2,1,Velocity anomaly,VEL-01 High absolute velocity,"BEH-01 Velocity spike vs own baseline, BEH-02 New-counterparty burst","VEL-01, BEH-01, BEH-02",weekly transaction count = 7 (contribution +2.63) [VEL-01 fired] | velocity vs own history = 3.84 (contribution +0.37) [BEH-01 fired],1702.41,7.0,New,test
ALT-W16-06411,16,112,6411,LOW,99.285,Moderate,2,2,Velocity anomaly,VEL-01 High absolute velocity,BEH-01 Velocity spike vs own baseline,"VEL-01, BEH-01",weekly transaction count = 7 (contribution +2.63) [VEL-01 fired] | velocity vs own history = 3.31 (contribution +0.30) [BEH-01 fired] | distinct receivers (28d) = 6 (contribution +0.03),537.12,7.0,New,test
ALT-W16-09596,16,112,9596,LOW,99.285,Limited,2,1,Velocity anomaly,VEL-01 High absolute velocity,BEH-01 Velocity spike vs own baseline,"VEL-01, BEH-01",weekly transaction count = 7 (contribution +2.63) [VEL-01 fired] | velocity vs own history = 3.394 (contribution +0.31) [BEH-01 fired] | distinct receivers (28d) = 4 (contribution +0.02),1032.67,7.0,New,test
ALT-W16-18926,16,112,18926,LOW,99.271,Limited,2,1,Velocity anomaly,VEL-01 High absolute velocity,BEH-02 New-counterparty burst,"VEL-01, BEH-02",weekly transaction count = 7 (contribution +2.63) [VEL-01 fired] | velocity vs own history = 3.2 (contribution +0.29) | distinct receivers (28d) = 6 (contribution +0.03),2956.14,7.0,New,test
ALT-W16-07832,16,112,7832,LOW,99.252,Moderate,2,2,Velocity anomaly,VEL-01 High absolute velocity,BEH-01 Velocity spike vs own baseline,"VEL-01, BEH-01",weekly transaction count = 7 (contribution +2.63) [VEL-01 fired] | velocity vs own history = 3.31 (contribution +0.30) [BEH-01 fired] | distinct receivers (28d) = 2 (contribution +0.01),638.6400000000001,7.0,New,test
ALT-W16-18446,16,112,18446,LOW,99.246,Limited,1,1,Velocity anomaly,VEL-01 High absolute velocity,,VEL-01,weekly transaction count = 7 (contribution +2.63) [VEL-01 fired] | velocity vs own history = 3.077 (contribution +0.27) | distinct receivers (28d) = 5 (contribution +0.03),756.26,7.0,New,test
ALT-W16-09336,16,112,9336,LOW,99.245,Limited,3,1,Velocity anomaly,VEL-01 High absolute velocity,"BEH-02 New-counterparty burst, NET-02 Fan-out distributor","VEL-01, BEH-02, NET-02",weekly transaction count = 7 (contribution +2.63) [VEL-01 fired] | velocity vs own history = 3 (contribution +0.26) | distinct receivers (28d) = 7 (contribution +0.03) [NET-02 fired],1442.35,7.0,New,test
ALT-W16-19951,16,112,19951,LOW,99.229,Limited,3,1,Velocity anomaly,VEL-01 High absolute velocity,"BEH-01 Velocity spike vs own baseline, BEH-02 New-counterparty burst, NET-01 Fan-in collector","VEL-01, BEH-01, BEH-02, NET-01",weekly transaction count = 7 (contribution +2.63) [VEL-01 fired] | velocity vs own history = 3.355 (contribution +0.31) [BEH-01 fired],2142.58,7.0,New,test
ALT-W16-19398,16,112,19398,LOW,99.179,Limited,1,1,Velocity anomaly,VEL-01 High absolute velocity,,VEL-01,weekly transaction count = 7 (contribution +2.63) [VEL-01 fired] | velocity vs own history = 2.545 (contribution +0.20) | distinct receivers (28d) = 6 (contribution +0.03),520.6800000000001,7.0,New,test
ALT-W16-18459,16,112,18459,LOW,99.174,Moderate,1,2,Velocity anomaly,VEL-01 High absolute velocity,,VEL-01,weekly transaction count = 7 (contribution +2.63) [VEL-01 fired] | velocity vs own history = 2.514 (contribution +0.20) | distinct receivers (28d) = 4 (contribution +0.02),647.7,7.0,New,test
ALT-W16-19663,16,112,19663,LOW,99.174,Limited,2,1,Velocity anomaly,VEL-01 High absolute velocity,BEH-02 New-counterparty burst,"VEL-01, BEH-02",weekly transaction count = 7 (contribution +2.63) [VEL-01 fired] | velocity vs own history = 2.56 (contribution +0.20) | distinct receivers (28d) = 3 (contribution +0.01),2198.8,7.0,New,test
ALT-W16-19985,16,112,19985,LOW,99.158,Strong,3,12,Velocity anomaly,VEL-01 High absolute velocity,"BEH-02 New-counterparty burst, NET-02 Fan-out distributor","VEL-01, BEH-02, NET-02",weekly transaction count = 8 (contribution +2.89) [VEL-01 fired] | distinct receivers (28d) = 28 (contribution +0.07) [NET-02 fired],1681.97,8.0,New,test
ALT-W16-19591,16,112,19591,LOW,99.153,Limited,1,1,Velocity anomaly,VEL-01 High absolute velocity,,VEL-01,weekly transaction count = 7 (contribution +2.63) [VEL-01 fired] | velocity vs own history = 2.341 (contribution +0.17) | distinct receivers (28d) = 4 (contribution +0.02),360.41999999999996,7.0,New,test
ALT-W16-08969,16,112,8969,LOW,99.135,Strong,1,3,Velocity anomaly,VEL-01 High absolute velocity,,VEL-01,weekly transaction count = 7 (contribution +2.63) [VEL-01 fired] | velocity vs own history = 2.182 (contribution +0.14) | distinct receivers (28d) = 5 (contribution +0.03),809.89,7.0,New,test
ALT-W16-03726,16,112,3726,LOW,99.105,Limited,2,1,Velocity anomaly,VEL-01 High absolute velocity,BEH-01 Velocity spike vs own baseline,"VEL-01, BEH-01",weekly transaction count = 6 (contribution +2.33) [VEL-01 fired] | velocity vs own history = 4.455 (contribution +0.43) [BEH-01 fired] | distinct receivers (28d) = 3 (contribution +0.01),807.77,6.0,New,test
ALT-W16-13192,16,112,13192,LOW,99.105,Limited,2,1,Velocity anomaly,VEL-01 High absolute velocity,BEH-01 Velocity spike vs own baseline,"VEL-01, BEH-01",weekly transaction count = 6 (contribution +2.33) [VEL-01 fired] | velocity vs own history = 4.55 (contribution +0.44) [BEH-01 fired] | distinct receivers (28d) = 2 (contribution +0.01),484.11,6.0,New,test
ALT-W16-09985,16,112,9985,LOW,99.093,Strong,3,11,Velocity anomaly,VEL-01 High absolute velocity,"BEH-02 New-counterparty burst, NET-02 Fan-out distributor","VEL-01, BEH-02, NET-02",weekly transaction count = 8 (contribution +2.89) [VEL-01 fired] | distinct receivers (28d) = 29 (contribution +0.07) [NET-02 fired],2711.44,8.0,New,test
ALT-W16-09984,16,112,9984,LOW,99.081,Strong,3,8,Velocity anomaly,VEL-01 High absolute velocity,"BEH-02 New-counterparty burst, NET-02 Fan-out distributor","VEL-01, BEH-02, NET-02",weekly transaction count = 8 (contribution +2.89) [VEL-01 fired] | distinct receivers (28d) = 28 (contribution +0.07) [NET-02 fired],1558.98,8.0,New,test
ALT-W16-19949,16,112,19949,LOW,99.077,Limited,3,1,Velocity anomaly,VEL-01 High absolute velocity,"BEH-02 New-counterparty burst, NET-01 Fan-in collector","VEL-01, BEH-02, NET-01",weekly transaction count = 7 (contribution +2.63) [VEL-01 fired] | velocity vs own history = 2.222 (contribution +0.15),1512.8500000000001,7.0,New,test
ALT-W16-19966,16,112,19966,LOW,99.075,Moderate,3,2,Velocity anomaly,VEL-01 High absolute velocity,"BEH-02 New-counterparty burst, NET-01 Fan-in collector, NET-03 Flow centrality (PageRank)","VEL-01, BEH-02, NET-01, NET-03",weekly transaction count = 7 (contribution +2.63) [VEL-01 fired] | velocity vs own history = 2.2 (contribution +0.15),1364.73,7.0,New,test
ALT-W16-19781,16,112,19781,LOW,99.039,Moderate,2,2,Velocity anomaly,VEL-01 High absolute velocity,NET-02 Fan-out distributor,"VEL-01, NET-02",weekly transaction count = 7 (contribution +2.63) [VEL-01 fired] | velocity vs own history = 1.714 (contribution +0.06) | distinct receivers (28d) = 8 (contribution +0.04) [NET-02 fired],730.1500000000001,7.0,New,test
ALT-W16-19965,16,112,19965,LOW,99.033,Limited,3,1,Velocity anomaly,VEL-01 High absolute velocity,"BEH-02 New-counterparty burst, NET-01 Fan-in collector, NET-03 Flow centrality (PageRank)","VEL-01, BEH-02, NET-01, NET-03",weekly transaction count = 7 (contribution +2.63) [VEL-01 fired] | velocity vs own history = 2.057 (contribution +0.12),1728.82,7.0,New,test
ALT-W16-15350,16,112,15350,LOW,99.029,Limited,2,1,Velocity anomaly,VEL-01 High absolute velocity,BEH-01 Velocity spike vs own baseline,"VEL-01, BEH-01",weekly transaction count = 6 (contribution +2.33) [VEL-01 fired] | velocity vs own history = 3.938 (contribution +0.38) [BEH-01 fired] | distinct receivers (28d) = 3 (contribution +0.01),198.05,6.0,New,test
ALT-W16-07741,16,112,7741,LOW,99.024,Limited,2,1,Velocity anomaly,VEL-01 High absolute velocity,BEH-01 Velocity spike vs own baseline,"VEL-01, BEH-01",weekly transaction count = 6 (contribution +2.33) [VEL-01 fired] | velocity vs own history = 3.85 (contribution +0.37) [BEH-01 fired] | distinct receivers (28d) = 4 (contribution +0.02),685.11,6.0,New,test
ALT-W16-14978,16,112,14978,LOW,99.016,Limited,2,1,Velocity anomaly,VEL-01 High absolute velocity,BEH-01 Velocity spike vs own baseline,"VEL-01, BEH-01",weekly transaction count = 6 (contribution +2.33) [VEL-01 fired] | velocity vs own history = 3.818 (contribution +0.36) [BEH-01 fired] | distinct receivers (28d) = 3 (contribution +0.01),493.25,6.0,New,test
ALT-W16-13255,16,112,13255,LOW,99.005,Limited,2,1,Velocity anomaly,VEL-01 High absolute velocity,BEH-01 Velocity spike vs own baseline,"VEL-01, BEH-01",weekly transaction count = 6 (contribution +2.33) [VEL-01 fired] | velocity vs own history = 3.889 (contribution +0.37) [BEH-01 fired],241.68,6.0,New,test
ALT-W17-09999,17,119,9999,CRITICAL,99.997,Strong,4,13,Velocity anomaly,VEL-01 High absolute velocity,"BEH-02 New-counterparty burst, AML-01 Rapid pass-through, AML-03 Circular flow, NET-01 Fan-in collector, NET-02 Fan-out distributor, NET-03 Flow centrality (PageRank)","VEL-01, BEH-02, AML-01, AML-03, NET-01, NET-02, NET-03",weekly transaction count = 33 (contribution +5.85) [VEL-01 fired] | circular-flow participation = 1 (contribution +0.35) [AML-03 fired] | distinct receivers (28d) = 56 (contribution +0.09) [NET-02 fired] | velocity vs own history = 1.498 (contribution +0.02),9823.54,33.0,New,test
ALT-W17-19998,17,119,19998,CRITICAL,99.996,Strong,5,10,Velocity anomaly,VEL-01 High absolute velocity,"TXN-01 Large transaction, BEH-02 New-counterparty burst, AML-03 Circular flow, NET-01 Fan-in collector, NET-02 Fan-out distributor, NET-03 Flow centrality (PageRank)","TXN-01, VEL-01, BEH-02, AML-03, NET-01, NET-02, NET-03",weekly transaction count = 32 (contribution +5.79) [VEL-01 fired] | circular-flow participation = 1 (contribution +0.35) [AML-03 fired] | distinct receivers (28d) = 56 (contribution +0.09) [NET-02 fired] | velocity vs own history = 1.643 (contribution +0.05),9889.0,32.0,New,test
ALT-W17-19999,17,119,19999,CRITICAL,99.99,Strong,4,10,Velocity anomaly,VEL-01 High absolute velocity,"BEH-02 New-counterparty burst, AML-01 Rapid pass-through, AML-03 Circular flow, NET-01 Fan-in collector, NET-02 Fan-out distributor, NET-03 Flow centrality (PageRank)","VEL-01, BEH-02, AML-01, AML-03, NET-01, NET-02, NET-03",weekly transaction count = 29 (contribution +5.58) [VEL-01 fired] | circular-flow participation = 1 (contribution +0.35) [AML-03 fired] | distinct receivers (28d) = 56 (contribution +0.09) [NET-02 fired] | velocity vs own history = 1.644 (contribution +0.05),8904.580000000002,29.0,New,test
ALT-W17-09998,17,119,9998,CRITICAL,99.963,Strong,4,13,Velocity anomaly,VEL-01 High absolute velocity,"BEH-02 New-counterparty burst, AML-01 Rapid pass-through, AML-03 Circular flow, NET-01 Fan-in collector, NET-02 Fan-out distributor, NET-03 Flow centrality (PageRank)","VEL-01, BEH-02, AML-01, AML-03, NET-01, NET-02, NET-03",weekly transaction count = 25 (contribution +5.26) [VEL-01 fired] | circular-flow participation = 1 (contribution +0.35) [AML-03 fired] | distinct receivers (28d) = 56 (contribution +0.09) [NET-02 fired],7538.84,25.0,New,test
ALT-W17-19983,17,119,19983,HIGH,99.889,Strong,4,10,Velocity anomaly,VEL-01 High absolute velocity,"BEH-02 New-counterparty burst, AML-01 Rapid pass-through, NET-01 Fan-in collector, NET-02 Fan-out distributor, NET-03 Flow centrality (PageRank)","VEL-01, BEH-02, AML-01, NET-01, NET-02, NET-03",weekly transaction count = 20 (contribution +4.78) [VEL-01 fired] | velocity vs own history = 2.032 (contribution +0.12) | distinct receivers (28d) = 28 (contribution +0.07) [NET-02 fired],5623.67,20.0,New,test
ALT-W17-09997,17,119,9997,HIGH,99.87,Strong,3,13,Velocity anomaly,VEL-01 High absolute velocity,"BEH-02 New-counterparty burst, NET-01 Fan-in collector, NET-02 Fan-out distributor, NET-03 Flow centrality (PageRank)","VEL-01, BEH-02, NET-01, NET-02, NET-03",weekly transaction count = 20 (contribution +4.78) [VEL-01 fired] | distinct receivers (28d) = 28 (contribution +0.07) [NET-02 fired] | velocity vs own history = 1.517 (contribution +0.02),6303.890000000001,20.0,New,test
ALT-W17-19995,17,119,19995,HIGH,99.865,Strong,3,10,Velocity anomaly,VEL-01 High absolute velocity,"BEH-02 New-counterparty burst, NET-01 Fan-in collector, NET-02 Fan-out distributor, NET-03 Flow centrality (PageRank)","VEL-01, BEH-02, NET-01, NET-02, NET-03",weekly transaction count = 19 (contribution +4.67) [VEL-01 fired] | velocity vs own history = 1.963 (contribution +0.11) | distinct receivers (28d) = 29 (contribution +0.07) [NET-02 fired],4791.18,19.0,New,test
ALT-W17-09996,17,119,9996,HIGH,99.846,Strong,4,13,Velocity anomaly,VEL-01 High absolute velocity,"BEH-02 New-counterparty burst, AML-01 Rapid pass-through, NET-01 Fan-in collector, NET-02 Fan-out distributor, NET-03 Flow centrality (PageRank)","VEL-01, BEH-02, AML-01, NET-01, NET-02, NET-03",weekly transaction count = 19 (contribution +4.67) [VEL-01 fired] | distinct receivers (28d) = 29 (contribution +0.07) [NET-02 fired],3999.8500000000004,19.0,New,test
ALT-W17-19981,17,119,19981,HIGH,99.835,Strong,4,10,Velocity anomaly,VEL-01 High absolute velocity,"BEH-02 New-counterparty burst, AML-01 Rapid pass-through, NET-01 Fan-in collector, NET-02 Fan-out distributor, NET-03 Flow centrality (PageRank)","VEL-01, BEH-02, AML-01, NET-01, NET-02, NET-03",weekly transaction count = 18 (contribution +4.56) [VEL-01 fired] | distinct receivers (28d) = 29 (contribution +0.07) [NET-02 fired] | velocity vs own history = 1.715 (contribution +0.06),4339.67,18.0,New,test
ALT-W17-19996,17,119,19996,HIGH,99.819,Strong,3,10,Velocity anomaly,VEL-01 High absolute velocity,"BEH-02 New-counterparty burst, NET-01 Fan-in collector, NET-02 Fan-out distributor, NET-03 Flow centrality (PageRank)","VEL-01, BEH-02, NET-01, NET-02, NET-03",weekly transaction count = 17 (contribution +4.44) [VEL-01 fired] | distinct receivers (28d) = 28 (contribution +0.07) [NET-02 fired] | velocity vs own history = 1.658 (contribution +0.05),3725.8600000000006,17.0,New,test
ALT-W17-19997,17,119,19997,HIGH,99.809,Strong,3,10,Velocity anomaly,VEL-01 High absolute velocity,"BEH-02 New-counterparty burst, NET-01 Fan-in collector, NET-02 Fan-out distributor, NET-03 Flow centrality (PageRank)","VEL-01, BEH-02, NET-01, NET-02, NET-03",weekly transaction count = 17 (contribution +4.44) [VEL-01 fired] | distinct receivers (28d) = 28 (contribution +0.07) [NET-02 fired] | velocity vs own history = 1.44 (contribution +0.00),2985.0299999999997,17.0,New,test
ALT-W17-09995,17,119,9995,HIGH,99.805,Strong,4,13,Velocity anomaly,VEL-01 High absolute velocity,"BEH-02 New-counterparty burst, AML-01 Rapid pass-through, NET-01 Fan-in collector, NET-02 Fan-out distributor, NET-03 Flow centrality (PageRank)","VEL-01, BEH-02, AML-01, NET-01, NET-02, NET-03",weekly transaction count = 17 (contribution +4.44) [VEL-01 fired] | distinct receivers (28d) = 29 (contribution +0.07) [NET-02 fired],5579.13,17.0,New,test
ALT-W17-19993,17,119,19993,HIGH,99.793,Strong,5,10,Velocity anomaly,VEL-01 High absolute velocity,"TXN-01 Large transaction, BEH-02 New-counterparty burst, AML-01 Rapid pass-through, NET-01 Fan-in collector, NET-02 Fan-out distributor, NET-03 Flow centrality (PageRank)","TXN-01, VEL-01, BEH-02, AML-01, NET-01, NET-02, NET-03",weekly transaction count = 16 (contribution +4.31) [VEL-01 fired] | distinct receivers (28d) = 31 (contribution +0.07) [NET-02 fired],4589.6,16.0,New,test
ALT-W17-19990,17,119,19990,HIGH,99.773,Strong,3,11,Velocity anomaly,VEL-01 High absolute velocity,"BEH-02 New-counterparty burst, NET-01 Fan-in collector, NET-02 Fan-out distributor","VEL-01, BEH-02, NET-01, NET-02",weekly transaction count = 15 (contribution +4.18) [VEL-01 fired] | distinct receivers (28d) = 28 (contribution +0.07) [NET-02 fired],2922.41,15.0,New,test
ALT-W17-09993,17,119,9993,HIGH,99.759,Strong,4,13,Velocity anomaly,VEL-01 High absolute velocity,"BEH-02 New-counterparty burst, AML-03 Circular flow, NET-01 Fan-in collector, NET-02 Fan-out distributor, NET-03 Flow centrality (PageRank)","VEL-01, BEH-02, AML-03, NET-01, NET-02, NET-03",weekly transaction count = 13 (contribution +3.88) [VEL-01 fired] | circular-flow participation = 1 (contribution +0.35) [AML-03 fired] | distinct receivers (28d) = 28 (contribution +0.07) [NET-02 fired],3007.25,13.0,New,test
ALT-W17-14421,17,119,14421,HIGH,99.758,Limited,2,1,Velocity anomaly,VEL-01 High absolute velocity,BEH-01 Velocity spike vs own baseline,"VEL-01, BEH-01",weekly transaction count = 11 (contribution +3.53) [VEL-01 fired] | velocity vs own history = 6.545 (contribution +0.60) [BEH-01 fired] | distinct receivers (28d) = 3 (contribution +0.01),458.02000000000004,11.0,New,test
ALT-W17-19902,17,119,19902,HIGH,99.749,Limited,4,1,Velocity anomaly,VEL-01 High absolute velocity,"TXN-01 Large transaction, BEH-01 Velocity spike vs own baseline, BEH-02 New-counterparty burst, NET-01 Fan-in collector","TXN-01, VEL-01, BEH-01, BEH-02, NET-01",weekly transaction count = 12 (contribution +3.71) [VEL-01 fired] | velocity vs own history = 4.68 (contribution +0.45) [BEH-01 fired],3383.3199999999997,12.0,New,test
ALT-W17-19988,17,119,19988,HIGH,99.74,Strong,3,11,Velocity anomaly,VEL-01 High absolute velocity,"BEH-02 New-counterparty burst, NET-01 Fan-in collector, NET-02 Fan-out distributor","VEL-01, BEH-02, NET-01, NET-02",weekly transaction count = 14 (contribution +4.03) [VEL-01 fired] | distinct receivers (28d) = 29 (contribution +0.07) [NET-02 fired],3577.4900000000002,14.0,New,test
ALT-W17-09726,17,119,9726,HIGH,99.717,Limited,2,1,Velocity anomaly,VEL-01 High absolute velocity,"BEH-01 Velocity spike vs own baseline, BEH-02 New-counterparty burst","VEL-01, BEH-01, BEH-02",weekly transaction count = 11 (contribution +3.53) [VEL-01 fired] | velocity vs own history = 5.143 (contribution +0.49) [BEH-01 fired],2232.37,11.0,New,test
ALT-W17-09992,17,119,9992,HIGH,99.717,Strong,4,13,Velocity anomaly,VEL-01 High absolute velocity,"BEH-02 New-counterparty burst, AML-01 Rapid pass-through, NET-01 Fan-in collector, NET-02 Fan-out distributor, NET-03 Flow centrality (PageRank)","VEL-01, BEH-02, AML-01, NET-01, NET-02, NET-03",weekly transaction count = 14 (contribution +4.03) [VEL-01 fired] | distinct receivers (28d) = 29 (contribution +0.07) [NET-02 fired],2905.33,14.0,New,test
ALT-W17-09981,17,119,9981,HIGH,99.701,Strong,4,12,Velocity anomaly,VEL-01 High absolute velocity,"BEH-02 New-counterparty burst, AML-01 Rapid pass-through, NET-01 Fan-in collector, NET-02 Fan-out distributor, NET-03 Flow centrality (PageRank)","VEL-01, BEH-02, AML-01, NET-01, NET-02, NET-03",weekly transaction count = 13 (contribution +3.88) [VEL-01 fired] | distinct receivers (28d) = 28 (contribution +0.07) [NET-02 fired],3202.45,13.0,New,test
ALT-W17-19994,17,119,19994,MEDIUM,99.695,Strong,3,10,Velocity anomaly,VEL-01 High absolute velocity,"BEH-02 New-counterparty burst, NET-01 Fan-in collector, NET-02 Fan-out distributor, NET-03 Flow centrality (PageRank)","VEL-01, BEH-02, NET-01, NET-02, NET-03",weekly transaction count = 13 (contribution +3.88) [VEL-01 fired] | distinct receivers (28d) = 28 (contribution +0.07) [NET-02 fired],4145.1900000000005,13.0,New,test
ALT-W17-09980,17,119,9980,MEDIUM,99.691,Strong,4,13,Velocity anomaly,VEL-01 High absolute velocity,"BEH-02 New-counterparty burst, AML-01 Rapid pass-through, NET-01 Fan-in collector, NET-02 Fan-out distributor, NET-03 Flow centrality (PageRank)","VEL-01, BEH-02, AML-01, NET-01, NET-02, NET-03",weekly transaction count = 13 (contribution +3.88) [VEL-01 fired] | distinct receivers (28d) = 28 (contribution +0.07) [NET-02 fired],3782.24,13.0,New,test
ALT-W17-19662,17,119,19662,MEDIUM,99.689,Moderate,2,2,Velocity anomaly,VEL-01 High absolute velocity,BEH-01 Velocity spike vs own baseline,"VEL-01, BEH-01",weekly transaction count = 11 (contribution +3.53) [VEL-01 fired] | velocity vs own history = 3.568 (contribution +0.33) [BEH-01 fired] | distinct receivers (28d) = 2 (contribution +0.01),273.73,11.0,New,test
ALT-W17-09311,17,119,9311,MEDIUM,99.68,Limited,3,1,Velocity anomaly,VEL-01 High absolute velocity,"BEH-01 Velocity spike vs own baseline, BEH-02 New-counterparty burst, NET-02 Fan-out distributor","VEL-01, BEH-01, BEH-02, NET-02",weekly transaction count = 10 (contribution +3.34) [VEL-01 fired] | velocity vs own history = 4.714 (contribution +0.45) [BEH-01 fired] | distinct receivers (28d) = 7 (contribution +0.03) [NET-02 fired],1825.83,10.0,New,test
ALT-W17-09918,17,119,9918,MEDIUM,99.655,Limited,3,1,Velocity anomaly,VEL-01 High absolute velocity,"BEH-01 Velocity spike vs own baseline, BEH-02 New-counterparty burst, NET-01 Fan-in collector, NET-03 Flow centrality (PageRank)","VEL-01, BEH-01, BEH-02, NET-01, NET-03",weekly transaction count = 10 (contribution +3.34) [VEL-01 fired] | velocity vs own history = 4.125 (contribution +0.40) [BEH-01 fired],2318.12,10.0,New,test
ALT-W17-09982,17,119,9982,MEDIUM,99.615,Strong,3,12,Velocity anomaly,VEL-01 High absolute velocity,"BEH-02 New-counterparty burst, NET-01 Fan-in collector, NET-02 Fan-out distributor, NET-03 Flow centrality (PageRank)","VEL-01, BEH-02, NET-01, NET-02, NET-03",weekly transaction count = 11 (contribution +3.53) [VEL-01 fired] | distinct receivers (28d) = 28 (contribution +0.07) [NET-02 fired],3998.81,11.0,New,test
ALT-W17-19982,17,119,19982,MEDIUM,99.607,Strong,3,10,Velocity anomaly,VEL-01 High absolute velocity,"BEH-02 New-counterparty burst, NET-01 Fan-in collector, NET-02 Fan-out distributor, NET-03 Flow centrality (PageRank)","VEL-01, BEH-02, NET-01, NET-02, NET-03",weekly transaction count = 11 (contribution +3.53) [VEL-01 fired] | distinct receivers (28d) = 28 (contribution +0.07) [NET-02 fired],3101.1800000000003,11.0,New,test
ALT-W17-09983,17,119,9983,MEDIUM,99.606,Strong,4,10,Velocity anomaly,VEL-01 High absolute velocity,"TXN-01 Large transaction, BEH-02 New-counterparty burst, NET-01 Fan-in collector, NET-02 Fan-out distributor, NET-03 Flow centrality (PageRank)","TXN-01, VEL-01, BEH-02, NET-01, NET-02, NET-03",weekly transaction count = 11 (contribution +3.53) [VEL-01 fired] | distinct receivers (28d) = 28 (contribution +0.07) [NET-02 fired],4185.08,11.0,New,test
ALT-W17-09985,17,119,9985,MEDIUM,99.593,Strong,3,12,Velocity anomaly,VEL-01 High absolute velocity,"BEH-02 New-counterparty burst, NET-02 Fan-out distributor","VEL-01, BEH-02, NET-02",weekly transaction count = 11 (contribution +3.53) [VEL-01 fired] | distinct receivers (28d) = 30 (contribution +0.07) [NET-02 fired],2373.57,11.0,New,test
ALT-W17-09994,17,119,9994,MEDIUM,99.593,Strong,4,13,Velocity anomaly,VEL-01 High absolute velocity,"BEH-02 New-counterparty burst, AML-01 Rapid pass-through, NET-01 Fan-in collector, NET-02 Fan-out distributor, NET-03 Flow centrality (PageRank)","VEL-01, BEH-02, AML-01, NET-01, NET-02, NET-03",weekly transaction count = 11 (contribution +3.53) [VEL-01 fired] | distinct receivers (28d) = 28 (contribution +0.07) [NET-02 fired],3803.03,11.0,New,test
ALT-W17-06219,17,119,6219,MEDIUM,99.555,Limited,2,1,Velocity anomaly,VEL-01 High absolute velocity,BEH-01 Velocity spike vs own baseline,"VEL-01, BEH-01",weekly transaction count = 8 (contribution +2.89) [VEL-01 fired] | velocity vs own history = 5.087 (contribution +0.49) [BEH-01 fired],483.1,8.0,New,test
ALT-W17-16538,17,119,16538,MEDIUM,99.55,Limited,2,1,Velocity anomaly,VEL-01 High absolute velocity,BEH-01 Velocity spike vs own baseline,"VEL-01, BEH-01",weekly transaction count = 8 (contribution +2.89) [VEL-01 fired] | velocity vs own history = 4.5 (contribution +0.43) [BEH-01 fired] | distinct receivers (28d) = 5 (contribution +0.03),918.7800000000001,8.0,New,test
ALT-W17-19986,17,119,19986,MEDIUM,99.533,Strong,3,10,Velocity anomaly,VEL-01 High absolute velocity,"BEH-02 New-counterparty burst, NET-02 Fan-out distributor","VEL-01, BEH-02, NET-02",weekly transaction count = 10 (contribution +3.34) [VEL-01 fired] | distinct receivers (28d) = 28 (contribution +0.07) [NET-02 fired],3525.8599999999997,10.0,New,test
ALT-W17-06013,17,119,6013,MEDIUM,99.521,Moderate,2,2,Velocity anomaly,VEL-01 High absolute velocity,BEH-01 Velocity spike vs own baseline,"VEL-01, BEH-01",weekly transaction count = 8 (contribution +2.89) [VEL-01 fired] | velocity vs own history = 4.2 (contribution +0.40) [BEH-01 fired] | distinct receivers (28d) = 2 (contribution +0.01),684.89,8.0,New,test
ALT-W17-09978,17,119,9978,MEDIUM,99.521,Strong,3,12,Velocity anomaly,VEL-01 High absolute velocity,"BEH-02 New-counterparty burst, NET-01 Fan-in collector, NET-02 Fan-out distributor, NET-03 Flow centrality (PageRank)","VEL-01, BEH-02, NET-01, NET-02, NET-03",weekly transaction count = 10 (contribution +3.34) [VEL-01 fired] | distinct receivers (28d) = 28 (contribution +0.07) [NET-02 fired],3178.51,10.0,New,test
ALT-W17-09931,17,119,9931,MEDIUM,99.511,Moderate,2,2,Velocity anomaly,VEL-01 High absolute velocity,NET-01 Fan-in collector,"VEL-01, NET-01",weekly transaction count = 9 (contribution +3.13) [VEL-01 fired] | velocity vs own history = 2.407 (contribution +0.18),903.0600000000001,9.0,New,test
ALT-W17-08424,17,119,8424,MEDIUM,99.495,Limited,3,1,Velocity anomaly,VEL-01 High absolute velocity,"TXN-01 Large transaction, BEH-01 Velocity spike vs own baseline","TXN-01, VEL-01, BEH-01",weekly transaction count = 8 (contribution +2.89) [VEL-01 fired] | velocity vs own history = 3.536 (contribution +0.33) [BEH-01 fired] | distinct receivers (28d) = 6 (contribution +0.03),1556.13,8.0,New,test
ALT-W17-09991,17,119,9991,MEDIUM,99.487,Strong,3,13,Velocity anomaly,VEL-01 High absolute velocity,"BEH-02 New-counterparty burst, NET-01 Fan-in collector, NET-02 Fan-out distributor, NET-03 Flow centrality (PageRank)","VEL-01, BEH-02, NET-01, NET-02, NET-03",weekly transaction count = 10 (contribution +3.34) [VEL-01 fired] | distinct receivers (28d) = 28 (contribution +0.07) [NET-02 fired],3284.3399999999997,10.0,New,test
ALT-W17-06018,17,119,6018,MEDIUM,99.478,Limited,2,1,Velocity anomaly,VEL-01 High absolute velocity,BEH-01 Velocity spike vs own baseline,"VEL-01, BEH-01",weekly transaction count = 8 (contribution +2.89) [VEL-01 fired] | velocity vs own history = 3.5 (contribution +0.33) [BEH-01 fired] | distinct receivers (28d) = 2 (contribution +0.01),89.76,8.0,New,test
ALT-W17-15325,17,119,15325,MEDIUM,99.426,Limited,2,1,Velocity anomaly,VEL-01 High absolute velocity,BEH-01 Velocity spike vs own baseline,"VEL-01, BEH-01",weekly transaction count = 7 (contribution +2.63) [VEL-01 fired] | velocity vs own history = 5 (contribution +0.48) [BEH-01 fired] | distinct receivers (28d) = 3 (contribution +0.01),448.90999999999997,7.0,New,test
ALT-W17-19390,17,119,19390,MEDIUM,99.414,Moderate,1,2,Velocity anomaly,VEL-01 High absolute velocity,,VEL-01,weekly transaction count = 8 (contribution +2.89) [VEL-01 fired] | velocity vs own history = 2.4 (contribution +0.18) | distinct receivers (28d) = 6 (contribution +0.03),1033.01,8.0,New,test
ALT-W17-19661,17,119,19661,MEDIUM,99.414,Limited,2,1,Velocity anomaly,VEL-01 High absolute velocity,TXN-01 Large transaction,"TXN-01, VEL-01",weekly transaction count = 8 (contribution +2.89) [VEL-01 fired] | velocity vs own history = 2.793 (contribution +0.24),1359.9299999999998,8.0,New,test
ALT-W17-19743,17,119,19743,MEDIUM,99.409,Limited,3,1,Velocity anomaly,VEL-01 High absolute velocity,"BEH-02 New-counterparty burst, NET-02 Fan-out distributor","VEL-01, BEH-02, NET-02",weekly transaction count = 8 (contribution +2.89) [VEL-01 fired] | velocity vs own history = 2.323 (contribution +0.17) | distinct receivers (28d) = 7 (contribution +0.03) [NET-02 fired],1927.22,8.0,New,test
ALT-W17-19985,17,119,19985,MEDIUM,99.408,Strong,3,13,Velocity anomaly,VEL-01 High absolute velocity,"BEH-02 New-counterparty burst, NET-02 Fan-out distributor","VEL-01, BEH-02, NET-02",weekly transaction count = 9 (contribution +3.13) [VEL-01 fired] | distinct receivers (28d) = 28 (contribution +0.07) [NET-02 fired],2004.29,9.0,New,test
ALT-W17-19980,17,119,19980,MEDIUM,99.407,Strong,3,11,Velocity anomaly,VEL-01 High absolute velocity,"BEH-02 New-counterparty burst, NET-01 Fan-in collector, NET-02 Fan-out distributor","VEL-01, BEH-02, NET-01, NET-02",weekly transaction count = 9 (contribution +3.13) [VEL-01 fired] | distinct receivers (28d) = 28 (contribution +0.07) [NET-02 fired],1806.85,9.0,New,test
ALT-W17-19992,17,119,19992,LOW,99.387,Strong,4,12,Velocity anomaly,VEL-01 High absolute velocity,"BEH-02 New-counterparty burst, AML-01 Rapid pass-through, NET-01 Fan-in collector, NET-02 Fan-out distributor, NET-03 Flow centrality (PageRank)","VEL-01, BEH-02, AML-01, NET-01, NET-02, NET-03",weekly transaction count = 9 (contribution +3.13) [VEL-01 fired] | distinct receivers (28d) = 28 (contribution +0.07) [NET-02 fired],3617.62,9.0,New,test
ALT-W17-19991,17,119,19991,LOW,99.386,Strong,4,10,Velocity anomaly,VEL-01 High absolute velocity,"BEH-02 New-counterparty burst, AML-01 Rapid pass-through, NET-01 Fan-in collector, NET-02 Fan-out distributor","VEL-01, BEH-02, AML-01, NET-01, NET-02",weekly transaction count = 9 (contribution +3.13) [VEL-01 fired] | distinct receivers (28d) = 28 (contribution +0.07) [NET-02 fired],1946.54,9.0,New,test
ALT-W17-17528,17,119,17528,LOW,99.385,Limited,2,1,Velocity anomaly,VEL-01 High absolute velocity,BEH-01 Velocity spike vs own baseline,"VEL-01, BEH-01",weekly transaction count = 7 (contribution +2.63) [VEL-01 fired] | velocity vs own history = 4.19 (contribution +0.40) [BEH-01 fired] | distinct receivers (28d) = 5 (contribution +0.03),599.49,7.0,New,test
ALT-W17-19989,17,119,19989,LOW,99.385,Strong,3,10,Velocity anomaly,VEL-01 High absolute velocity,"BEH-02 New-counterparty burst, NET-02 Fan-out distributor","VEL-01, BEH-02, NET-02",weekly transaction count = 9 (contribution +3.13) [VEL-01 fired] | distinct receivers (28d) = 29 (contribution +0.07) [NET-02 fired],2961.02,9.0,New,test
ALT-W17-19979,17,119,19979,LOW,99.375,Strong,3,11,Velocity anomaly,VEL-01 High absolute velocity,"BEH-02 New-counterparty burst, NET-01 Fan-in collector, NET-02 Fan-out distributor, NET-03 Flow centrality (PageRank)","VEL-01, BEH-02, NET-01, NET-02, NET-03",weekly transaction count = 9 (contribution +3.13) [VEL-01 fired] | distinct receivers (28d) = 28 (contribution +0.07) [NET-02 fired],2616.2200000000003,9.0,New,test
ALT-W17-07414,17,119,7414,LOW,99.367,Limited,2,1,Velocity anomaly,VEL-01 High absolute velocity,BEH-01 Velocity spike vs own baseline,"VEL-01, BEH-01",weekly transaction count = 7 (contribution +2.63) [VEL-01 fired] | velocity vs own history = 4 (contribution +0.38) [BEH-01 fired] | distinct receivers (28d) = 3 (contribution +0.01),356.4,7.0,New,test
ALT-W17-15573,17,119,15573,LOW,99.359,Limited,2,1,Velocity anomaly,VEL-01 High absolute velocity,BEH-01 Velocity spike vs own baseline,"VEL-01, BEH-01",weekly transaction count = 7 (contribution +2.63) [VEL-01 fired] | velocity vs own history = 4 (contribution +0.38) [BEH-01 fired] | distinct receivers (28d) = 2 (contribution +0.01),310.59,7.0,New,test
ALT-W17-16988,17,119,16988,LOW,99.354,Limited,2,1,Velocity anomaly,VEL-01 High absolute velocity,BEH-01 Velocity spike vs own baseline,"VEL-01, BEH-01",weekly transaction count = 7 (contribution +2.63) [VEL-01 fired] | velocity vs own history = 3.81 (contribution +0.36) [BEH-01 fired] | distinct receivers (28d) = 5 (contribution +0.03),897.22,7.0,New,test
ALT-W17-09965,17,119,9965,LOW,99.349,Strong,2,3,Velocity anomaly,VEL-01 High absolute velocity,NET-01 Fan-in collector,"VEL-01, NET-01",weekly transaction count = 8 (contribution +2.89) [VEL-01 fired] | velocity vs own history = 1.983 (contribution +0.11) | distinct receivers (28d) = 2 (contribution +0.01),566.8000000000001,8.0,New,test
ALT-W17-09990,17,119,9990,LOW,99.348,Strong,3,13,Velocity anomaly,VEL-01 High absolute velocity,"BEH-02 New-counterparty burst, NET-02 Fan-out distributor","VEL-01, BEH-02, NET-02",weekly transaction count = 9 (contribution +3.13) [VEL-01 fired] | distinct receivers (28d) = 28 (contribution +0.07) [NET-02 fired],1819.9099999999999,9.0,New,test
ALT-W17-19182,17,119,19182,LOW,99.34,Limited,3,1,Velocity anomaly,VEL-01 High absolute velocity,"BEH-01 Velocity spike vs own baseline, NET-02 Fan-out distributor","VEL-01, BEH-01, NET-02",weekly transaction count = 7 (contribution +2.63) [VEL-01 fired] | velocity vs own history = 3.586 (contribution +0.34) [BEH-01 fired] | distinct receivers (28d) = 7 (contribution +0.03) [NET-02 fired],1228.4099999999999,7.0,New,test
ALT-W17-09989,17,119,9989,LOW,99.339,Strong,3,13,Velocity anomaly,VEL-01 High absolute velocity,"BEH-02 New-counterparty burst, NET-02 Fan-out distributor","VEL-01, BEH-02, NET-02",weekly transaction count = 9 (contribution +3.13) [VEL-01 fired] | distinct receivers (28d) = 28 (contribution +0.07) [NET-02 fired],2214.07,9.0,New,test
ALT-W17-14063,17,119,14063,LOW,99.319,Limited,2,1,Velocity anomaly,VEL-01 High absolute velocity,"AML-01 Rapid pass-through, AML-03 Circular flow","VEL-01, AML-01, AML-03",weekly transaction count = 6 (contribution +2.33) [VEL-01 fired] | circular-flow participation = 1 (contribution +0.35) [AML-03 fired] | velocity vs own history = 3.208 (contribution +0.29) | distinct receivers (28d) = 3 (contribution +0.01),162.72,6.0,New,test
ALT-W17-19679,17,119,19679,LOW,99.298,Limited,3,1,Velocity anomaly,VEL-01 High absolute velocity,"BEH-01 Velocity spike vs own baseline, BEH-02 New-counterparty burst, NET-02 Fan-out distributor","VEL-01, BEH-01, BEH-02, NET-02",weekly transaction count = 7 (contribution +2.63) [VEL-01 fired] | velocity vs own history = 3.31 (contribution +0.30) [BEH-01 fired] | distinct receivers (28d) = 8 (contribution +0.04) [NET-02 fired],1786.44,7.0,New,test
ALT-W17-09613,17,119,9613,LOW,99.28,Limited,2,1,Velocity anomaly,VEL-01 High absolute velocity,BEH-01 Velocity spike vs own baseline,"VEL-01, BEH-01",weekly transaction count = 7 (contribution +2.63) [VEL-01 fired] | velocity vs own history = 3.556 (contribution +0.33) [BEH-01 fired],861.79,7.0,New,test
ALT-W17-19605,17,119,19605,LOW,99.268,Limited,2,1,Velocity anomaly,VEL-01 High absolute velocity,BEH-01 Velocity spike vs own baseline,"VEL-01, BEH-01",weekly transaction count = 7 (contribution +2.63) [VEL-01 fired] | velocity vs own history = 3.467 (contribution +0.32) [BEH-01 fired],728.4300000000001,7.0,New,test
ALT-W17-14139,17,119,14139,LOW,99.248,Limited,2,1,Velocity anomaly,VEL-01 High absolute velocity,BEH-01 Velocity spike vs own baseline,"VEL-01, BEH-01",weekly transaction count = 7 (contribution +2.63) [VEL-01 fired] | velocity vs own history = 3.273 (contribution +0.30) [BEH-01 fired] | distinct receivers (28d) = 2 (contribution +0.01),374.23,7.0,New,test
ALT-W17-09130,17,119,9130,LOW,99.245,Limited,1,1,Velocity anomaly,VEL-01 High absolute velocity,,VEL-01,weekly transaction count = 7 (contribution +2.63) [VEL-01 fired] | velocity vs own history = 3.152 (contribution +0.28) | distinct receivers (28d) = 3 (contribution +0.01),647.71,7.0,New,test
ALT-W17-18904,17,119,18904,LOW,99.245,Limited,1,1,Velocity anomaly,VEL-01 High absolute velocity,,VEL-01,weekly transaction count = 7 (contribution +2.63) [VEL-01 fired] | velocity vs own history = 3.034 (contribution +0.27) | distinct receivers (28d) = 6 (contribution +0.03),1538.79,7.0,New,test
ALT-W17-09579,17,119,9579,LOW,99.22,Limited,1,1,Velocity anomaly,VEL-01 High absolute velocity,,VEL-01,weekly transaction count = 7 (contribution +2.63) [VEL-01 fired] | velocity vs own history = 3.25 (contribution +0.30),707.53,7.0,New,test
ALT-W17-06369,17,119,6369,LOW,99.213,Limited,1,1,Velocity anomaly,VEL-01 High absolute velocity,,VEL-01,weekly transaction count = 7 (contribution +2.63) [VEL-01 fired] | velocity vs own history = 2.947 (contribution +0.26) | distinct receivers (28d) = 2 (contribution +0.01),686.0300000000001,7.0,New,test
ALT-W17-09903,17,119,9903,LOW,99.205,Limited,4,1,Velocity anomaly,VEL-01 High absolute velocity,"TXN-01 Large transaction, BEH-02 New-counterparty burst, NET-01 Fan-in collector","TXN-01, VEL-01, BEH-02, NET-01",weekly transaction count = 7 (contribution +2.63) [VEL-01 fired] | velocity vs own history = 3.152 (contribution +0.28),2011.43,7.0,New,test
ALT-W17-19899,17,119,19899,LOW,99.194,Limited,3,1,Velocity anomaly,VEL-01 High absolute velocity,"BEH-02 New-counterparty burst, NET-01 Fan-in collector","VEL-01, BEH-02, NET-01",weekly transaction count = 7 (contribution +2.63) [VEL-01 fired] | velocity vs own history = 3.077 (contribution +0.27),1564.01,7.0,New,test
ALT-W17-19984,17,119,19984,LOW,99.153,Strong,3,12,Velocity anomaly,VEL-01 High absolute velocity,"BEH-02 New-counterparty burst, NET-02 Fan-out distributor","VEL-01, BEH-02, NET-02",weekly transaction count = 8 (contribution +2.89) [VEL-01 fired] | distinct receivers (28d) = 28 (contribution +0.07) [NET-02 fired],2680.62,8.0,New,test
ALT-W17-15742,17,119,15742,LOW,99.135,Limited,2,1,Velocity anomaly,VEL-01 High absolute velocity,BEH-01 Velocity spike vs own baseline,"VEL-01, BEH-01",weekly transaction count = 6 (contribution +2.33) [VEL-01 fired] | velocity vs own history = 4.812 (contribution +0.46) [BEH-01 fired] | distinct receivers (28d) = 2 (contribution +0.01),433.87000000000006,6.0,New,test
ALT-W17-12842,17,119,12842,LOW,99.12,Limited,2,1,Velocity anomaly,VEL-01 High absolute velocity,BEH-01 Velocity spike vs own baseline,"VEL-01, BEH-01",weekly transaction count = 6 (contribution +2.33) [VEL-01 fired] | velocity vs own history = 4.667 (contribution +0.45) [BEH-01 fired] | distinct receivers (28d) = 2 (contribution +0.01),490.49,6.0,New,test
ALT-W17-19836,17,119,19836,LOW,99.112,Moderate,1,2,Velocity anomaly,VEL-01 High absolute velocity,,VEL-01,weekly transaction count = 7 (contribution +2.63) [VEL-01 fired] | velocity vs own history = 2.256 (contribution +0.16),556.92,7.0,New,test
ALT-W17-06892,17,119,6892,LOW,99.105,Limited,2,1,Velocity anomaly,VEL-01 High absolute velocity,BEH-01 Velocity spike vs own baseline,"VEL-01, BEH-01",weekly transaction count = 6 (contribution +2.33) [VEL-01 fired] | velocity vs own history = 4.667 (contribution +0.45) [BEH-01 fired],433.41999999999996,6.0,New,test
ALT-W17-19987,17,119,19987,LOW,99.1,Strong,3,12,Velocity anomaly,VEL-01 High absolute velocity,"BEH-02 New-counterparty burst, NET-02 Fan-out distributor","VEL-01, BEH-02, NET-02",weekly transaction count = 8 (contribution +2.89) [VEL-01 fired] | distinct receivers (28d) = 28 (contribution +0.07) [NET-02 fired],2499.9100000000003,8.0,New,test
ALT-W17-09950,17,119,9950,LOW,99.075,Limited,3,1,Velocity anomaly,VEL-01 High absolute velocity,"BEH-02 New-counterparty burst, NET-01 Fan-in collector, NET-03 Flow centrality (PageRank)","VEL-01, BEH-02, NET-01, NET-03",weekly transaction count = 7 (contribution +2.63) [VEL-01 fired] | velocity vs own history = 2.213 (contribution +0.15),2220.21,7.0,New,test
ALT-W17-13606,17,119,13606,LOW,99.054,Limited,2,1,Velocity anomaly,VEL-01 High absolute velocity,BEH-01 Velocity spike vs own baseline,"VEL-01, BEH-01",weekly transaction count = 6 (contribution +2.33) [VEL-01 fired] | velocity vs own history = 4.053 (contribution +0.39) [BEH-01 fired] | distinct receivers (28d) = 4 (contribution +0.02),339.31000000000006,6.0,New,test
ALT-W17-19949,17,119,19949,LOW,99.049,Moderate,2,2,Velocity anomaly,VEL-01 High absolute velocity,NET-01 Fan-in collector,"VEL-01, NET-01",weekly transaction count = 7 (contribution +2.63) [VEL-01 fired] | velocity vs own history = 2 (contribution +0.11),1121.48,7.0,New,test
ALT-W17-09966,17,119,9966,LOW,99.03,Moderate,2,2,Velocity anomaly,VEL-01 High absolute velocity,NET-01 Fan-in collector,"VEL-01, NET-01",weekly transaction count = 7 (contribution +2.63) [VEL-01 fired] | velocity vs own history = 1.931 (contribution +0.10),716.77,7.0,New,test
ALT-W18-19998,18,126,19998,CRITICAL,99.999,Strong,4,11,Velocity anomaly,VEL-01 High absolute velocity,"BEH-02 New-counterparty burst, AML-03 Circular flow, NET-01 Fan-in collector, NET-02 Fan-out distributor, NET-03 Flow centrality (PageRank)","VEL-01, BEH-02, AML-03, NET-01, NET-02, NET-03",weekly transaction count = 33 (contribution +5.85) [VEL-01 fired] | circular-flow participation = 2 (contribution +0.55) [AML-03 fired] | distinct receivers (28d) = 56 (contribution +0.09) [NET-02 fired] | velocity vs own history = 1.606 (contribution +0.04),7407.52,33.0,New,test
ALT-W18-19999,18,126,19999,CRITICAL,99.997,Strong,4,11,Velocity anomaly,VEL-01 High absolute velocity,"BEH-02 New-counterparty burst, AML-01 Rapid pass-through, AML-03 Circular flow, NET-01 Fan-in collector, NET-02 Fan-out distributor, NET-03 Flow centrality (PageRank)","VEL-01, BEH-02, AML-01, AML-03, NET-01, NET-02, NET-03",weekly transaction count = 31 (contribution +5.72) [VEL-01 fired] | circular-flow participation = 2 (contribution +0.55) [AML-03 fired] | distinct receivers (28d) = 56 (contribution +0.09) [NET-02 fired] | velocity vs own history = 1.671 (contribution +0.05),9120.560000000001,31.0,New,test
ALT-W18-09998,18,126,9998,CRITICAL,99.978,Strong,4,14,Velocity anomaly,VEL-01 High absolute velocity,"BEH-02 New-counterparty burst, AML-01 Rapid pass-through, AML-03 Circular flow, NET-01 Fan-in collector, NET-02 Fan-out distributor, NET-03 Flow centrality (PageRank)","VEL-01, BEH-02, AML-01, AML-03, NET-01, NET-02, NET-03",weekly transaction count = 27 (contribution +5.42) [VEL-01 fired] | circular-flow participation = 1 (contribution +0.35) [AML-03 fired] | distinct receivers (28d) = 54 (contribution +0.09) [NET-02 fired],8879.53,27.0,New,test
ALT-W18-09999,18,126,9999,CRITICAL,99.96,Strong,4,14,Velocity anomaly,VEL-01 High absolute velocity,"BEH-02 New-counterparty burst, AML-01 Rapid pass-through, AML-03 Circular flow, NET-01 Fan-in collector, NET-02 Fan-out distributor, NET-03 Flow centrality (PageRank)","VEL-01, BEH-02, AML-01, AML-03, NET-01, NET-02, NET-03",weekly transaction count = 24 (contribution +5.17) [VEL-01 fired] | circular-flow participation = 1 (contribution +0.35) [AML-03 fired] | distinct receivers (28d) = 54 (contribution +0.09) [NET-02 fired],7091.139999999999,24.0,New,test
ALT-W18-19995,18,126,19995,HIGH,99.824,Strong,4,11,Velocity anomaly,VEL-01 High absolute velocity,"BEH-02 New-counterparty burst, AML-03 Circular flow, NET-01 Fan-in collector, NET-02 Fan-out distributor, NET-03 Flow centrality (PageRank)","VEL-01, BEH-02, AML-03, NET-01, NET-02, NET-03",weekly transaction count = 15 (contribution +4.18) [VEL-01 fired] | circular-flow participation = 1 (contribution +0.35) [AML-03 fired] | distinct receivers (28d) = 28 (contribution +0.07) [NET-02 fired] | velocity vs own history = 1.486 (contribution +0.01),4294.54,15.0,New,test
ALT-W18-19994,18,126,19994,HIGH,99.823,Strong,5,11,Velocity anomaly,VEL-01 High absolute velocity,"TXN-01 Large transaction, BEH-02 New-counterparty burst, AML-03 Circular flow, NET-01 Fan-in collector, NET-02 Fan-out distributor, NET-03 Flow centrality (PageRank)","TXN-01, VEL-01, BEH-02, AML-03, NET-01, NET-02, NET-03",weekly transaction count = 15 (contribution +4.18) [VEL-01 fired] | circular-flow participation = 1 (contribution +0.35) [AML-03 fired] | distinct receivers (28d) = 28 (contribution +0.07) [NET-02 fired],4593.110000000001,15.0,New,test
ALT-W18-09997,18,126,9997,HIGH,99.8,Strong,3,14,Velocity anomaly,VEL-01 High absolute velocity,"BEH-02 New-counterparty burst, NET-01 Fan-in collector, NET-02 Fan-out distributor, NET-03 Flow centrality (PageRank)","VEL-01, BEH-02, NET-01, NET-02, NET-03",weekly transaction count = 17 (contribution +4.44) [VEL-01 fired] | distinct receivers (28d) = 27 (contribution +0.07) [NET-02 fired],4333.9,17.0,New,test
ALT-W18-19982,18,126,19982,HIGH,99.795,Strong,4,11,Velocity anomaly,VEL-01 High absolute velocity,"BEH-02 New-counterparty burst, AML-01 Rapid pass-through, NET-01 Fan-in collector, NET-02 Fan-out distributor, NET-03 Flow centrality (PageRank)","VEL-01, BEH-02, AML-01, NET-01, NET-02, NET-03",weekly transaction count = 16 (contribution +4.31) [VEL-01 fired] | distinct receivers (28d) = 28 (contribution +0.07) [NET-02 fired] | velocity vs own history = 1.664 (contribution +0.05),4852.120000000001,16.0,New,test
ALT-W18-19997,18,126,19997,HIGH,99.793,Strong,4,11,Velocity anomaly,VEL-01 High absolute velocity,"TXN-01 Large transaction, BEH-02 New-counterparty burst, NET-01 Fan-in collector, NET-02 Fan-out distributor, NET-03 Flow centrality (PageRank)","TXN-01, VEL-01, BEH-02, NET-01, NET-02, NET-03",weekly transaction count = 16 (contribution +4.31) [VEL-01 fired] | distinct receivers (28d) = 28 (contribution +0.07) [NET-02 fired],5249.07,16.0,New,test
ALT-W18-09982,18,126,9982,HIGH,99.747,Strong,3,13,Velocity anomaly,VEL-01 High absolute velocity,"BEH-02 New-counterparty burst, NET-01 Fan-in collector, NET-02 Fan-out distributor, NET-03 Flow centrality (PageRank)","VEL-01, BEH-02, NET-01, NET-02, NET-03",weekly transaction count = 14 (contribution +4.03) [VEL-01 fired] | distinct receivers (28d) = 27 (contribution +0.07) [NET-02 fired] | velocity vs own history = 1.562 (contribution +0.03),4516.35,14.0,New,test
ALT-W18-19996,18,126,19996,HIGH,99.738,Strong,3,11,Velocity anomaly,VEL-01 High absolute velocity,"BEH-02 New-counterparty burst, NET-01 Fan-in collector, NET-02 Fan-out distributor, NET-03 Flow centrality (PageRank)","VEL-01, BEH-02, NET-01, NET-02, NET-03",weekly transaction count = 14 (contribution +4.03) [VEL-01 fired] | distinct receivers (28d) = 28 (contribution +0.07) [NET-02 fired],3447.32,14.0,New,test
ALT-W18-09983,18,126,9983,HIGH,99.703,Strong,3,11,Velocity anomaly,VEL-01 High absolute velocity,"BEH-02 New-counterparty burst, NET-01 Fan-in collector, NET-02 Fan-out distributor, NET-03 Flow centrality (PageRank)","VEL-01, BEH-02, NET-01, NET-02, NET-03",weekly transaction count = 13 (contribution +3.88) [VEL-01 fired] | distinct receivers (28d) = 27 (contribution +0.07) [NET-02 fired],3992.28,13.0,New,test
ALT-W18-11887,18,126,11887,MEDIUM,99.685,Limited,3,1,Velocity anomaly,VEL-01 High absolute velocity,"BEH-01 Velocity spike vs own baseline, AML-03 Circular flow","VEL-01, BEH-01, AML-03",weekly transaction count = 8 (contribution +2.89) [VEL-01 fired] | velocity vs own history = 6.5 (contribution +0.60) [BEH-01 fired] | circular-flow participation = 1 (contribution +0.35) [AML-03 fired] | distinct receivers (28d) = 3 (contribution +0.01),131.44,8.0,New,test
ALT-W18-09993,18,126,9993,MEDIUM,99.667,Strong,4,14,Velocity anomaly,VEL-01 High absolute velocity,"BEH-02 New-counterparty burst, AML-01 Rapid pass-through, AML-03 Circular flow, NET-01 Fan-in collector, NET-02 Fan-out distributor, NET-03 Flow centrality (PageRank)","VEL-01, BEH-02, AML-01, AML-03, NET-01, NET-02, NET-03",weekly transaction count = 11 (contribution +3.53) [VEL-01 fired] | circular-flow participation = 1 (contribution +0.35) [AML-03 fired] | distinct receivers (28d) = 27 (contribution +0.07) [NET-02 fired],2664.1000000000004,11.0,New,test
ALT-W18-09981,18,126,9981,MEDIUM,99.659,Strong,4,13,Velocity anomaly,VEL-01 High absolute velocity,"BEH-02 New-counterparty burst, AML-01 Rapid pass-through, NET-01 Fan-in collector, NET-02 Fan-out distributor, NET-03 Flow centrality (PageRank)","VEL-01, BEH-02, AML-01, NET-01, NET-02, NET-03",weekly transaction count = 12 (contribution +3.71) [VEL-01 fired] | distinct receivers (28d) = 27 (contribution +0.07) [NET-02 fired],2727.38,12.0,New,test
ALT-W18-19991,18,126,19991,MEDIUM,99.658,Strong,3,11,Velocity anomaly,VEL-01 High absolute velocity,"BEH-02 New-counterparty burst, NET-01 Fan-in collector, NET-02 Fan-out distributor","VEL-01, BEH-02, NET-01, NET-02",weekly transaction count = 12 (contribution +3.71) [VEL-01 fired] | distinct receivers (28d) = 28 (contribution +0.07) [NET-02 fired],2419.1,12.0,New,test
ALT-W18-19992,18,126,19992,MEDIUM,99.658,Strong,3,13,Velocity anomaly,VEL-01 High absolute velocity,"BEH-02 New-counterparty burst, NET-01 Fan-in collector, NET-02 Fan-out distributor, NET-03 Flow centrality (PageRank)","VEL-01, BEH-02, NET-01, NET-02, NET-03",weekly transaction count = 12 (contribution +3.71) [VEL-01 fired] | distinct receivers (28d) = 28 (contribution +0.07) [NET-02 fired],3434.0,12.0,New,test
ALT-W18-09996,18,126,9996,MEDIUM,99.639,Strong,4,14,Velocity anomaly,VEL-01 High absolute velocity,"BEH-02 New-counterparty burst, AML-01 Rapid pass-through, NET-01 Fan-in collector, NET-02 Fan-out distributor, NET-03 Flow centrality (PageRank)","VEL-01, BEH-02, AML-01, NET-01, NET-02, NET-03",weekly transaction count = 12 (contribution +3.71) [VEL-01 fired] | distinct receivers (28d) = 28 (contribution +0.07) [NET-02 fired],3398.7400000000002,12.0,New,test
ALT-W18-19983,18,126,19983,MEDIUM,99.639,Strong,4,11,Velocity anomaly,VEL-01 High absolute velocity,"BEH-02 New-counterparty burst, AML-01 Rapid pass-through, AML-03 Circular flow, NET-01 Fan-in collector, NET-02 Fan-out distributor, NET-03 Flow centrality (PageRank)","VEL-01, BEH-02, AML-01, AML-03, NET-01, NET-02, NET-03",weekly transaction count = 10 (contribution +3.34) [VEL-01 fired] | circular-flow participation = 1 (contribution +0.35) [AML-03 fired] | distinct receivers (28d) = 28 (contribution +0.07) [NET-02 fired],3138.0699999999997,10.0,New,test
ALT-W18-18319,18,126,18319,MEDIUM,99.62,Limited,2,1,Velocity anomaly,VEL-01 High absolute velocity,BEH-01 Velocity spike vs own baseline,"VEL-01, BEH-01",weekly transaction count = 9 (contribution +3.13) [VEL-01 fired] | velocity vs own history = 4.783 (contribution +0.46) [BEH-01 fired] | distinct receivers (28d) = 2 (contribution +0.01),394.57000000000005,9.0,New,test
ALT-W18-19980,18,126,19980,MEDIUM,99.606,Strong,3,12,Velocity anomaly,VEL-01 High absolute velocity,"BEH-02 New-counterparty burst, NET-01 Fan-in collector, NET-02 Fan-out distributor","VEL-01, BEH-02, NET-01, NET-02",weekly transaction count = 11 (contribution +3.53) [VEL-01 fired] | distinct receivers (28d) = 28 (contribution +0.07) [NET-02 fired],2383.19,11.0,New,test
ALT-W18-19985,18,126,19985,MEDIUM,99.534,Strong,3,14,Velocity anomaly,VEL-01 High absolute velocity,"BEH-02 New-counterparty burst, NET-02 Fan-out distributor","VEL-01, BEH-02, NET-02",weekly transaction count = 10 (contribution +3.34) [VEL-01 fired] | distinct receivers (28d) = 28 (contribution +0.07) [NET-02 fired],2292.9700000000003,10.0,New,test
ALT-W18-19984,18,126,19984,MEDIUM,99.533,Strong,3,13,Velocity anomaly,VEL-01 High absolute velocity,"BEH-02 New-counterparty burst, NET-02 Fan-out distributor","VEL-01, BEH-02, NET-02",weekly transaction count = 10 (contribution +3.34) [VEL-01 fired] | distinct receivers (28d) = 29 (contribution +0.07) [NET-02 fired],2528.19,10.0,New,test
ALT-W18-19986,18,126,19986,MEDIUM,99.533,Strong,3,11,Velocity anomaly,VEL-01 High absolute velocity,"BEH-02 New-counterparty burst, NET-02 Fan-out distributor","VEL-01, BEH-02, NET-02",weekly transaction count = 10 (contribution +3.34) [VEL-01 fired] | distinct receivers (28d) = 28 (contribution +0.07) [NET-02 fired],2395.45,10.0,New,test
ALT-W18-19981,18,126,19981,MEDIUM,99.521,Strong,3,11,Velocity anomaly,VEL-01 High absolute velocity,"BEH-02 New-counterparty burst, NET-01 Fan-in collector, NET-02 Fan-out distributor, NET-03 Flow centrality (PageRank)","VEL-01, BEH-02, NET-01, NET-02, NET-03",weekly transaction count = 10 (contribution +3.34) [VEL-01 fired] | distinct receivers (28d) = 29 (contribution +0.07) [NET-02 fired],3237.95,10.0,New,test
ALT-W18-19990,18,126,19990,MEDIUM,99.518,Strong,3,12,Velocity anomaly,VEL-01 High absolute velocity,"BEH-02 New-counterparty burst, NET-01 Fan-in collector, NET-02 Fan-out distributor","VEL-01, BEH-02, NET-01, NET-02",weekly transaction count = 10 (contribution +3.34) [VEL-01 fired] | distinct receivers (28d) = 28 (contribution +0.07) [NET-02 fired],2364.37,10.0,New,test
ALT-W18-07169,18,126,7169,MEDIUM,99.511,Limited,2,1,Velocity anomaly,VEL-01 High absolute velocity,BEH-01 Velocity spike vs own baseline,"VEL-01, BEH-01",weekly transaction count = 8 (contribution +2.89) [VEL-01 fired] | velocity vs own history = 3.938 (contribution +0.38) [BEH-01 fired] | distinct receivers (28d) = 3 (contribution +0.01),98.48,8.0,New,test
ALT-W18-19979,18,126,19979,MEDIUM,99.511,Strong,3,12,Velocity anomaly,VEL-01 High absolute velocity,"BEH-02 New-counterparty burst, NET-01 Fan-in collector, NET-02 Fan-out distributor, NET-03 Flow centrality (PageRank)","VEL-01, BEH-02, NET-01, NET-02, NET-03",weekly transaction count = 10 (contribution +3.34) [VEL-01 fired] | distinct receivers (28d) = 28 (contribution +0.07) [NET-02 fired],2905.3700000000003,10.0,New,test
ALT-W18-09919,18,126,9919,MEDIUM,99.497,Limited,2,1,Velocity anomaly,VEL-01 High absolute velocity,"BEH-01 Velocity spike vs own baseline, BEH-02 New-counterparty burst","VEL-01, BEH-01, BEH-02",weekly transaction count = 8 (contribution +2.89) [VEL-01 fired] | velocity vs own history = 4.065 (contribution +0.39) [BEH-01 fired],2627.01,8.0,New,test
ALT-W18-09995,18,126,9995,MEDIUM,99.493,Strong,4,14,Velocity anomaly,VEL-01 High absolute velocity,"BEH-02 New-counterparty burst, AML-01 Rapid pass-through, NET-01 Fan-in collector, NET-02 Fan-out distributor, NET-03 Flow centrality (PageRank)","VEL-01, BEH-02, AML-01, NET-01, NET-02, NET-03",weekly transaction count = 10 (contribution +3.34) [VEL-01 fired] | distinct receivers (28d) = 28 (contribution +0.07) [NET-02 fired],4036.0400000000004,10.0,New,test
ALT-W18-09978,18,126,9978,MEDIUM,99.441,Strong,4,13,Velocity anomaly,VEL-01 High absolute velocity,"BEH-02 New-counterparty burst, AML-03 Circular flow, NET-01 Fan-in collector, NET-02 Fan-out distributor, NET-03 Flow centrality (PageRank)","VEL-01, BEH-02, AML-03, NET-01, NET-02, NET-03",weekly transaction count = 8 (contribution +2.89) [VEL-01 fired] | circular-flow participation = 1 (contribution +0.35) [AML-03 fired] | distinct receivers (28d) = 27 (contribution +0.07) [NET-02 fired],2614.71,8.0,New,test
ALT-W18-19773,18,126,19773,MEDIUM,99.408,Limited,2,1,Velocity anomaly,VEL-01 High absolute velocity,NET-02 Fan-out distributor,"VEL-01, NET-02",weekly transaction count = 8 (contribution +2.89) [VEL-01 fired] | velocity vs own history = 2.25 (contribution +0.16) | distinct receivers (28d) = 10 (contribution +0.04) [NET-02 fired],1170.16,8.0,New,test
ALT-W18-19993,18,126,19993,LOW,99.372,Strong,3,11,Velocity anomaly,VEL-01 High absolute velocity,"BEH-02 New-counterparty burst, NET-01 Fan-in collector, NET-02 Fan-out distributor, NET-03 Flow centrality (PageRank)","VEL-01, BEH-02, NET-01, NET-02, NET-03",weekly transaction count = 9 (contribution +3.13) [VEL-01 fired] | distinct receivers (28d) = 30 (contribution +0.07) [NET-02 fired],3413.7299999999996,9.0,New,test
ALT-W18-19987,18,126,19987,LOW,99.371,Strong,3,13,Velocity anomaly,VEL-01 High absolute velocity,"BEH-02 New-counterparty burst, NET-02 Fan-out distributor","VEL-01, BEH-02, NET-02",weekly transaction count = 9 (contribution +3.13) [VEL-01 fired] | distinct receivers (28d) = 28 (contribution +0.07) [NET-02 fired],2484.2000000000003,9.0,New,test
ALT-W18-09994,18,126,9994,LOW,99.359,Strong,3,14,Velocity anomaly,VEL-01 High absolute velocity,"BEH-02 New-counterparty burst, NET-01 Fan-in collector, NET-02 Fan-out distributor, NET-03 Flow centrality (PageRank)","VEL-01, BEH-02, NET-01, NET-02, NET-03",weekly transaction count = 9 (contribution +3.13) [VEL-01 fired] | distinct receivers (28d) = 27 (contribution +0.07) [NET-02 fired],2661.76,9.0,New,test
ALT-W18-19088,18,126,19088,LOW,99.352,Limited,3,1,Velocity anomaly,VEL-01 High absolute velocity,"BEH-01 Velocity spike vs own baseline, AML-01 Rapid pass-through, AML-03 Circular flow","VEL-01, BEH-01, AML-01, AML-03",weekly transaction count = 6 (contribution +2.33) [VEL-01 fired] | circular-flow participation = 1 (contribution +0.35) [AML-03 fired] | velocity vs own history = 3.5 (contribution +0.33) [BEH-01 fired] | distinct receivers (28d) = 2 (contribution +0.01),153.88,6.0,New,test
ALT-W18-09979,18,126,9979,LOW,99.34,Moderate,3,2,Velocity anomaly,VEL-01 High absolute velocity,"BEH-02 New-counterparty burst, NET-01 Fan-in collector","VEL-01, BEH-02, NET-01",weekly transaction count = 8 (contribution +2.89) [VEL-01 fired] | velocity vs own history = 2.136 (contribution +0.14),1983.5,8.0,New,test
ALT-W18-09992,18,126,9992,LOW,99.339,Strong,4,14,Velocity anomaly,VEL-01 High absolute velocity,"BEH-02 New-counterparty burst, AML-01 Rapid pass-through, NET-01 Fan-in collector, NET-02 Fan-out distributor","VEL-01, BEH-02, AML-01, NET-01, NET-02",weekly transaction count = 9 (contribution +3.13) [VEL-01 fired] | distinct receivers (28d) = 28 (contribution +0.07) [NET-02 fired],1995.1000000000001,9.0,New,test
ALT-W18-19934,18,126,19934,LOW,99.285,Strong,2,3,Velocity anomaly,VEL-01 High absolute velocity,"NET-01 Fan-in collector, NET-03 Flow centrality (PageRank)","VEL-01, NET-01, NET-03",weekly transaction count = 8 (contribution +2.89) [VEL-01 fired] | velocity vs own history = 1.915 (contribution +0.10),644.33,8.0,New,test
ALT-W18-19978,18,126,19978,LOW,99.227,Strong,2,5,Velocity anomaly,VEL-01 High absolute velocity,NET-01 Fan-in collector,"VEL-01, NET-01",weekly transaction count = 8 (contribution +2.89) [VEL-01 fired] | velocity vs own history = 1.618 (contribution +0.04),1079.71,8.0,New,test
ALT-W18-19797,18,126,19797,LOW,99.155,Limited,2,1,Velocity anomaly,VEL-01 High absolute velocity,NET-02 Fan-out distributor,"VEL-01, NET-02",weekly transaction count = 7 (contribution +2.63) [VEL-01 fired] | velocity vs own history = 2.207 (contribution +0.15) | distinct receivers (28d) = 11 (contribution +0.05) [NET-02 fired],1203.24,7.0,New,test
ALT-W18-19989,18,126,19989,LOW,99.135,Strong,3,11,Velocity anomaly,VEL-01 High absolute velocity,"BEH-02 New-counterparty burst, NET-02 Fan-out distributor","VEL-01, BEH-02, NET-02",weekly transaction count = 8 (contribution +2.89) [VEL-01 fired] | distinct receivers (28d) = 29 (contribution +0.07) [NET-02 fired],2732.11,8.0,New,test
ALT-W18-09980,18,126,9980,LOW,99.113,Strong,4,14,Velocity anomaly,VEL-01 High absolute velocity,"BEH-02 New-counterparty burst, AML-01 Rapid pass-through, NET-01 Fan-in collector, NET-02 Fan-out distributor, NET-03 Flow centrality (PageRank)","VEL-01, BEH-02, AML-01, NET-01, NET-02, NET-03",weekly transaction count = 8 (contribution +2.89) [VEL-01 fired] | distinct receivers (28d) = 27 (contribution +0.07) [NET-02 fired],2657.47,8.0,New,test
ALT-W18-09990,18,126,9990,LOW,99.077,Strong,3,14,Velocity anomaly,VEL-01 High absolute velocity,"BEH-02 New-counterparty burst, NET-02 Fan-out distributor","VEL-01, BEH-02, NET-02",weekly transaction count = 8 (contribution +2.89) [VEL-01 fired] | distinct receivers (28d) = 27 (contribution +0.07) [NET-02 fired],1792.96,8.0,New,test
ALT-W18-09991,18,126,9991,LOW,99.075,Strong,3,14,Velocity anomaly,VEL-01 High absolute velocity,"BEH-02 New-counterparty burst, NET-01 Fan-in collector, NET-02 Fan-out distributor","VEL-01, BEH-02, NET-01, NET-02",weekly transaction count = 8 (contribution +2.89) [VEL-01 fired] | distinct receivers (28d) = 27 (contribution +0.07) [NET-02 fired],2493.57,8.0,New,test
ALT-W18-09950,18,126,9950,LOW,99.03,Moderate,3,2,Velocity anomaly,VEL-01 High absolute velocity,"BEH-02 New-counterparty burst, NET-01 Fan-in collector, NET-03 Flow centrality (PageRank)","VEL-01, BEH-02, NET-01, NET-03",weekly transaction count = 7 (contribution +2.63) [VEL-01 fired] | velocity vs own history = 2.036 (contribution +0.12),2232.54,7.0,New,test
ALT-W18-16187,18,126,16187,LOW,99.03,Limited,2,1,Velocity anomaly,VEL-01 High absolute velocity,BEH-01 Velocity spike vs own baseline,"VEL-01, BEH-01",weekly transaction count = 6 (contribution +2.33) [VEL-01 fired] | velocity vs own history = 3.957 (contribution +0.38) [BEH-01 fired] | distinct receivers (28d) = 3 (contribution +0.01),227.57,6.0,New,test
ALT-W18-13422,18,126,13422,LOW,99.026,Limited,2,1,Velocity anomaly,VEL-01 High absolute velocity,BEH-01 Velocity spike vs own baseline,"VEL-01, BEH-01",weekly transaction count = 6 (contribution +2.33) [VEL-01 fired] | velocity vs own history = 4 (contribution +0.38) [BEH-01 fired] | distinct receivers (28d) = 2 (contribution +0.01),185.39,6.0,New,test
ALT-W18-09966,18,126,9966,LOW,99.008,Strong,3,3,Velocity anomaly,VEL-01 High absolute velocity,"BEH-02 New-counterparty burst, NET-01 Fan-in collector, NET-03 Flow centrality (PageRank)","VEL-01, BEH-02, NET-01, NET-03",weekly transaction count = 7 (contribution +2.63) [VEL-01 fired] | velocity vs own history = 1.818 (contribution +0.08),1581.48,7.0,New,test
ALT-W19-19998,19,133,19998,CRITICAL,99.952,Strong,3,12,Velocity anomaly,VEL-01 High absolute velocity,"BEH-02 New-counterparty burst, NET-01 Fan-in collector, NET-02 Fan-out distributor, NET-03 Flow centrality (PageRank)","VEL-01, BEH-02, NET-01, NET-02, NET-03",weekly transaction count = 26 (contribution +5.34) [VEL-01 fired] | distinct receivers (28d) = 56 (contribution +0.09) [NET-02 fired],6958.22,26.0,New,test
ALT-W19-19999,19,133,19999,CRITICAL,99.935,Strong,4,12,Velocity anomaly,VEL-01 High absolute velocity,"BEH-02 New-counterparty burst, AML-01 Rapid pass-through, AML-03 Circular flow, NET-01 Fan-in collector, NET-02 Fan-out distributor, NET-03 Flow centrality (PageRank)","VEL-01, BEH-02, AML-01, AML-03, NET-01, NET-02, NET-03",weekly transaction count = 19 (contribution +4.67) [VEL-01 fired] | circular-flow participation = 2 (contribution +0.55) [AML-03 fired] | distinct receivers (28d) = 56 (contribution +0.09) [NET-02 fired],6126.410000000001,19.0,New,test
ALT-W19-19981,19,133,19981,HIGH,99.793,Strong,3,12,Velocity anomaly,VEL-01 High absolute velocity,"BEH-02 New-counterparty burst, NET-01 Fan-in collector, NET-02 Fan-out distributor, NET-03 Flow centrality (PageRank)","VEL-01, BEH-02, NET-01, NET-02, NET-03",weekly transaction count = 16 (contribution +4.31) [VEL-01 fired] | distinct receivers (28d) = 29 (contribution +0.07) [NET-02 fired] | velocity vs own history = 1.466 (contribution +0.01),5382.02,16.0,New,test
ALT-W19-09999,19,133,9999,HIGH,99.774,Strong,5,15,Velocity anomaly,VEL-01 High absolute velocity,"TXN-01 Large transaction, BEH-02 New-counterparty burst, AML-03 Circular flow, NET-01 Fan-in collector, NET-02 Fan-out distributor, NET-03 Flow centrality (PageRank)","TXN-01, VEL-01, BEH-02, AML-03, NET-01, NET-02, NET-03",weekly transaction count = 14 (contribution +4.03) [VEL-01 fired] | circular-flow participation = 1 (contribution +0.35) [AML-03 fired] | distinct receivers (28d) = 40 (contribution +0.08) [NET-02 fired],3895.5600000000004,14.0,New,test
ALT-W19-19997,19,133,19997,HIGH,99.763,Strong,4,12,Velocity anomaly,VEL-01 High absolute velocity,"BEH-02 New-counterparty burst, AML-01 Rapid pass-through, NET-01 Fan-in collector, NET-02 Fan-out distributor, NET-03 Flow centrality (PageRank)","VEL-01, BEH-02, AML-01, NET-01, NET-02, NET-03",weekly transaction count = 15 (contribution +4.18) [VEL-01 fired] | distinct receivers (28d) = 28 (contribution +0.07) [NET-02 fired],3564.75,15.0,New,test
ALT-W19-18920,19,133,18920,HIGH,99.741,Limited,3,1,Velocity anomaly,VEL-01 High absolute velocity,"BEH-01 Velocity spike vs own baseline, NET-02 Fan-out distributor","VEL-01, BEH-01, NET-02",weekly transaction count = 11 (contribution +3.53) [VEL-01 fired] | velocity vs own history = 5.684 (contribution +0.53) [BEH-01 fired] | distinct receivers (28d) = 7 (contribution +0.03) [NET-02 fired],1774.8700000000001,11.0,New,test
ALT-W19-19995,19,133,19995,HIGH,99.738,Strong,3,12,Velocity anomaly,VEL-01 High absolute velocity,"BEH-02 New-counterparty burst, NET-01 Fan-in collector, NET-02 Fan-out distributor, NET-03 Flow centrality (PageRank)","VEL-01, BEH-02, NET-01, NET-02, NET-03",weekly transaction count = 14 (contribution +4.03) [VEL-01 fired] | distinct receivers (28d) = 28 (contribution +0.07) [NET-02 fired],3599.04,14.0,New,test
ALT-W19-19996,19,133,19996,MEDIUM,99.696,Strong,3,12,Velocity anomaly,VEL-01 High absolute velocity,"BEH-02 New-counterparty burst, NET-01 Fan-in collector, NET-02 Fan-out distributor, NET-03 Flow centrality (PageRank)","VEL-01, BEH-02, NET-01, NET-02, NET-03",weekly transaction count = 13 (contribution +3.88) [VEL-01 fired] | distinct receivers (28d) = 28 (contribution +0.07) [NET-02 fired],3133.9700000000003,13.0,New,test
ALT-W19-19982,19,133,19982,MEDIUM,99.606,Strong,3,12,Velocity anomaly,VEL-01 High absolute velocity,"BEH-02 New-counterparty burst, NET-01 Fan-in collector, NET-02 Fan-out distributor, NET-03 Flow centrality (PageRank)","VEL-01, BEH-02, NET-01, NET-02, NET-03",weekly transaction count = 11 (contribution +3.53) [VEL-01 fired] | distinct receivers (28d) = 28 (contribution +0.07) [NET-02 fired],3321.3700000000003,11.0,New,test
ALT-W19-19992,19,133,19992,MEDIUM,99.603,Strong,3,14,Velocity anomaly,VEL-01 High absolute velocity,"BEH-02 New-counterparty burst, NET-01 Fan-in collector, NET-02 Fan-out distributor, NET-03 Flow centrality (PageRank)","VEL-01, BEH-02, NET-01, NET-02, NET-03",weekly transaction count = 11 (contribution +3.53) [VEL-01 fired] | distinct receivers (28d) = 28 (contribution +0.07) [NET-02 fired],3297.55,11.0,New,test
ALT-W19-19975,19,133,19975,MEDIUM,99.58,Strong,1,4,Velocity anomaly,VEL-01 High absolute velocity,,VEL-01,weekly transaction count = 10 (contribution +3.34) [VEL-01 fired] | velocity vs own history = 1.814 (contribution +0.08) | distinct receivers (28d) = 2 (contribution +0.01),186.1,10.0,New,test
ALT-W19-19980,19,133,19980,MEDIUM,99.533,Strong,3,13,Velocity anomaly,VEL-01 High absolute velocity,"BEH-02 New-counterparty burst, NET-02 Fan-out distributor","VEL-01, BEH-02, NET-02",weekly transaction count = 10 (contribution +3.34) [VEL-01 fired] | distinct receivers (28d) = 28 (contribution +0.07) [NET-02 fired],2340.18,10.0,New,test
ALT-W19-19983,19,133,19983,MEDIUM,99.525,Strong,4,12,Velocity anomaly,VEL-01 High absolute velocity,"BEH-02 New-counterparty burst, AML-01 Rapid pass-through, NET-01 Fan-in collector, NET-02 Fan-out distributor, NET-03 Flow centrality (PageRank)","VEL-01, BEH-02, AML-01, NET-01, NET-02, NET-03",weekly transaction count = 10 (contribution +3.34) [VEL-01 fired] | distinct receivers (28d) = 28 (contribution +0.07) [NET-02 fired],2861.1699999999996,10.0,New,test
ALT-W19-19994,19,133,19994,MEDIUM,99.516,Strong,5,12,Velocity anomaly,VEL-01 High absolute velocity,"TXN-01 Large transaction, BEH-02 New-counterparty burst, AML-01 Rapid pass-through, NET-01 Fan-in collector, NET-02 Fan-out distributor, NET-03 Flow centrality (PageRank)","TXN-01, VEL-01, BEH-02, AML-01, NET-01, NET-02, NET-03",weekly transaction count = 10 (contribution +3.34) [VEL-01 fired] | distinct receivers (28d) = 28 (contribution +0.07) [NET-02 fired],3123.63,10.0,New,test
ALT-W19-19993,19,133,19993,MEDIUM,99.51,Strong,3,12,Velocity anomaly,VEL-01 High absolute velocity,"BEH-02 New-counterparty burst, NET-01 Fan-in collector, NET-02 Fan-out distributor, NET-03 Flow centrality (PageRank)","VEL-01, BEH-02, NET-01, NET-02, NET-03",weekly transaction count = 10 (contribution +3.34) [VEL-01 fired] | distinct receivers (28d) = 30 (contribution +0.07) [NET-02 fired],3531.5499999999997,10.0,New,test
ALT-W19-19797,19,133,19797,MEDIUM,99.413,Moderate,2,2,Velocity anomaly,VEL-01 High absolute velocity,NET-02 Fan-out distributor,"VEL-01, NET-02",weekly transaction count = 8 (contribution +2.89) [VEL-01 fired] | velocity vs own history = 2.318 (contribution +0.17) | distinct receivers (28d) = 9 (contribution +0.04) [NET-02 fired],1418.68,8.0,New,test
ALT-W19-19988,19,133,19988,LOW,99.399,Strong,3,12,Velocity anomaly,VEL-01 High absolute velocity,"BEH-02 New-counterparty burst, NET-02 Fan-out distributor","VEL-01, BEH-02, NET-02",weekly transaction count = 9 (contribution +3.13) [VEL-01 fired] | distinct receivers (28d) = 29 (contribution +0.07) [NET-02 fired],3391.37,9.0,New,test
ALT-W19-09996,19,133,9996,LOW,99.34,Strong,4,15,Velocity anomaly,VEL-01 High absolute velocity,"BEH-02 New-counterparty burst, AML-01 Rapid pass-through, NET-01 Fan-in collector, NET-02 Fan-out distributor, NET-03 Flow centrality (PageRank)","VEL-01, BEH-02, AML-01, NET-01, NET-02, NET-03",weekly transaction count = 9 (contribution +3.13) [VEL-01 fired] | distinct receivers (28d) = 21 (contribution +0.06) [NET-02 fired],3182.63,9.0,New,test
ALT-W19-19991,19,133,19991,LOW,99.137,Strong,3,12,Velocity anomaly,VEL-01 High absolute velocity,"BEH-02 New-counterparty burst, NET-02 Fan-out distributor","VEL-01, BEH-02, NET-02",weekly transaction count = 8 (contribution +2.89) [VEL-01 fired] | distinct receivers (28d) = 28 (contribution +0.07) [NET-02 fired],1618.6100000000001,8.0,New,test
ALT-W19-19935,19,133,19935,LOW,99.135,Limited,2,1,Velocity anomaly,VEL-01 High absolute velocity,BEH-02 New-counterparty burst,"VEL-01, BEH-02",weekly transaction count = 7 (contribution +2.63) [VEL-01 fired] | velocity vs own history = 2.514 (contribution +0.20),2178.71,7.0,New,test
ALT-W19-19987,19,133,19987,LOW,99.112,Strong,3,14,Velocity anomaly,VEL-01 High absolute velocity,"BEH-02 New-counterparty burst, NET-02 Fan-out distributor","VEL-01, BEH-02, NET-02",weekly transaction count = 8 (contribution +2.89) [VEL-01 fired] | distinct receivers (28d) = 28 (contribution +0.07) [NET-02 fired],2283.88,8.0,New,test
ALT-W19-09995,19,133,9995,LOW,99.079,Strong,4,15,Velocity anomaly,VEL-01 High absolute velocity,"BEH-02 New-counterparty burst, AML-01 Rapid pass-through, NET-01 Fan-in collector, NET-02 Fan-out distributor, NET-03 Flow centrality (PageRank)","VEL-01, BEH-02, AML-01, NET-01, NET-02, NET-03",weekly transaction count = 8 (contribution +2.89) [VEL-01 fired] | distinct receivers (28d) = 20 (contribution +0.06) [NET-02 fired],2031.02,8.0,New,test
ALT-W20-19998,20,140,19998,CRITICAL,99.985,Strong,4,13,Velocity anomaly,VEL-01 High absolute velocity,"BEH-02 New-counterparty burst, AML-01 Rapid pass-through, NET-01 Fan-in collector, NET-02 Fan-out distributor, NET-03 Flow centrality (PageRank)","VEL-01, BEH-02, AML-01, NET-01, NET-02, NET-03",weekly transaction count = 33 (contribution +5.85) [VEL-01 fired] | distinct receivers (28d) = 57 (contribution +0.09) [NET-02 fired] | velocity vs own history = 1.511 (contribution +0.02),8370.92,33.0,New,test
ALT-W20-19999,20,140,19999,CRITICAL,99.935,Strong,3,13,Velocity anomaly,VEL-01 High absolute velocity,"BEH-02 New-counterparty burst, NET-01 Fan-in collector, NET-02 Fan-out distributor, NET-03 Flow centrality (PageRank)","VEL-01, BEH-02, NET-01, NET-02, NET-03",weekly transaction count = 24 (contribution +5.17) [VEL-01 fired] | distinct receivers (28d) = 56 (contribution +0.09) [NET-02 fired],7007.080000000001,24.0,New,test
ALT-W20-19983,20,140,19983,HIGH,99.774,Strong,3,13,Velocity anomaly,VEL-01 High absolute velocity,"BEH-02 New-counterparty burst, NET-01 Fan-in collector, NET-02 Fan-out distributor, NET-03 Flow centrality (PageRank)","VEL-01, BEH-02, NET-01, NET-02, NET-03",weekly transaction count = 15 (contribution +4.18) [VEL-01 fired] | distinct receivers (28d) = 28 (contribution +0.07) [NET-02 fired] | velocity vs own history = 1.437 (contribution +0.00),3719.5899999999997,15.0,New,test
ALT-W20-19982,20,140,19982,HIGH,99.74,Strong,3,13,Velocity anomaly,VEL-01 High absolute velocity,"BEH-02 New-counterparty burst, NET-01 Fan-in collector, NET-02 Fan-out distributor, NET-03 Flow centrality (PageRank)","VEL-01, BEH-02, NET-01, NET-02, NET-03",weekly transaction count = 14 (contribution +4.03) [VEL-01 fired] | distinct receivers (28d) = 28 (contribution +0.07) [NET-02 fired],4307.39,14.0,New,test
ALT-W20-09999,20,140,9999,MEDIUM,99.696,Strong,3,16,Velocity anomaly,VEL-01 High absolute velocity,"BEH-02 New-counterparty burst, NET-01 Fan-in collector, NET-02 Fan-out distributor, NET-03 Flow centrality (PageRank)","VEL-01, BEH-02, NET-01, NET-02, NET-03",weekly transaction count = 14 (contribution +4.03) [VEL-01 fired] | distinct receivers (28d) = 26 (contribution +0.07) [NET-02 fired],3721.37,14.0,New,test
ALT-W20-19996,20,140,19996,MEDIUM,99.657,Strong,5,13,Velocity anomaly,VEL-01 High absolute velocity,"TXN-01 Large transaction, BEH-02 New-counterparty burst, AML-01 Rapid pass-through, NET-01 Fan-in collector, NET-02 Fan-out distributor, NET-03 Flow centrality (PageRank)","TXN-01, VEL-01, BEH-02, AML-01, NET-01, NET-02, NET-03",weekly transaction count = 12 (contribution +3.71) [VEL-01 fired] | distinct receivers (28d) = 28 (contribution +0.07) [NET-02 fired],3183.2700000000004,12.0,New,test
ALT-W20-19997,20,140,19997,MEDIUM,99.645,Strong,4,13,Velocity anomaly,VEL-01 High absolute velocity,"BEH-02 New-counterparty burst, AML-01 Rapid pass-through, NET-01 Fan-in collector, NET-02 Fan-out distributor, NET-03 Flow centrality (PageRank)","VEL-01, BEH-02, AML-01, NET-01, NET-02, NET-03",weekly transaction count = 12 (contribution +3.71) [VEL-01 fired] | distinct receivers (28d) = 28 (contribution +0.07) [NET-02 fired],3535.85,12.0,New,test
ALT-W20-09998,20,140,9998,MEDIUM,99.606,Strong,3,15,Velocity anomaly,VEL-01 High absolute velocity,"BEH-02 New-counterparty burst, NET-01 Fan-in collector, NET-02 Fan-out distributor, NET-03 Flow centrality (PageRank)","VEL-01, BEH-02, NET-01, NET-02, NET-03",weekly transaction count = 12 (contribution +3.71) [VEL-01 fired] | distinct receivers (28d) = 26 (contribution +0.07) [NET-02 fired],3327.84,12.0,New,test
ALT-W20-19979,20,140,19979,MEDIUM,99.516,Strong,3,13,Velocity anomaly,VEL-01 High absolute velocity,"BEH-02 New-counterparty burst, NET-02 Fan-out distributor","VEL-01, BEH-02, NET-02",weekly transaction count = 10 (contribution +3.34) [VEL-01 fired] | distinct receivers (28d) = 28 (contribution +0.07) [NET-02 fired],2428.82,10.0,New,test
ALT-W20-09983,20,140,9983,LOW,99.387,Strong,3,12,Velocity anomaly,VEL-01 High absolute velocity,"BEH-02 New-counterparty burst, NET-01 Fan-in collector, NET-02 Fan-out distributor, NET-03 Flow centrality (PageRank)","VEL-01, BEH-02, NET-01, NET-02, NET-03",weekly transaction count = 9 (contribution +3.13) [VEL-01 fired] | distinct receivers (28d) = 14 (contribution +0.05) [NET-02 fired],1975.68,9.0,New,test
ALT-W20-19992,20,140,19992,LOW,99.387,Strong,3,15,Velocity anomaly,VEL-01 High absolute velocity,"BEH-02 New-counterparty burst, NET-02 Fan-out distributor, NET-03 Flow centrality (PageRank)","VEL-01, BEH-02, NET-02, NET-03",weekly transaction count = 9 (contribution +3.13) [VEL-01 fired] | distinct receivers (28d) = 28 (contribution +0.07) [NET-02 fired],2962.3900000000003,9.0,New,test
ALT-W20-19995,20,140,19995,LOW,99.387,Strong,3,13,Velocity anomaly,VEL-01 High absolute velocity,"BEH-02 New-counterparty burst, NET-01 Fan-in collector, NET-02 Fan-out distributor, NET-03 Flow centrality (PageRank)","VEL-01, BEH-02, NET-01, NET-02, NET-03",weekly transaction count = 9 (contribution +3.13) [VEL-01 fired] | distinct receivers (28d) = 28 (contribution +0.07) [NET-02 fired],2456.45,9.0,New,test
ALT-W20-09886,20,140,9886,LOW,99.303,Limited,2,1,Velocity anomaly,VEL-01 High absolute velocity,"BEH-01 Velocity spike vs own baseline, BEH-02 New-counterparty burst","VEL-01, BEH-01, BEH-02",weekly transaction count = 7 (contribution +2.63) [VEL-01 fired] | velocity vs own history = 3.879 (contribution +0.37) [BEH-01 fired],1835.94,7.0,New,test
ALT-W20-14727,20,140,14727,LOW,99.227,Limited,1,1,Velocity anomaly,VEL-01 High absolute velocity,,VEL-01,weekly transaction count = 7 (contribution +2.63) [VEL-01 fired] | velocity vs own history = 3.048 (contribution +0.27) | distinct receivers (28d) = 2 (contribution +0.01),25.939999999999998,7.0,New,test
ALT-W20-19980,20,140,19980,LOW,99.153,Strong,3,14,Velocity anomaly,VEL-01 High absolute velocity,"BEH-02 New-counterparty burst, NET-02 Fan-out distributor","VEL-01, BEH-02, NET-02",weekly transaction count = 8 (contribution +2.89) [VEL-01 fired] | distinct receivers (28d) = 28 (contribution +0.07) [NET-02 fired],1891.06,8.0,New,test
ALT-W20-19989,20,140,19989,LOW,99.144,Strong,3,12,Velocity anomaly,VEL-01 High absolute velocity,"BEH-02 New-counterparty burst, NET-02 Fan-out distributor","VEL-01, BEH-02, NET-02",weekly transaction count = 8 (contribution +2.89) [VEL-01 fired] | distinct receivers (28d) = 28 (contribution +0.07) [NET-02 fired],2806.11,8.0,New,test
ALT-W20-19990,20,140,19990,LOW,99.135,Strong,4,13,Velocity anomaly,VEL-01 High absolute velocity,"TXN-01 Large transaction, BEH-02 New-counterparty burst, NET-02 Fan-out distributor","TXN-01, VEL-01, BEH-02, NET-02",weekly transaction count = 8 (contribution +2.89) [VEL-01 fired] | distinct receivers (28d) = 28 (contribution +0.07) [NET-02 fired],2525.63,8.0,New,test
ALT-W20-19981,20,140,19981,LOW,99.131,Strong,3,13,Velocity anomaly,VEL-01 High absolute velocity,"BEH-02 New-counterparty burst, NET-01 Fan-in collector, NET-02 Fan-out distributor, NET-03 Flow centrality (PageRank)","VEL-01, BEH-02, NET-01, NET-02, NET-03",weekly transaction count = 8 (contribution +2.89) [VEL-01 fired] | distinct receivers (28d) = 29 (contribution +0.07) [NET-02 fired],2778.34,8.0,New,test
ALT-W20-19994,20,140,19994,LOW,99.126,Strong,4,13,Velocity anomaly,VEL-01 High absolute velocity,"BEH-02 New-counterparty burst, AML-01 Rapid pass-through, NET-01 Fan-in collector, NET-02 Fan-out distributor","VEL-01, BEH-02, AML-01, NET-01, NET-02",weekly transaction count = 8 (contribution +2.89) [VEL-01 fired] | distinct receivers (28d) = 28 (contribution +0.07) [NET-02 fired],2517.04,8.0,New,test
ALT-W20-19993,20,140,19993,LOW,99.113,Strong,3,13,Velocity anomaly,VEL-01 High absolute velocity,"BEH-02 New-counterparty burst, NET-02 Fan-out distributor, NET-03 Flow centrality (PageRank)","VEL-01, BEH-02, NET-02, NET-03",weekly transaction count = 8 (contribution +2.89) [VEL-01 fired] | distinct receivers (28d) = 28 (contribution +0.07) [NET-02 fired],2722.6499999999996,8.0,New,test
ALT-W20-15767,20,140,15767,LOW,99.054,Limited,2,1,Velocity anomaly,VEL-01 High absolute velocity,BEH-01 Velocity spike vs own baseline,"VEL-01, BEH-01",weekly transaction count = 6 (contribution +2.33) [VEL-01 fired] | velocity vs own history = 4 (contribution +0.38) [BEH-01 fired] | distinct receivers (28d) = 5 (contribution +0.03),1063.8899999999999,6.0,New,test
ALT-W20-15087,20,140,15087,LOW,99.026,Limited,2,1,Velocity anomaly,VEL-01 High absolute velocity,BEH-01 Velocity spike vs own baseline,"VEL-01, BEH-01",weekly transaction count = 6 (contribution +2.33) [VEL-01 fired] | velocity vs own history = 3.92 (contribution +0.37) [BEH-01 fired] | distinct receivers (28d) = 3 (contribution +0.01),687.04,6.0,New,test
ALT-W21-19999,21,147,19999,CRITICAL,99.962,Strong,3,14,Velocity anomaly,VEL-01 High absolute velocity,"BEH-02 New-counterparty burst, NET-01 Fan-in collector, NET-02 Fan-out distributor, NET-03 Flow centrality (PageRank)","VEL-01, BEH-02, NET-01, NET-02, NET-03",weekly transaction count = 28 (contribution +5.50) [VEL-01 fired] | distinct receivers (28d) = 56 (contribution +0.09) [NET-02 fired] | velocity vs own history = 1.423 (contribution +0.00),8839.740000000002,28.0,New,test
ALT-W21-19998,21,147,19998,HIGH,99.846,Strong,4,14,Velocity anomaly,VEL-01 High absolute velocity,"BEH-02 New-counterparty burst, AML-01 Rapid pass-through, NET-01 Fan-in collector, NET-02 Fan-out distributor, NET-03 Flow centrality (PageRank)","VEL-01, BEH-02, AML-01, NET-01, NET-02, NET-03",weekly transaction count = 20 (contribution +4.78) [VEL-01 fired] | distinct receivers (28d) = 57 (contribution +0.09) [NET-02 fired],5411.81,20.0,New,test
ALT-W21-19993,21,147,19993,MEDIUM,99.65,Strong,3,14,Velocity anomaly,VEL-01 High absolute velocity,"BEH-02 New-counterparty burst, NET-02 Fan-out distributor, NET-03 Flow centrality (PageRank)","VEL-01, BEH-02, NET-02, NET-03",weekly transaction count = 12 (contribution +3.71) [VEL-01 fired] | distinct receivers (28d) = 28 (contribution +0.07) [NET-02 fired],3322.5199999999995,12.0,New,test
ALT-W21-19997,21,147,19997,MEDIUM,99.645,Strong,4,14,Velocity anomaly,VEL-01 High absolute velocity,"BEH-02 New-counterparty burst, AML-01 Rapid pass-through, NET-01 Fan-in collector, NET-02 Fan-out distributor, NET-03 Flow centrality (PageRank)","VEL-01, BEH-02, AML-01, NET-01, NET-02, NET-03",weekly transaction count = 12 (contribution +3.71) [VEL-01 fired] | distinct receivers (28d) = 29 (contribution +0.07) [NET-02 fired],2980.9,12.0,New,test
ALT-W21-19983,21,147,19983,LOW,99.387,Strong,3,14,Velocity anomaly,VEL-01 High absolute velocity,"BEH-02 New-counterparty burst, NET-01 Fan-in collector, NET-02 Fan-out distributor, NET-03 Flow centrality (PageRank)","VEL-01, BEH-02, NET-01, NET-02, NET-03",weekly transaction count = 9 (contribution +3.13) [VEL-01 fired] | distinct receivers (28d) = 28 (contribution +0.07) [NET-02 fired],3005.3099999999995,9.0,New,test
ALT-W21-19967,21,147,19967,LOW,99.25,Strong,2,3,Velocity anomaly,VEL-01 High absolute velocity,"NET-01 Fan-in collector, NET-03 Flow centrality (PageRank)","VEL-01, NET-01, NET-03",weekly transaction count = 8 (contribution +2.89) [VEL-01 fired] | velocity vs own history = 1.773 (contribution +0.07),1321.6299999999999,8.0,New,test
ALT-W21-19982,21,147,19982,LOW,99.15,Strong,3,14,Velocity anomaly,VEL-01 High absolute velocity,"BEH-02 New-counterparty burst, NET-01 Fan-in collector, NET-02 Fan-out distributor, NET-03 Flow centrality (PageRank)","VEL-01, BEH-02, NET-01, NET-02, NET-03",weekly transaction count = 8 (contribution +2.89) [VEL-01 fired] | distinct receivers (28d) = 28 (contribution +0.07) [NET-02 fired],2421.0000000000005,8.0,New,test
ALT-W21-19989,21,147,19989,LOW,99.145,Strong,3,13,Velocity anomaly,VEL-01 High absolute velocity,"BEH-02 New-counterparty burst, NET-02 Fan-out distributor","VEL-01, BEH-02, NET-02",weekly transaction count = 8 (contribution +2.89) [VEL-01 fired] | distinct receivers (28d) = 28 (contribution +0.07) [NET-02 fired],2746.68,8.0,New,test
ALT-W21-19995,21,147,19995,LOW,99.145,Strong,4,14,Velocity anomaly,VEL-01 High absolute velocity,"BEH-02 New-counterparty burst, AML-01 Rapid pass-through, NET-01 Fan-in collector, NET-02 Fan-out distributor, NET-03 Flow centrality (PageRank)","VEL-01, BEH-02, AML-01, NET-01, NET-02, NET-03",weekly transaction count = 8 (contribution +2.89) [VEL-01 fired] | distinct receivers (28d) = 28 (contribution +0.07) [NET-02 fired],2104.5299999999997,8.0,New,test
ALT-W21-19992,21,147,19992,LOW,99.14,Strong,3,16,Velocity anomaly,VEL-01 High absolute velocity,"BEH-02 New-counterparty burst, NET-02 Fan-out distributor, NET-03 Flow centrality (PageRank)","VEL-01, BEH-02, NET-02, NET-03",weekly transaction count = 8 (contribution +2.89) [VEL-01 fired] | distinct receivers (28d) = 28 (contribution +0.07) [NET-02 fired],2771.59,8.0,New,test
ALT-W21-19990,21,147,19990,LOW,99.137,Strong,3,14,Velocity anomaly,VEL-01 High absolute velocity,"BEH-02 New-counterparty burst, NET-02 Fan-out distributor","VEL-01, BEH-02, NET-02",weekly transaction count = 8 (contribution +2.89) [VEL-01 fired] | distinct receivers (28d) = 28 (contribution +0.07) [NET-02 fired],2056.69,8.0,New,test
ALT-W21-19996,21,147,19996,LOW,99.135,Strong,4,14,Velocity anomaly,VEL-01 High absolute velocity,"BEH-02 New-counterparty burst, AML-01 Rapid pass-through, NET-01 Fan-in collector, NET-02 Fan-out distributor, NET-03 Flow centrality (PageRank)","VEL-01, BEH-02, AML-01, NET-01, NET-02, NET-03",weekly transaction count = 8 (contribution +2.89) [VEL-01 fired] | distinct receivers (28d) = 28 (contribution +0.07) [NET-02 fired],1846.17,8.0,New,test
